episode,return,moving_avg,loss_prev,avg_entropy,steps,eval_avg_return
1,11.000000,11.000000,-0.305655,0.366401,11,10.000000
2,10.000000,10.900000,-0.153560,0.335621,10,
3,13.000000,11.110000,-0.141620,0.267382,13,
4,12.000000,11.199000,-0.053061,0.317998,12,
5,11.000000,11.179100,-0.187961,0.342356,11,
6,11.000000,11.161190,-0.189058,0.346407,11,
7,11.000000,11.145071,-0.190282,0.351099,11,
8,11.000000,11.130564,-0.215552,0.324706,11,
9,10.000000,11.017508,-0.162906,0.351215,10,
10,11.000000,11.015757,-0.193670,0.366682,11,10.000000
11,12.000000,11.114181,0.087969,0.313011,12,
12,11.000000,11.102763,-0.211259,0.353588,11,
13,14.000000,11.392487,0.247740,0.303979,14,
14,11.000000,11.353238,-0.208600,0.374137,11,
15,10.000000,11.217914,-0.181989,0.400012,10,
16,13.000000,11.396123,0.155866,0.328530,13,
17,11.000000,11.356511,-0.216659,0.440337,11,
18,10.000000,11.220859,-0.224112,0.431875,10,
19,12.000000,11.298774,-0.114748,0.410716,12,
20,11.000000,11.268896,-0.155603,0.441192,11,10.000000
21,11.000000,11.242007,-0.351621,0.474014,11,
22,10.000000,11.117806,-0.221118,0.465310,10,
23,10.000000,11.006025,-0.203117,0.469460,10,
24,12.000000,11.105423,-0.231984,0.475088,12,
25,12.000000,11.194880,-0.090711,0.457197,12,
26,11.000000,11.175392,-0.315937,0.483037,11,
27,12.000000,11.257853,-0.085682,0.463622,12,
28,18.000000,11.932068,0.241259,0.394044,18,
29,16.000000,12.338861,0.203453,0.396729,16,
30,10.000000,12.104975,-0.218136,0.498682,10,10.000000
31,11.000000,11.994477,-0.217918,0.512260,11,
32,16.000000,12.395030,0.010619,0.446513,16,
33,16.000000,12.755527,-0.056335,0.467558,16,
34,17.000000,13.179974,0.076070,0.447458,17,
35,13.000000,13.161977,0.021089,0.490880,13,
36,13.000000,13.145779,-0.049785,0.517701,13,
37,14.000000,13.231201,0.058679,0.516448,14,
38,14.000000,13.308081,-0.117551,0.552690,14,
39,14.000000,13.377273,-0.139306,0.570244,14,
40,12.000000,13.239546,-0.137593,0.570935,12,11.000000
41,19.000000,13.815591,-0.009893,0.526115,19,
42,12.000000,13.634032,-0.143428,0.587023,12,
43,16.000000,13.870629,0.005238,0.562845,16,
44,11.000000,13.583566,-0.197816,0.614477,11,
45,16.000000,13.825209,0.009579,0.576987,16,
46,16.000000,14.042688,-0.024471,0.591365,16,
47,12.000000,13.838420,-0.144495,0.625577,12,
48,14.000000,13.854578,-0.036213,0.601708,14,
49,11.000000,13.569120,-0.170033,0.635240,11,
50,19.000000,14.112208,-0.030381,0.607235,19,11.000000
51,11.000000,13.800987,-0.165568,0.638997,11,
52,12.000000,13.620888,-0.133341,0.631093,12,
53,12.000000,13.458800,-0.116885,0.631402,12,
54,12.000000,13.312920,-0.162038,0.640905,12,
55,19.000000,13.881628,-0.024236,0.605638,19,
56,14.000000,13.893465,-0.053199,0.617967,14,
57,20.000000,14.504118,0.051618,0.580408,20,
58,17.000000,14.753707,-0.016994,0.603170,17,
59,28.000000,16.078336,0.071413,0.566870,28,
60,13.000000,15.770502,-0.124258,0.635182,13,11.000000
61,14.000000,15.593452,0.019689,0.592842,14,
62,14.000000,15.434107,0.004278,0.597889,14,
63,18.000000,15.690696,-0.032467,0.623588,18,
64,24.000000,16.521627,0.042308,0.600009,24,
65,25.000000,17.369464,0.084425,0.583531,25,
66,23.000000,17.932518,0.060732,0.602521,23,
67,22.000000,18.339266,0.002165,0.628146,22,
68,24.000000,18.905339,0.017828,0.625989,24,
69,13.000000,18.314805,-0.034178,0.643898,13,
70,17.000000,18.183325,-0.059190,0.658575,17,13.000000
71,19.000000,18.264992,-0.034365,0.665645,19,
72,22.000000,18.638493,-0.060951,0.666223,22,
73,19.000000,18.674644,-0.028543,0.671497,19,
74,21.000000,18.907179,-0.018487,0.669393,21,
75,14.000000,18.416461,-0.074684,0.676354,14,
76,18.000000,18.374815,-0.044415,0.680588,18,
77,18.000000,18.337334,-0.032806,0.676475,18,
78,12.000000,17.703600,-0.066054,0.679779,12,
79,13.000000,17.233240,-0.110549,0.681470,13,
80,24.000000,17.909916,0.009577,0.663314,24,15.000000
81,15.000000,17.618925,-0.051108,0.679715,15,
82,17.000000,17.557032,-0.020111,0.670113,17,
83,47.000000,20.501329,0.029783,0.648696,47,
84,25.000000,20.951196,0.025983,0.649888,25,
85,25.000000,21.356076,0.025947,0.646796,25,
86,16.000000,20.820469,-0.052129,0.671814,16,
87,20.000000,20.738422,-0.016986,0.663270,20,
88,9.000000,19.564580,0.073392,0.515414,9,
89,19.000000,19.508122,-0.037489,0.679317,19,
90,15.000000,19.057310,-0.067380,0.684078,15,16.000000
91,15.000000,18.651579,-0.068129,0.674906,15,
92,29.000000,19.686421,-0.014756,0.672377,29,
93,13.000000,19.017779,-0.047925,0.682788,13,
94,42.000000,21.316001,-0.003166,0.660484,42,
95,40.000000,23.184401,-0.003712,0.665898,40,
96,15.000000,22.365961,-0.012377,0.675665,15,
97,41.000000,24.229365,0.008999,0.668198,41,
98,21.000000,23.906428,-0.030944,0.685996,21,
99,17.000000,23.215785,-0.036170,0.685950,17,
100,25.000000,23.394207,-0.006409,0.678770,25,19.000000
101,24.000000,23.454786,-0.019005,0.681484,24,
102,21.000000,23.209308,-0.034031,0.681876,21,
103,15.000000,22.388377,-0.033435,0.684802,15,
104,29.000000,23.049539,-0.010386,0.679193,29,
105,28.000000,23.544585,-0.016348,0.657878,28,
106,23.000000,23.490127,-0.026928,0.678567,23,
107,22.000000,23.341114,-0.015410,0.682642,22,
108,10.000000,22.007003,0.246152,0.556647,10,
109,15.000000,21.306302,-0.017615,0.685584,15,
110,21.000000,21.275672,-0.005301,0.679003,21,22.000000
111,22.000000,21.348105,-0.011776,0.685681,22,
112,16.000000,20.813294,-0.024601,0.682791,16,
113,31.000000,21.831965,0.005644,0.678079,31,
114,51.000000,24.748768,0.005015,0.647125,51,
115,19.000000,24.173892,0.002229,0.620452,19,
116,43.000000,26.056502,0.005051,0.676128,43,
117,29.000000,26.350852,-0.010751,0.681880,29,
118,70.000000,30.715767,0.005802,0.675929,70,
119,15.000000,29.144190,0.052115,0.602695,15,
120,38.000000,30.029771,0.030595,0.658028,38,27.000000
121,22.000000,29.226794,-0.009778,0.686125,22,
122,32.000000,29.504115,-0.030999,0.676298,32,
123,17.000000,28.253703,-0.003468,0.621925,17,
124,23.000000,27.728333,-0.011651,0.683557,23,
125,18.000000,26.755500,-0.006429,0.686271,18,
126,16.000000,25.679950,-0.012065,0.639640,16,
127,43.000000,27.411955,-0.028172,0.663630,43,
128,30.000000,27.670759,-0.008587,0.687351,30,
129,32.000000,28.103683,-0.022077,0.683798,32,
130,28.000000,28.093315,-0.005374,0.690164,28,35.000000
131,14.000000,26.683983,-0.074473,0.681408,14,
132,50.000000,29.015585,-0.027731,0.665000,50,
133,26.000000,28.714027,-0.065006,0.680384,26,
134,56.000000,31.442624,-0.040013,0.677432,56,
135,24.000000,30.698362,0.000736,0.652142,24,
136,47.000000,32.328525,0.012779,0.661710,47,
137,61.000000,35.195673,0.000864,0.678539,61,
138,37.000000,35.376106,-0.009794,0.682598,37,
139,15.000000,33.338495,0.045972,0.619755,15,
140,25.000000,32.504646,-0.004060,0.685243,25,35.000000
141,49.000000,34.154181,0.014455,0.662773,49,
142,42.000000,34.938763,-0.009743,0.688586,42,
143,23.000000,33.744887,-0.046075,0.684039,23,
144,14.000000,31.770398,0.020290,0.628215,14,
145,12.000000,29.793358,0.060858,0.606634,12,
146,37.000000,30.514022,-0.012270,0.681422,37,
147,43.000000,31.762620,0.017962,0.657927,43,
148,21.000000,30.686358,-0.067457,0.676745,21,
149,24.000000,30.017722,-0.013507,0.684818,24,
150,13.000000,28.315950,-0.023879,0.671935,13,81.000000
151,31.000000,28.584355,0.006111,0.684406,31,
152,51.000000,30.825920,0.003715,0.684207,51,
153,23.000000,30.043328,0.004119,0.657130,23,
154,31.000000,30.138995,0.004221,0.658587,31,
155,23.000000,29.425095,0.036100,0.653717,23,
156,56.000000,32.082586,0.005486,0.680571,56,
157,22.000000,31.074327,0.018939,0.656916,22,
158,55.000000,33.466895,0.000417,0.677014,55,
159,20.000000,32.120205,-0.029716,0.656174,20,
160,38.000000,32.708185,-0.037468,0.671437,38,62.000000
161,18.000000,31.237366,-0.014941,0.674872,18,
162,27.000000,30.813629,-0.011483,0.685589,27,
163,19.000000,29.632267,-0.124225,0.636959,19,
164,63.000000,32.969040,-0.019404,0.670414,63,
165,16.000000,31.272136,-0.086363,0.678514,16,
166,43.000000,32.444922,0.003434,0.682478,43,
167,27.000000,31.900430,-0.010177,0.679010,27,
168,16.000000,30.310387,-0.021593,0.679940,16,
169,31.000000,30.379348,-0.007017,0.657830,31,
170,77.000000,35.041414,0.011828,0.670066,77,35.000000
171,93.000000,40.837272,0.004638,0.678576,93,
172,60.000000,42.753545,0.010678,0.668094,60,
173,46.000000,43.078190,-0.019900,0.678144,46,
174,30.000000,41.770371,-0.073119,0.679254,30,
175,69.000000,44.493334,0.012583,0.667257,69,
176,17.000000,41.744001,-0.174068,0.652175,17,
177,22.000000,39.769601,-0.047578,0.682381,22,
178,36.000000,39.392641,0.002117,0.682770,36,
179,17.000000,37.153377,-0.080006,0.672318,17,
180,29.000000,36.338039,-0.072184,0.665731,29,47.000000
181,83.000000,41.004235,-0.000132,0.682001,83,
182,14.000000,38.303812,0.115571,0.619584,14,
183,47.000000,39.173430,0.006808,0.670667,47,
184,25.000000,37.756087,-0.037378,0.681479,25,
185,17.000000,35.680479,-0.062692,0.671578,17,
186,107.000000,42.812431,-0.064822,0.657617,107,
187,29.000000,41.431188,-0.038180,0.667091,29,
188,24.000000,39.688069,0.024375,0.676532,24,
189,18.000000,37.519262,-0.118872,0.652311,18,
190,44.000000,38.167336,0.002856,0.679470,44,97.000000
191,73.000000,41.650602,0.005681,0.680226,73,
192,18.000000,39.285542,-0.103656,0.674924,18,
193,39.000000,39.256988,0.000430,0.686859,39,
194,35.000000,38.831289,-0.015970,0.686120,35,
195,53.000000,40.248160,-0.010122,0.660889,53,
196,34.000000,39.623344,-0.029746,0.676602,34,
197,18.000000,37.461010,0.029361,0.672299,18,
198,34.000000,37.114909,-0.007289,0.686473,34,
199,47.000000,38.103418,-0.002565,0.665529,47,
200,75.000000,41.793076,-0.009662,0.676129,75,50.000000
201,22.000000,39.813768,-0.030151,0.679391,22,
202,23.000000,38.132392,0.018648,0.676818,23,
203,31.000000,37.419152,-0.003731,0.682972,31,
204,32.000000,36.877237,-0.050747,0.684309,32,
205,33.000000,36.489513,-0.001454,0.676708,33,
206,37.000000,36.540562,-0.024336,0.681527,37,
207,32.000000,36.086506,-0.015424,0.681829,32,
208,15.000000,33.977855,0.061054,0.668464,15,
209,30.000000,33.580070,-0.023535,0.675845,30,
210,17.000000,31.922063,-0.045222,0.674178,17,43.000000
211,20.000000,30.729857,0.008738,0.680161,20,
212,33.000000,30.956871,0.019920,0.656562,33,
213,26.000000,30.461184,0.029159,0.670748,26,
214,16.000000,29.015065,-0.183961,0.598463,16,
215,26.000000,28.713559,-0.050342,0.672698,26,
216,49.000000,30.742203,-0.021442,0.684473,49,
217,49.000000,32.567983,-0.005408,0.649657,49,
218,49.000000,34.211184,-0.002834,0.680892,49,
219,21.000000,32.890066,-0.058522,0.683428,21,
220,24.000000,32.001059,-0.005699,0.684320,24,35.000000
221,31.000000,31.900953,0.015358,0.660716,31,
222,50.000000,33.710858,-0.000455,0.674235,50,
223,32.000000,33.539772,-0.049783,0.677678,32,
224,33.000000,33.485795,0.033284,0.654867,33,
225,11.000000,31.237216,0.366039,0.566955,11,
226,71.000000,35.213494,-0.023271,0.643711,71,
227,28.000000,34.492145,-0.008714,0.643398,28,
228,30.000000,34.042930,0.014175,0.659796,30,
229,66.000000,37.238637,-0.012969,0.676612,66,
230,74.000000,40.914773,0.013689,0.666238,74,89.000000
231,26.000000,39.423296,-0.083999,0.670097,26,
232,85.000000,43.980966,-0.012846,0.680049,85,
233,22.000000,41.782870,-0.025100,0.646663,22,
234,115.000000,49.104583,-0.013538,0.672677,115,
235,37.000000,47.894125,0.005859,0.674001,37,
236,28.000000,45.904712,0.025441,0.673285,28,
237,78.000000,49.114241,0.006064,0.676430,78,
238,54.000000,49.602817,0.001373,0.678660,54,
239,10.000000,45.642535,-0.031212,0.634063,10,
240,47.000000,45.778282,0.004477,0.675980,47,81.000000
241,28.000000,44.000453,-0.040206,0.679944,28,
242,58.000000,45.400408,0.027688,0.656094,58,
243,13.000000,42.160367,0.026978,0.651939,13,
244,18.000000,39.744331,0.017250,0.643382,18,
245,22.000000,37.969898,-0.147146,0.676476,22,
246,14.000000,35.572908,0.041850,0.654468,14,
247,56.000000,37.615617,0.020997,0.666549,56,
248,70.000000,40.854055,-0.012328,0.671562,70,
249,22.000000,38.968650,-0.131170,0.666745,22,
250,33.000000,38.371785,-0.035874,0.661541,33,136.000000
251,11.000000,35.634606,0.139379,0.631497,11,
252,60.000000,38.071146,-0.004011,0.676689,60,
253,30.000000,37.264031,0.013501,0.663646,30,
254,61.000000,39.637628,-0.013833,0.674101,61,
255,63.000000,41.973865,0.012245,0.680970,63,
256,62.000000,43.976479,-0.042377,0.660113,62,
257,21.000000,41.678831,-0.130331,0.662049,21,
258,20.000000,39.510948,0.072255,0.657085,20,
259,76.000000,43.159853,-0.019643,0.673697,76,
260,17.000000,40.543868,0.081293,0.638950,17,112.000000
261,22.000000,38.689481,-0.080186,0.655662,22,
262,76.000000,42.420533,-0.050504,0.653497,76,
263,30.000000,41.178480,-0.087002,0.676422,30,
264,37.000000,40.760632,-0.025738,0.658554,37,
265,20.000000,38.684568,-0.020980,0.672551,20,
266,127.000000,47.516112,-0.001363,0.658482,127,
267,17.000000,44.464500,-0.040689,0.671107,17,
268,13.000000,41.318050,-0.046283,0.670141,13,
269,40.000000,41.186245,-0.008315,0.687217,40,
270,25.000000,39.567621,-0.015864,0.671482,25,44.000000
271,33.000000,38.910859,-0.104292,0.618700,33,
272,83.000000,43.319773,-0.003713,0.647696,83,
273,54.000000,44.387796,0.000856,0.645151,54,
274,40.000000,43.949016,-0.094397,0.613808,40,
275,25.000000,42.054114,0.008176,0.674850,25,
276,24.000000,40.248703,-0.058939,0.663033,24,
277,11.000000,37.323833,-0.137322,0.672467,11,
278,13.000000,34.891449,-0.156397,0.671414,13,
279,18.000000,33.202304,-0.049793,0.669109,18,
280,38.000000,33.682074,0.027703,0.633685,38,36.000000
281,19.000000,32.213867,0.019942,0.672302,19,
282,22.000000,31.192480,-0.008495,0.678086,22,
283,21.000000,30.173232,0.026486,0.655152,21,
284,21.000000,29.255909,0.115423,0.599718,21,
285,26.000000,28.930318,0.022556,0.647903,26,
286,20.000000,28.037286,0.003930,0.651183,20,
287,27.000000,27.933557,-0.021340,0.674433,27,
288,20.000000,27.140202,-0.024340,0.677518,20,
289,39.000000,28.326182,-0.029089,0.667382,39,
290,13.000000,26.793563,-0.193446,0.671117,13,45.000000
291,12.000000,25.314207,-0.108551,0.669614,12,
292,53.000000,28.082786,0.007639,0.632974,53,
293,21.000000,27.374508,-0.001470,0.672043,21,
294,15.000000,26.137057,0.055309,0.597667,15,
295,25.000000,26.023351,-0.016286,0.669428,25,
296,15.000000,24.921016,-0.111045,0.666601,15,
297,63.000000,28.728915,-0.040972,0.673583,63,
298,27.000000,28.556023,0.002595,0.656760,27,
299,52.000000,30.900421,-0.061000,0.658171,52,
300,32.000000,31.010379,-0.042933,0.667671,32,89.000000
1,11.000000,11.000000,-0.279647,0.345371,11,10.000000
2,11.000000,11.000000,-0.116945,0.323720,11,
3,11.000000,11.000000,-0.476968,0.358708,11,
4,10.000000,10.900000,-0.158789,0.346149,10,
5,12.000000,11.010000,-0.488232,0.310601,12,
6,10.000000,10.909000,-0.233382,0.340292,10,
7,11.000000,10.918100,-0.263793,0.327983,11,
8,11.000000,10.926290,-0.108316,0.303994,11,
9,11.000000,10.933661,-0.154170,0.317980,11,
10,12.000000,11.040295,-0.053804,0.262154,12,10.000000
11,10.000000,10.936265,-0.146447,0.324245,10,
12,11.000000,10.942639,-0.476151,0.306011,11,
13,11.000000,10.948375,-0.211649,0.283846,11,
14,10.000000,10.853537,-0.143829,0.319661,10,
15,11.000000,10.868184,-0.102247,0.290401,11,
16,11.000000,10.881365,-0.151434,0.308715,11,
17,10.000000,10.793229,-0.143923,0.319519,10,
18,10.000000,10.713906,-0.235389,0.321858,10,
19,11.000000,10.742515,-0.185149,0.330142,11,
20,12.000000,10.868264,-0.004289,0.276434,12,10.000000
21,11.000000,10.881437,-0.256640,0.310985,11,
22,11.000000,10.893294,-0.294612,0.340339,11,
23,13.000000,11.103964,-0.121142,0.281979,13,
24,11.000000,11.093568,-0.312095,0.354682,11,
25,11.000000,11.084211,-0.312278,0.354336,11,
26,11.000000,11.075790,-0.269198,0.315646,11,
27,11.000000,11.068211,-0.256485,0.311419,11,
28,11.000000,11.061390,-0.308267,0.334617,11,
29,10.000000,10.955251,-0.146070,0.322080,10,
30,13.000000,11.159726,-0.296086,0.248165,13,10.000000
31,10.000000,11.043753,-0.236265,0.314875,10,
32,11.000000,11.039378,-0.317395,0.316794,11,
33,10.000000,10.935440,-0.136996,0.305372,10,
34,13.000000,11.141896,-0.381157,0.226356,13,
35,11.000000,11.127706,-0.557257,0.300944,11,
36,11.000000,11.114936,-0.332256,0.291749,11,
37,10.000000,11.003442,-0.241801,0.280437,10,
38,10.000000,10.903098,-0.115594,0.273275,10,
39,10.000000,10.812788,-0.244597,0.268248,10,
40,10.000000,10.731509,-0.245844,0.263641,10,10.000000
41,10.000000,10.658358,-0.103812,0.259401,10,
42,11.000000,10.692523,-0.169321,0.253108,11,
43,10.000000,10.623270,-0.099141,0.254534,10,
44,11.000000,10.660943,-0.296319,0.215021,11,
45,12.000000,10.794849,-0.046042,0.183789,12,
46,10.000000,10.715364,-0.095568,0.250906,10,
47,11.000000,10.743828,-0.195634,0.262524,11,
48,11.000000,10.769445,-0.309655,0.228145,11,
49,10.000000,10.692500,-0.095135,0.250518,10,
50,10.000000,10.623250,-0.095411,0.250677,10,10.000000
51,11.000000,10.660925,-0.060747,0.210389,11,
52,10.000000,10.594833,-0.098286,0.253350,10,
53,10.000000,10.535350,-0.100722,0.255796,10,
54,10.000000,10.481815,-0.103758,0.259010,10,
55,12.000000,10.633633,-0.138103,0.215311,12,
56,10.000000,10.570270,-0.110688,0.266855,10,
57,10.000000,10.513243,-0.114529,0.271524,10,
58,10.000000,10.461919,-0.242244,0.276985,10,
1,13.000000,13.000000,0.128866,0.268341,13,10.000000
2,11.000000,12.800000,-0.451923,0.355287,11,
3,10.000000,12.520000,-0.231334,0.360618,10,
4,10.000000,12.268000,-0.167685,0.364772,10,
5,11.000000,12.141200,-0.167534,0.366186,11,
6,12.000000,12.127080,-0.051049,0.347247,12,
7,11.000000,12.014372,-0.212428,0.400552,11,
8,12.000000,12.012935,-0.120132,0.366117,12,
9,12.000000,12.011641,-0.239708,0.356683,12,
10,11.000000,11.910477,-0.261668,0.400787,11,10.000000
11,12.000000,11.919429,-0.037397,0.352768,12,
12,12.000000,11.927487,-0.065977,0.379281,12,
13,11.000000,11.834738,-0.277985,0.428847,11,
14,11.000000,11.751264,-0.356544,0.396463,11,
15,11.000000,11.676138,-0.201767,0.425634,11,
16,11.000000,11.608524,-0.215823,0.434260,11,
17,12.000000,11.647672,-0.230878,0.386698,12,
18,12.000000,11.682904,-0.179550,0.378050,12,
19,11.000000,11.614614,-0.255624,0.421472,11,
20,11.000000,11.553153,-0.233791,0.409099,11,10.000000
21,13.000000,11.697837,0.071511,0.332392,13,
22,14.000000,11.928054,-0.021421,0.363761,14,
23,10.000000,11.735248,-0.227242,0.416750,10,
24,12.000000,11.761723,-0.244655,0.410210,12,
25,12.000000,11.785551,0.028740,0.374056,12,
26,13.000000,11.906996,-0.263363,0.389750,13,
27,11.000000,11.816296,-0.347655,0.409022,11,
28,11.000000,11.734667,-0.238861,0.423863,11,
29,11.000000,11.661200,-0.267478,0.433794,11,
30,11.000000,11.595080,-0.144905,0.404977,11,10.000000
31,12.000000,11.635572,-0.110133,0.411155,12,
32,12.000000,11.672015,-0.171865,0.409390,12,
33,15.000000,12.004813,0.358315,0.332400,15,
34,12.000000,12.004332,-0.242831,0.416511,12,
35,11.000000,11.903899,-0.239360,0.425687,11,
36,15.000000,12.213509,0.215835,0.329389,15,
37,12.000000,12.192158,-0.140720,0.432190,12,
38,13.000000,12.272942,-0.417184,0.419515,13,
39,10.000000,12.045648,-0.197747,0.448610,10,
40,11.000000,11.941083,-0.202295,0.442122,11,10.000000
41,11.000000,11.846975,-0.206124,0.466703,11,
42,11.000000,11.762277,-0.217989,0.474802,11,
43,11.000000,11.686050,-0.218138,0.477125,11,
44,12.000000,11.717445,-0.191136,0.444678,12,
45,10.000000,11.545700,-0.223914,0.463288,10,
46,11.000000,11.491130,-0.246786,0.476935,11,
47,13.000000,11.642017,0.006292,0.412865,13,
48,11.000000,11.577815,-0.160807,0.459360,11,
49,11.000000,11.520034,-0.211152,0.462477,11,
50,10.000000,11.368031,-0.204711,0.471898,10,10.000000
51,14.000000,11.631227,-0.060927,0.431656,14,
52,11.000000,11.568105,-0.226005,0.481592,11,
53,12.000000,11.611294,-0.115586,0.455277,12,
54,14.000000,11.850165,-0.065835,0.438051,14,
55,12.000000,11.865148,-0.208308,0.471098,12,
56,12.000000,11.878634,0.092739,0.432148,12,
57,13.000000,11.990770,-0.167726,0.482969,13,
58,11.000000,11.891693,-0.169943,0.489340,11,
59,10.000000,11.702524,-0.211745,0.498268,10,
60,11.000000,11.632271,-0.219924,0.508350,11,10.000000
61,15.000000,11.969044,0.061179,0.447857,15,
62,11.000000,11.872140,-0.220603,0.525662,11,
63,12.000000,11.884926,-0.160498,0.511570,12,
64,11.000000,11.796433,-0.215875,0.525283,11,
65,15.000000,12.116790,-0.076362,0.479523,15,
66,13.000000,12.205111,-0.149255,0.522317,13,
67,13.000000,12.284600,0.036680,0.482510,13,
68,15.000000,12.556140,-0.204592,0.502907,15,
69,12.000000,12.500526,-0.264510,0.532830,12,
70,17.000000,12.950473,0.118922,0.448610,17,10.000000
71,13.000000,12.955426,0.101942,0.486870,13,
72,14.000000,13.059883,-0.139749,0.530730,14,
73,10.000000,12.753895,-0.219018,0.548893,10,
74,15.000000,12.978506,0.001863,0.501855,15,
75,14.000000,13.080655,-0.054497,0.525766,14,
76,15.000000,13.272589,-0.048930,0.528902,15,
77,11.000000,13.045331,-0.183772,0.567286,11,
78,11.000000,12.840797,-0.212501,0.581583,11,
79,15.000000,13.056718,-0.069078,0.550290,15,
80,13.000000,13.051046,-0.122395,0.570503,13,11.000000
81,14.000000,13.145941,-0.143367,0.566866,14,
82,11.000000,12.931347,-0.207509,0.590566,11,
83,16.000000,13.238213,-0.034279,0.536422,16,
84,17.000000,13.614391,0.042091,0.526846,17,
85,14.000000,13.652952,0.047105,0.541339,14,
86,14.000000,13.687657,-0.112132,0.571020,14,
87,11.000000,13.418891,-0.209411,0.601492,11,
88,11.000000,13.177002,-0.193193,0.602239,11,
89,19.000000,13.759302,-0.021103,0.542818,19,
90,14.000000,13.783372,0.015517,0.564605,14,11.000000
91,20.000000,14.405035,0.090618,0.532821,20,
92,17.000000,14.664531,0.031227,0.566534,17,
93,21.000000,15.298078,0.023524,0.555929,21,
94,13.000000,15.068270,-0.155944,0.625595,13,
95,12.000000,14.761443,-0.168642,0.628918,12,
96,14.000000,14.685299,-0.071690,0.608382,14,
97,12.000000,14.416769,-0.161263,0.628613,12,
98,10.000000,13.975092,-0.208617,0.626495,10,
99,20.000000,14.577583,0.123827,0.546363,20,
100,17.000000,14.819825,-0.076455,0.623882,17,11.000000
101,20.000000,15.337842,0.023054,0.586356,20,
102,14.000000,15.204058,-0.096157,0.636163,14,
103,20.000000,15.683652,0.016861,0.611247,20,
104,14.000000,15.515287,-0.115976,0.654866,14,
105,17.000000,15.663758,-0.027075,0.629629,17,
106,13.000000,15.397382,-0.180224,0.659407,13,
107,19.000000,15.757644,-0.063371,0.645484,19,
1,11.000000,11.000000,-0.438778,0.315628,11,10.000000
2,13.000000,11.200000,-0.051961,0.297675,13,
3,10.000000,11.080000,-0.157379,0.343123,10,
4,11.000000,11.072000,-0.159432,0.336316,11,
5,11.000000,11.064800,-0.260872,0.336790,11,
6,11.000000,11.058320,-0.441193,0.325947,11,
7,12.000000,11.152488,-0.059453,0.327754,12,
8,11.000000,11.137239,-0.187978,0.347458,11,
9,13.000000,11.323515,-0.092271,0.291957,13,
10,11.000000,11.291164,-0.206976,0.358744,11,10.000000
11,11.000000,11.262047,-0.429454,0.307880,11,
12,10.000000,11.135843,-0.154112,0.338348,10,
13,10.000000,11.022258,-0.153720,0.337603,10,
14,11.000000,11.020033,-0.187342,0.345128,11,
15,10.000000,10.918029,-0.154290,0.338380,10,
16,11.000000,10.926226,-0.474621,0.336640,11,
17,10.000000,10.833604,-0.233509,0.338628,10,
18,12.000000,10.950243,-0.121794,0.295623,12,
19,12.000000,11.055219,-0.056360,0.323295,12,
20,12.000000,11.149697,0.112460,0.291222,12,10.000000
21,12.000000,11.234727,-0.194095,0.282591,12,
22,11.000000,11.211255,-0.207386,0.363399,11,
23,11.000000,11.190129,-0.207615,0.366397,11,
24,12.000000,11.271116,-0.108775,0.322136,12,
25,11.000000,11.244005,-0.285963,0.361792,11,
26,11.000000,11.219604,-0.161786,0.349861,11,
27,11.000000,11.197644,-0.119875,0.335575,11,
28,11.000000,11.177879,-0.163388,0.355846,11,
29,11.000000,11.160091,-0.281517,0.373175,11,
30,10.000000,11.044082,-0.231047,0.366221,10,10.000000
31,11.000000,11.039674,-0.271874,0.368073,11,
32,10.000000,10.935707,-0.168445,0.368661,10,
33,11.000000,10.942136,-0.210509,0.389619,11,
34,11.000000,10.947922,-0.243992,0.359283,11,
35,11.000000,10.953130,-0.269977,0.373734,11,
36,11.000000,10.957817,-0.211148,0.392278,11,
37,13.000000,11.162035,-0.031305,0.333217,13,
38,11.000000,11.145832,-0.254565,0.363770,11,
39,10.000000,11.031249,-0.230168,0.375632,10,
40,11.000000,11.028124,-0.284618,0.387509,11,10.000000
41,11.000000,11.025311,-0.212093,0.395601,11,
42,11.000000,11.022780,-0.291845,0.395544,11,
43,10.000000,10.920502,-0.230169,0.374707,10,
44,11.000000,10.928452,-0.128819,0.354224,11,
45,10.000000,10.835607,-0.230238,0.373459,10,
46,10.000000,10.752046,-0.172116,0.373212,10,
47,11.000000,10.776842,-0.195981,0.384403,11,
48,13.000000,10.999157,-0.163030,0.339752,13,
49,11.000000,10.999242,-0.364330,0.348787,11,
50,11.000000,10.999317,-0.196401,0.385440,11,10.000000
51,11.000000,10.999386,-0.406223,0.349404,11,
52,12.000000,11.099447,-0.020010,0.317979,12,
1,11.000000,11.000000,-0.305655,0.366401,11,10.000000
2,10.000000,10.900000,-0.153560,0.335621,10,
3,13.000000,11.110000,-0.141620,0.267382,13,
4,12.000000,11.199000,-0.053061,0.317998,12,
5,11.000000,11.179100,-0.187961,0.342356,11,
6,11.000000,11.161190,-0.189058,0.346407,11,
7,11.000000,11.145071,-0.190282,0.351099,11,
8,11.000000,11.130564,-0.215552,0.324706,11,
9,10.000000,11.017508,-0.162906,0.351215,10,
10,11.000000,11.015757,-0.193670,0.366682,11,10.000000
11,12.000000,11.114181,0.087969,0.313011,12,
12,11.000000,11.102763,-0.211259,0.353588,11,
13,14.000000,11.392487,0.247740,0.303979,14,
14,11.000000,11.353238,-0.208600,0.374137,11,
15,10.000000,11.217914,-0.181989,0.400012,10,
16,13.000000,11.396123,0.155866,0.328530,13,
17,11.000000,11.356511,-0.216659,0.440337,11,
18,10.000000,11.220859,-0.224112,0.431875,10,
19,12.000000,11.298774,-0.114748,0.410716,12,
20,11.000000,11.268896,-0.155603,0.441192,11,10.000000
21,11.000000,11.242007,-0.351621,0.474014,11,
22,10.000000,11.117806,-0.221118,0.465310,10,
23,10.000000,11.006025,-0.203117,0.469460,10,
24,12.000000,11.105423,-0.231984,0.475088,12,
25,12.000000,11.194880,-0.090711,0.457197,12,
26,11.000000,11.175392,-0.315937,0.483037,11,
27,12.000000,11.257853,-0.085682,0.463622,12,
28,18.000000,11.932068,0.241259,0.394044,18,
29,16.000000,12.338861,0.203453,0.396729,16,
30,10.000000,12.104975,-0.218136,0.498682,10,10.000000
31,11.000000,11.994477,-0.217918,0.512260,11,
32,16.000000,12.395030,0.010619,0.446513,16,
33,16.000000,12.755527,-0.056335,0.467558,16,
34,17.000000,13.179974,0.076070,0.447458,17,
35,13.000000,13.161977,0.021089,0.490880,13,
36,13.000000,13.145779,-0.049785,0.517701,13,
37,14.000000,13.231201,0.058679,0.516448,14,
38,14.000000,13.308081,-0.117551,0.552690,14,
39,14.000000,13.377273,-0.139306,0.570244,14,
40,12.000000,13.239546,-0.137593,0.570935,12,11.000000
41,19.000000,13.815591,-0.009893,0.526115,19,
42,12.000000,13.634032,-0.143428,0.587023,12,
43,16.000000,13.870629,0.005238,0.562845,16,
44,11.000000,13.583566,-0.197816,0.614477,11,
45,16.000000,13.825209,0.009579,0.576987,16,
46,16.000000,14.042688,-0.024471,0.591365,16,
1,11.000000,11.000000,-0.116937,0.323661,11,10.000000
2,10.000000,10.900000,-0.162042,0.352073,10,
3,12.000000,11.010000,-0.153290,0.337832,12,
4,12.000000,11.109000,-0.288950,0.335640,12,
5,11.000000,11.098100,-0.245189,0.355364,11,
6,11.000000,11.088290,-0.211508,0.390895,11,
7,10.000000,10.979461,-0.171629,0.374435,10,
8,10.000000,10.881515,-0.173220,0.378399,10,
9,11.000000,10.893363,-0.197014,0.393665,11,
10,13.000000,11.104027,-0.205049,0.335839,13,10.000000
11,11.000000,11.093624,-0.285168,0.410606,11,
12,13.000000,11.284262,-0.128465,0.347117,13,
13,13.000000,11.455836,-0.070624,0.344277,13,
14,13.000000,11.610252,-0.173696,0.368186,13,
15,12.000000,11.649227,-0.435618,0.366677,12,
16,11.000000,11.584304,-0.244601,0.397623,11,
17,10.000000,11.425874,-0.227848,0.396262,10,
18,12.000000,11.483286,-0.107780,0.364634,12,
19,10.000000,11.334958,-0.228129,0.393275,10,
20,10.000000,11.201462,-0.179065,0.392173,10,10.000000
21,11.000000,11.181316,-0.201703,0.367704,11,
22,11.000000,11.163184,-0.270142,0.403089,11,
23,12.000000,11.246866,-0.232946,0.363781,12,
24,11.000000,11.222179,-0.198486,0.399857,11,
25,14.000000,11.499961,0.116469,0.325918,14,
26,12.000000,11.549965,-0.057473,0.364130,12,
27,11.000000,11.494969,-0.249350,0.386475,11,
28,10.000000,11.345472,-0.180687,0.396499,10,
29,11.000000,11.310925,-0.622442,0.379967,11,
30,11.000000,11.279832,-0.199712,0.409366,11,10.000000
31,13.000000,11.451849,0.026290,0.329163,13,
32,11.000000,11.406664,-0.369793,0.378043,11,
33,10.000000,11.265998,-0.180267,0.395709,10,
34,13.000000,11.439398,-0.107531,0.328055,13,
35,11.000000,11.395458,-0.269240,0.406175,11,
36,11.000000,11.355912,-0.396179,0.386313,11,
37,11.000000,11.320321,-0.213420,0.410391,11,
38,12.000000,11.388289,-0.252974,0.351787,12,
39,10.000000,11.249460,-0.229091,0.384545,10,
40,12.000000,11.324514,-0.185049,0.333906,12,10.000000
41,13.000000,11.492063,-0.139335,0.339241,13,
42,13.000000,11.642856,0.043734,0.317734,13,
43,10.000000,11.478571,-0.230056,0.374210,10,
44,10.000000,11.330714,-0.230148,0.373509,10,
45,12.000000,11.397642,-0.044987,0.339674,12,
46,10.000000,11.257878,-0.230244,0.373237,10,
47,10.000000,11.132090,-0.170891,0.373547,10,
48,10.000000,11.018881,-0.171326,0.374758,10,
49,10.000000,10.916993,-0.172126,0.376778,10,
50,11.000000,10.925294,-0.253156,0.369041,11,10.000000
51,11.000000,10.932764,-0.249530,0.378708,11,
52,12.000000,11.039488,-0.088643,0.373229,12,
53,10.000000,10.935539,-0.229469,0.384563,10,
54,11.000000,10.941985,-0.240356,0.376208,11,
55,12.000000,11.047787,0.053880,0.343502,12,
56,11.000000,11.043008,-0.271168,0.401639,11,
57,11.000000,11.038707,-0.197608,0.403920,11,
58,11.000000,11.034837,-0.269585,0.406356,11,
59,11.000000,11.031353,-0.372211,0.376611,11,
60,10.000000,10.928218,-0.179709,0.395872,10,10.000000
61,15.000000,11.335396,-0.105294,0.302095,15,
62,11.000000,11.301856,-0.213224,0.415176,11,
63,11.000000,11.271671,-0.277148,0.407750,11,
64,10.000000,11.144504,-0.179396,0.395239,10,
65,12.000000,11.230053,0.059561,0.339473,12,
66,14.000000,11.507048,-0.301798,0.313665,14,
67,12.000000,11.556343,-0.148787,0.360683,12,
68,13.000000,11.700709,-0.094988,0.348229,13,
69,10.000000,11.530638,-0.228548,0.399065,10,
70,11.000000,11.477574,-0.173695,0.398366,11,10.000000
71,12.000000,11.529817,-0.247532,0.365720,12,
72,11.000000,11.476835,-0.406804,0.403533,11,
73,12.000000,11.529152,-0.097510,0.389847,12,
74,11.000000,11.476236,-0.212708,0.416158,11,
75,12.000000,11.528613,-0.130359,0.383962,12,
76,10.000000,11.375751,-0.228766,0.396491,10,
77,10.000000,11.238176,-0.228781,0.396334,10,
78,12.000000,11.314359,-0.096308,0.387806,12,
79,11.000000,11.282923,-0.387340,0.387818,11,
80,10.000000,11.154631,-0.228820,0.395961,10,10.000000
81,12.000000,11.239167,-0.168190,0.381227,12,
82,11.000000,11.215251,-0.212400,0.412994,11,
83,10.000000,11.093726,-0.177963,0.393202,10,
84,12.000000,11.184353,-0.095010,0.385116,12,
85,12.000000,11.265918,-0.048762,0.356884,12,
86,13.000000,11.439326,-0.161157,0.366472,13,
87,12.000000,11.495393,-0.143700,0.353078,12,
88,11.000000,11.445854,-0.222518,0.382945,11,
89,10.000000,11.301269,-0.228244,0.403828,10,
90,11.000000,11.271142,-0.378599,0.397159,11,10.000000
91,11.000000,11.244028,-0.199108,0.414985,11,
92,10.000000,11.119625,-0.228286,0.403251,10,
93,10.000000,11.007662,-0.228341,0.402493,10,
94,14.000000,11.306896,0.335978,0.322881,14,
95,10.000000,11.176207,-0.184604,0.408325,10,
96,11.000000,11.158586,-0.269738,0.427510,11,
97,11.000000,11.142727,-0.215720,0.439461,11,
98,10.000000,11.028455,-0.226681,0.425606,10,
99,11.000000,11.025609,-0.251323,0.436174,11,
100,11.000000,11.023048,-0.182952,0.435554,11,10.000000
101,11.000000,11.020743,-0.347913,0.422963,11,
102,11.000000,11.018669,-0.377348,0.451841,11,
103,10.000000,10.916802,-0.195208,0.438164,10,
104,11.000000,10.925122,-0.216484,0.425828,11,
105,11.000000,10.932610,-0.236997,0.435614,11,
106,12.000000,11.039349,-0.251952,0.425758,12,
107,14.000000,11.335414,-0.475359,0.381657,14,
108,11.000000,11.301872,-0.149464,0.419590,11,
109,14.000000,11.571685,-0.005108,0.356414,14,
110,12.000000,11.614517,0.192597,0.368293,12,10.000000
111,13.000000,11.753065,-0.065501,0.400036,13,
112,12.000000,11.777759,-0.097958,0.395520,12,
113,10.000000,11.599983,-0.225995,0.433975,10,
114,13.000000,11.739984,-0.142234,0.412576,13,
115,11.000000,11.665986,-0.216996,0.457374,11,
116,13.000000,11.799387,0.092516,0.366078,13,
117,10.000000,11.619449,-0.225146,0.445332,10,
118,15.000000,11.957504,-0.154042,0.382719,15,
119,11.000000,11.861753,-0.217941,0.469636,11,
120,13.000000,11.975578,-0.070420,0.407394,13,10.000000
121,11.000000,11.878020,-0.195212,0.443042,11,
122,13.000000,11.990218,-0.161723,0.418245,13,
123,12.000000,11.991196,-0.211517,0.448139,12,
124,13.000000,12.092077,-0.074444,0.421977,13,
125,12.000000,12.082869,0.108143,0.408197,12,
126,11.000000,11.974582,-0.250504,0.481024,11,
127,12.000000,11.977124,-0.145555,0.445380,12,
128,10.000000,11.779412,-0.205225,0.472856,10,
129,11.000000,11.701470,-0.237778,0.483988,11,
130,11.000000,11.631323,-0.193418,0.466443,11,10.000000
131,13.000000,11.768191,-0.144741,0.457623,13,
132,12.000000,11.791372,-0.141842,0.478298,12,
133,13.000000,11.912235,0.182963,0.427923,13,
134,15.000000,12.221011,-0.103388,0.423114,15,
135,13.000000,12.298910,-0.195178,0.465542,13,
136,12.000000,12.269019,-0.139662,0.468969,12,
137,11.000000,12.142117,-0.231197,0.507315,11,
138,12.000000,12.127905,0.018168,0.447028,12,
139,11.000000,12.015115,-0.215001,0.506213,11,
140,10.000000,11.813603,-0.212364,0.505549,10,10.000000
141,13.000000,11.932243,-0.124455,0.495638,13,
142,13.000000,12.039019,-0.060005,0.485364,13,
143,11.000000,11.935117,-0.283407,0.517569,11,
144,11.000000,11.841605,-0.282409,0.518850,11,
145,18.000000,12.457445,0.085259,0.430132,18,
146,11.000000,12.311700,-0.279729,0.513469,11,
147,11.000000,12.180530,-0.280092,0.513006,11,
148,14.000000,12.362477,-0.081660,0.471564,14,
149,14.000000,12.526229,-0.050816,0.478314,14,
150,12.000000,12.473607,-0.106394,0.496067,12,10.000000
151,14.000000,12.626246,-0.052343,0.463771,14,
152,13.000000,12.663621,-0.005378,0.469213,13,
153,14.000000,12.797259,-0.074271,0.491323,14,
154,12.000000,12.717533,-0.096177,0.494979,12,
155,14.000000,12.845780,-0.116474,0.499024,14,
156,14.000000,12.961202,-0.105336,0.503314,14,
157,10.000000,12.665082,-0.217186,0.526759,10,
158,13.000000,12.698574,-0.041722,0.500852,13,
159,13.000000,12.728716,-0.141263,0.529534,13,
160,10.000000,12.455845,-0.215521,0.536022,10,10.000000
161,13.000000,12.510260,0.094402,0.490560,13,
162,11.000000,12.359234,-0.258027,0.549769,11,
163,13.000000,12.423311,-0.116820,0.532851,13,
164,14.000000,12.580980,-0.246707,0.517943,14,
165,14.000000,12.722882,-0.006448,0.514661,14,
166,12.000000,12.650594,-0.068619,0.527473,12,
167,14.000000,12.785534,-0.101481,0.537803,14,
168,13.000000,12.806981,-0.051369,0.525298,13,
169,15.000000,13.026283,-0.089165,0.534262,15,
170,13.000000,13.023654,-0.256470,0.561657,13,10.000000
171,13.000000,13.021289,-0.142380,0.565209,13,
172,21.000000,13.819160,0.166346,0.468814,21,
173,10.000000,13.437244,-0.215328,0.566561,10,
174,14.000000,13.493520,0.036574,0.528503,14,
175,16.000000,13.744168,-0.041311,0.541516,16,
176,13.000000,13.669751,-0.055141,0.546908,13,
177,14.000000,13.702776,-0.023169,0.543535,14,
178,11.000000,13.432498,-0.182884,0.586441,11,
179,16.000000,13.689248,0.031431,0.540393,16,
180,12.000000,13.520324,-0.155925,0.592195,12,11.000000
181,12.000000,13.368291,-0.157733,0.599021,12,
182,12.000000,13.231462,-0.174016,0.609214,12,
183,15.000000,13.408316,-0.131204,0.581199,15,
184,14.000000,13.467484,0.022506,0.564742,14,
185,16.000000,13.720736,0.051010,0.559409,16,
186,12.000000,13.548662,-0.199463,0.617991,12,
187,17.000000,13.893796,0.049962,0.564144,17,
188,14.000000,13.904416,-0.191732,0.609965,14,
189,14.000000,13.913975,-0.129235,0.616469,14,
190,11.000000,13.622577,-0.173237,0.623553,11,11.000000
191,18.000000,14.060320,0.034174,0.572243,18,
192,14.000000,14.054288,-0.002911,0.591016,14,
193,21.000000,14.748859,0.070658,0.564370,21,
194,24.000000,15.673973,0.033243,0.570179,24,
195,17.000000,15.806576,-0.026344,0.603646,17,
196,11.000000,15.325918,-0.164656,0.636291,11,
197,18.000000,15.593326,-0.034167,0.611272,18,
198,25.000000,16.533994,0.011676,0.595994,25,
199,18.000000,16.680594,0.068262,0.584321,18,
200,11.000000,16.112535,-0.172164,0.649652,11,11.000000
201,13.000000,15.801281,-0.117196,0.651904,13,
202,13.000000,15.521153,-0.121445,0.655082,13,
203,16.000000,15.569038,-0.014100,0.630212,16,
204,17.000000,15.712134,-0.065066,0.647311,17,
205,17.000000,15.840921,0.019148,0.620014,17,
206,25.000000,16.756829,-0.004142,0.631317,25,
207,23.000000,17.381146,-0.060568,0.644018,23,
208,14.000000,17.043031,-0.096477,0.667080,14,
209,21.000000,17.438728,-0.014101,0.643567,21,
210,22.000000,17.894855,-0.077485,0.650762,22,13.000000
211,26.000000,18.705370,-0.009118,0.639450,26,
212,13.000000,18.134833,-0.078896,0.662307,13,
213,15.000000,17.821349,-0.040926,0.652926,15,
214,13.000000,17.339215,-0.109792,0.671543,13,
215,15.000000,17.105293,-0.087257,0.668979,15,
216,17.000000,17.094764,-0.037122,0.640715,17,
217,28.000000,18.185287,0.013376,0.634556,28,
218,16.000000,17.966759,-0.057317,0.658430,16,
219,32.000000,19.370083,0.015270,0.629303,32,
220,14.000000,18.833075,-0.094639,0.668825,14,12.000000
221,38.000000,20.749767,0.068729,0.593480,38,
222,20.000000,20.674790,-0.015210,0.648626,20,
223,17.000000,20.307311,-0.064805,0.665776,17,
224,24.000000,20.676580,0.058091,0.607228,24,
225,10.000000,19.608922,0.395735,0.418174,10,
226,35.000000,21.148030,0.006369,0.644363,35,
227,18.000000,20.833227,-0.015932,0.650370,18,
228,31.000000,21.849904,0.004955,0.656449,31,
229,19.000000,21.564914,-0.046808,0.681839,19,
230,14.000000,20.808422,-0.081684,0.684685,14,18.000000
231,26.000000,21.327580,0.024464,0.660666,26,
232,19.000000,21.094822,-0.051590,0.665164,19,
233,28.000000,21.785340,-0.013683,0.683028,28,
234,40.000000,23.606806,0.000764,0.668754,40,
235,26.000000,23.846125,-0.012531,0.688092,26,
236,54.000000,26.861513,0.013077,0.673669,54,
237,20.000000,26.175362,-0.010849,0.687051,20,
238,43.000000,27.857825,-0.005291,0.689630,43,
239,45.000000,29.572043,-0.009467,0.684805,45,
240,26.000000,29.214839,-0.030965,0.683500,26,70.000000
241,28.000000,29.093355,-0.075715,0.679972,28,
242,68.000000,32.984019,-0.016060,0.672905,68,
243,18.000000,31.485617,-0.137599,0.662385,18,
244,25.000000,30.837056,-0.017746,0.680884,25,
245,19.000000,29.653350,-0.009061,0.677569,19,
246,24.000000,29.088015,0.016156,0.681301,24,
247,27.000000,28.879214,-0.049269,0.685528,27,
248,18.000000,27.791292,0.017894,0.678110,18,
249,93.000000,34.312163,-0.034558,0.668267,93,
250,44.000000,35.280947,0.001011,0.683629,44,33.000000
251,23.000000,34.052852,-0.029127,0.687994,23,
252,17.000000,32.347567,-0.050440,0.682053,17,
253,22.000000,31.312810,-0.005726,0.686697,22,
254,26.000000,30.781529,-0.040874,0.676041,26,
255,17.000000,29.403376,-0.040003,0.677777,17,
256,17.000000,28.163039,-0.024882,0.683838,17,
257,17.000000,27.046735,-0.098314,0.675256,17,
258,24.000000,26.742061,-0.023832,0.687156,24,
259,51.000000,29.167855,0.020222,0.653498,51,
260,24.000000,28.651070,-0.024679,0.599693,24,22.000000
261,63.000000,32.085963,0.007547,0.660793,63,
262,13.000000,30.177366,-0.066188,0.678505,13,
263,25.000000,29.659630,-0.017182,0.681049,25,
264,11.000000,27.793667,-0.132936,0.674518,11,
265,22.000000,27.214300,-0.024148,0.685194,22,
266,27.000000,27.192870,-0.020097,0.670495,27,
267,30.000000,27.473583,-0.025195,0.677492,30,
268,26.000000,27.326225,-0.009152,0.676354,26,
269,19.000000,26.493602,-0.025724,0.682070,19,
270,34.000000,27.244242,-0.013773,0.672040,34,18.000000
271,16.000000,26.119818,-0.054344,0.667836,16,
272,18.000000,25.307836,-0.041272,0.685271,18,
273,15.000000,24.277052,-0.035550,0.666534,15,
274,20.000000,23.849347,-0.012662,0.676214,20,
275,28.000000,24.264412,-0.008668,0.668363,28,
276,40.000000,25.837971,0.011545,0.664459,40,
277,26.000000,25.854174,0.007018,0.649002,26,
278,19.000000,25.168757,-0.012984,0.658581,19,
279,27.000000,25.351881,-0.011828,0.674555,27,
280,25.000000,25.316693,0.009784,0.669598,25,21.000000
281,24.000000,25.185024,-0.016393,0.672531,24,
282,21.000000,24.766521,-0.041841,0.685394,21,
283,20.000000,24.289869,-0.061253,0.673917,20,
284,22.000000,24.060882,-0.021740,0.676126,22,
285,37.000000,25.354794,-0.010221,0.678296,37,
286,32.000000,26.019315,-0.007023,0.680536,32,
287,12.000000,24.617383,-0.013573,0.668532,12,
288,35.000000,25.655645,-0.043225,0.661779,35,
289,22.000000,25.290080,-0.049617,0.682828,22,
290,31.000000,25.861072,-0.038201,0.686475,31,42.000000
291,42.000000,27.474965,0.013547,0.677699,42,
292,16.000000,26.327469,-0.222199,0.635131,16,
293,21.000000,25.794722,-0.078119,0.678167,21,
294,84.000000,31.615250,0.006169,0.675419,84,
295,57.000000,34.153725,-0.004368,0.671353,57,
296,16.000000,32.338352,0.131123,0.616936,16,
297,14.000000,30.504517,0.109675,0.617969,14,
298,53.000000,32.754065,-0.024597,0.683359,53,
299,10.000000,30.478659,0.171908,0.620761,10,
300,74.000000,34.830793,-0.008844,0.674748,74,101.000000
1,11.000000,11.000000,-0.208587,0.366401,11,10.000000
2,12.000000,11.100000,-0.121253,0.330161,12,
3,11.000000,11.090000,-0.190650,0.354045,11,
4,11.000000,11.081000,-0.163279,0.345599,11,
5,14.000000,11.372900,0.255367,0.269814,14,
6,11.000000,11.335610,-0.195221,0.378851,11,
7,11.000000,11.302049,-0.361972,0.351429,11,
8,12.000000,11.371844,-0.040292,0.343429,12,
9,10.000000,11.234660,-0.176856,0.388187,10,
10,12.000000,11.311194,0.090359,0.352079,12,10.000000
11,11.000000,11.280074,-0.139426,0.388973,11,
12,11.000000,11.252067,-0.178594,0.414644,11,
13,10.000000,11.126860,-0.188455,0.423636,10,
14,11.000000,11.114174,-0.238804,0.430791,11,
15,12.000000,11.202757,-0.078348,0.419518,12,
16,13.000000,11.382481,-0.094314,0.395334,13,
17,11.000000,11.344233,-0.243122,0.465015,11,
18,11.000000,11.309810,-0.325535,0.462253,11,
19,11.000000,11.278829,-0.240889,0.472778,11,
20,17.000000,11.850946,0.274779,0.363437,17,10.000000
21,12.000000,11.865851,-0.204137,0.453479,12,
22,12.000000,11.879266,-0.150716,0.464674,12,
23,19.000000,12.591340,0.062538,0.374947,19,
24,10.000000,12.332206,-0.204988,0.485746,10,
25,12.000000,12.298985,-0.195520,0.488891,12,
26,10.000000,12.069087,-0.207116,0.496228,10,
27,12.000000,12.062178,-0.177877,0.504078,12,
28,12.000000,12.055960,-0.026188,0.469507,12,
29,10.000000,11.850364,-0.210051,0.510735,10,
30,11.000000,11.765328,-0.187406,0.510134,11,10.000000
31,18.000000,12.388795,0.007853,0.430326,18,
32,13.000000,12.449915,-0.321342,0.519641,13,
33,12.000000,12.404924,-0.040714,0.495300,12,
34,12.000000,12.364431,-0.042423,0.498385,12,
35,11.000000,12.227988,-0.228233,0.547193,11,
36,11.000000,12.105189,-0.217652,0.545395,11,
37,13.000000,12.194671,-0.305307,0.524214,13,
38,10.000000,11.975203,-0.214321,0.535092,10,
39,13.000000,12.077683,-0.184383,0.524577,13,
40,13.000000,12.169915,-0.098895,0.513362,13,10.000000
41,17.000000,12.652923,0.069121,0.466706,17,
42,20.000000,13.387631,0.407563,0.433080,20,
43,12.000000,13.248868,-0.082074,0.508338,12,
44,14.000000,13.323981,-0.071861,0.511732,14,
45,12.000000,13.191583,-0.054061,0.519910,12,
46,13.000000,13.172425,-0.287399,0.553035,13,
47,13.000000,13.155182,-0.140407,0.540717,13,
48,17.000000,13.539664,0.163687,0.470571,17,
49,13.000000,13.485698,-0.177055,0.565299,13,
50,10.000000,13.137128,-0.205615,0.567621,10,10.000000
51,19.000000,13.723415,0.017213,0.511464,19,
52,12.000000,13.551074,-0.008263,0.537805,12,
53,15.000000,13.695966,-0.052124,0.552166,15,
54,20.000000,14.326370,0.075750,0.504362,20,
55,13.000000,14.193733,0.024013,0.553395,13,
56,15.000000,14.274359,0.043904,0.553778,15,
57,11.000000,13.946923,-0.172845,0.604199,11,
58,15.000000,14.052231,0.069817,0.557187,15,
59,25.000000,15.147008,0.131913,0.536672,25,
60,13.000000,14.932307,-0.129042,0.623459,13,11.000000
61,11.000000,14.539076,-0.191223,0.634843,11,
62,16.000000,14.685169,-0.101971,0.619486,16,
63,11.000000,14.316652,-0.186898,0.642407,11,
64,13.000000,14.184987,-0.088875,0.633269,13,
65,15.000000,14.266488,-0.026484,0.624103,15,
66,17.000000,14.539839,-0.044637,0.628485,17,
67,16.000000,14.685855,-0.103802,0.640471,16,
68,18.000000,15.017270,-0.084686,0.639496,18,
69,15.000000,15.015543,-0.078802,0.645648,15,
70,23.000000,15.813989,-0.006439,0.620130,23,11.000000
71,16.000000,15.832590,-0.082589,0.642738,16,
72,17.000000,15.949331,-0.024253,0.637247,17,
73,29.000000,17.254398,0.053136,0.602439,29,
74,25.000000,18.028958,0.003985,0.620137,25,
75,21.000000,18.326062,0.005894,0.625435,21,
76,12.000000,17.693456,-0.106562,0.653622,12,
77,16.000000,17.524110,-0.078711,0.649280,16,
78,22.000000,17.971699,-0.028907,0.634238,22,
79,32.000000,19.374529,0.021516,0.616613,32,
80,11.000000,18.537076,-0.144505,0.659301,11,12.000000
81,20.000000,18.683369,-0.088180,0.636632,20,
82,18.000000,18.615032,-0.026110,0.642290,18,
83,12.000000,17.953529,-0.153297,0.660763,12,
84,22.000000,18.358176,-0.034848,0.634861,22,
85,20.000000,18.522358,-0.038335,0.631897,20,
86,11.000000,17.770122,-0.147970,0.655291,11,
87,14.000000,17.393110,-0.077608,0.647528,14,
88,28.000000,18.453799,0.066262,0.595416,28,
89,23.000000,18.908419,-0.021881,0.621350,23,
90,15.000000,18.517577,-0.081252,0.647620,15,11.000000
91,28.000000,19.465820,0.079201,0.579107,28,
92,17.000000,19.219238,-0.044882,0.637259,17,
93,18.000000,19.097314,-0.058197,0.644929,18,
94,21.000000,19.287582,0.003840,0.623067,21,
95,10.000000,18.358824,-0.168561,0.651634,10,
96,12.000000,17.722942,-0.124880,0.656428,12,
97,15.000000,17.450648,-0.028605,0.636747,15,
98,13.000000,17.005583,-0.111071,0.657517,13,
99,21.000000,17.405025,0.007318,0.627554,21,
100,19.000000,17.564522,-0.036442,0.642218,19,11.000000
101,23.000000,18.108070,0.024276,0.623061,23,
102,21.000000,18.397263,-0.014418,0.637376,21,
103,17.000000,18.257537,0.026612,0.623257,17,
104,18.000000,18.231783,-0.012182,0.636560,18,
105,19.000000,18.308605,-0.048851,0.654016,19,
106,23.000000,18.777744,0.023109,0.633427,23,
107,22.000000,19.099970,0.020637,0.621778,22,
108,23.000000,19.489973,0.011285,0.641593,23,
109,14.000000,18.940976,-0.099522,0.675110,14,
110,12.000000,18.246878,-0.089115,0.675394,12,14.000000
111,12.000000,17.622190,-0.111377,0.668368,12,
112,11.000000,16.959971,-0.085005,0.673484,11,
113,21.000000,17.363974,0.026586,0.646555,21,
114,14.000000,17.027577,-0.097234,0.680388,14,
115,12.000000,16.524819,-0.121471,0.674059,12,
116,11.000000,15.972337,-0.123638,0.675151,11,
117,16.000000,15.975103,-0.044205,0.673634,16,
118,18.000000,16.177593,-0.027319,0.669564,18,
119,30.000000,17.559834,0.037477,0.642726,30,
120,17.000000,17.503850,-0.011655,0.663988,17,14.000000
121,17.000000,17.453465,-0.018251,0.665610,17,
122,43.000000,20.008119,0.034084,0.637024,43,
123,27.000000,20.707307,-0.013850,0.661165,27,
124,28.000000,21.436576,-0.029220,0.662028,28,
125,15.000000,20.792919,-0.093540,0.675322,15,
126,13.000000,20.013627,-0.084403,0.677700,13,
127,67.000000,24.712264,0.027336,0.619168,67,
128,16.000000,23.841038,-0.020320,0.658174,16,
129,29.000000,24.356934,0.020493,0.649988,29,
130,23.000000,24.221241,-0.007751,0.662287,23,15.000000
131,26.000000,24.399116,-0.014482,0.666276,26,
132,14.000000,23.359205,-0.081129,0.665215,14,
133,28.000000,23.823284,0.014686,0.584625,28,
134,19.000000,23.340956,-0.026990,0.676262,19,
135,17.000000,22.706860,-0.083490,0.677570,17,
136,53.000000,25.736174,0.002217,0.658685,53,
137,31.000000,26.262557,0.041288,0.639834,31,
138,37.000000,27.336301,0.030619,0.652824,37,
139,21.000000,26.702671,-0.038341,0.684927,21,
140,23.000000,26.332404,0.012275,0.659901,23,19.000000
141,17.000000,25.399164,-0.012404,0.677643,17,
142,39.000000,26.759247,0.008144,0.660082,39,
143,15.000000,25.583322,-0.028478,0.674521,15,
144,29.000000,25.924990,-0.048599,0.676622,29,
145,18.000000,25.132491,0.013664,0.668203,18,
146,38.000000,26.419242,-0.002525,0.685550,38,
147,84.000000,32.177318,-0.006898,0.677524,84,
148,21.000000,31.059586,0.000094,0.684306,21,
149,22.000000,30.153627,0.002653,0.684594,22,
150,19.000000,29.038265,-0.101912,0.685391,19,35.000000
151,30.000000,29.134438,0.001657,0.660022,30,
152,31.000000,29.320994,-0.025840,0.688580,31,
153,20.000000,28.388895,-0.006950,0.683606,20,
154,29.000000,28.450005,-0.059056,0.656066,29,
155,21.000000,27.705005,-0.020008,0.683772,21,
156,24.000000,27.334504,-0.012196,0.686170,24,
157,69.000000,31.501054,0.008147,0.677318,69,
158,19.000000,30.250949,0.001398,0.683239,19,
159,62.000000,33.425854,-0.001798,0.662760,62,
160,72.000000,37.283268,-0.005781,0.669133,72,32.000000
161,23.000000,35.854942,-0.053960,0.684250,23,
162,53.000000,37.569447,-0.028671,0.682403,53,
163,40.000000,37.812503,0.002606,0.681625,40,
164,14.000000,35.431252,0.049467,0.619351,14,
165,42.000000,36.088127,0.013282,0.663992,42,
166,17.000000,34.179314,-0.011270,0.678957,17,
167,23.000000,33.061383,0.005627,0.683341,23,
168,44.000000,34.155245,-0.018466,0.677513,44,
169,33.000000,34.039720,-0.024390,0.674661,33,
170,15.000000,32.135748,0.018465,0.615599,15,39.000000
171,57.000000,34.622173,-0.003670,0.668944,57,
172,60.000000,37.159956,-0.011892,0.677512,60,
173,15.000000,34.943960,0.009971,0.674358,15,
174,36.000000,35.049564,-0.002646,0.685921,36,
175,16.000000,33.144608,0.061537,0.632665,16,
176,21.000000,31.930147,-0.037655,0.670291,21,
177,43.000000,33.037132,0.002359,0.675346,43,
178,31.000000,32.833419,-0.002512,0.687598,31,
179,21.000000,31.650077,-0.034808,0.681121,21,
180,43.000000,32.785070,0.014139,0.669735,43,53.000000
181,50.000000,34.506563,-0.072011,0.671398,50,
182,31.000000,34.155906,-0.000830,0.668823,31,
183,16.000000,32.340316,-0.035448,0.634629,16,
184,16.000000,30.706284,0.039981,0.673720,16,
185,36.000000,31.235656,-0.026963,0.653913,36,
186,53.000000,33.412090,-0.000890,0.667643,53,
187,72.000000,37.270881,-0.006956,0.681919,72,
188,55.000000,39.043793,0.007814,0.679635,55,
189,16.000000,36.739414,0.067030,0.605338,16,
190,95.000000,42.565472,-0.007797,0.681036,95,34.000000
191,21.000000,40.408925,-0.198604,0.631934,21,
192,16.000000,37.968033,-0.044656,0.679761,16,
193,31.000000,37.271229,0.033516,0.658938,31,
194,32.000000,36.744106,-0.000133,0.678547,32,
195,25.000000,35.569696,-0.076054,0.681074,25,
196,41.000000,36.112726,0.031957,0.664035,41,
197,29.000000,35.401454,0.009880,0.663572,29,
198,14.000000,33.261308,0.019608,0.598719,14,
199,27.000000,32.635177,0.007396,0.682088,27,
200,35.000000,32.871660,-0.020486,0.644995,35,37.000000
201,22.000000,31.784494,-0.068214,0.677741,22,
202,12.000000,29.806044,0.226054,0.589927,12,
203,28.000000,29.625440,-0.016244,0.650475,28,
204,50.000000,31.662896,-0.017717,0.662814,50,
205,27.000000,31.196606,-0.000646,0.683645,27,
206,43.000000,32.376946,0.012429,0.664797,43,
207,10.000000,30.139251,0.198984,0.612398,10,
208,62.000000,33.325326,0.024199,0.667246,62,
209,24.000000,32.392793,-0.034031,0.669802,24,
210,45.000000,33.653514,0.024427,0.676277,45,87.000000
211,25.000000,32.788163,-0.001701,0.667695,25,
212,16.000000,31.109346,-0.004162,0.660064,16,
213,10.000000,28.998412,0.115574,0.650700,10,
214,12.000000,27.298571,-0.176820,0.664607,12,
215,18.000000,26.368714,0.051393,0.658458,18,
216,136.000000,37.331842,0.011658,0.675116,136,
217,11.000000,34.698658,0.034788,0.660495,11,
218,38.000000,35.028792,0.031628,0.658608,38,
219,26.000000,34.125913,0.041380,0.674061,26,
220,19.000000,32.613322,0.014824,0.677536,19,42.000000
221,34.000000,32.751989,-0.078263,0.681818,34,
222,15.000000,30.976791,0.018835,0.675053,15,
223,28.000000,30.679111,-0.001368,0.660007,28,
224,68.000000,34.411200,0.015916,0.674830,68,
225,46.000000,35.570080,0.013369,0.681274,46,
226,54.000000,37.413072,-0.003553,0.657836,54,
227,51.000000,38.771765,0.003261,0.668034,51,
228,18.000000,36.694589,-0.105795,0.679899,18,
229,21.000000,35.125130,0.017215,0.680694,21,
230,14.000000,33.012617,-0.046197,0.671343,14,49.000000
231,20.000000,31.711355,-0.062660,0.674035,20,
232,14.000000,29.940220,-0.052612,0.665083,14,
233,67.000000,33.646198,0.002925,0.681132,67,
234,25.000000,32.781578,-0.152646,0.668411,25,
235,28.000000,32.303420,-0.073588,0.667754,28,
236,29.000000,31.973078,-0.045565,0.668966,29,
237,37.000000,32.475770,-0.055008,0.682754,37,
238,15.000000,30.728193,0.049808,0.668161,15,
239,31.000000,30.755374,-0.031715,0.679869,31,
240,16.000000,29.279837,0.000006,0.675052,16,45.000000
241,14.000000,27.751853,-0.080842,0.675444,14,
242,19.000000,26.876668,-0.019849,0.611768,19,
243,77.000000,31.889001,-0.023608,0.664139,77,
244,53.000000,34.000101,0.002352,0.679123,53,
245,50.000000,35.600091,-0.016147,0.677523,50,
246,16.000000,33.640082,-0.011584,0.658670,16,
247,12.000000,31.476073,-0.018650,0.676946,12,
248,12.000000,29.528466,-0.105455,0.676166,12,
249,34.000000,29.975619,0.022263,0.660527,34,
250,25.000000,29.478058,0.026991,0.596857,25,20.000000
251,32.000000,29.730252,-0.007317,0.676929,32,
252,42.000000,30.957227,0.020619,0.657737,42,
253,19.000000,29.761504,-0.002408,0.669553,19,
254,27.000000,29.485354,-0.007025,0.669743,27,
255,13.000000,27.836818,-0.040084,0.676219,13,
256,11.000000,26.153136,-0.129480,0.673281,11,
257,22.000000,25.737823,-0.059546,0.671464,22,
258,25.000000,25.664040,0.006131,0.637402,25,
259,17.000000,24.797636,-0.022621,0.670418,17,
260,22.000000,24.517873,0.000855,0.656935,22,19.000000
261,15.000000,23.566085,0.226721,0.498752,15,
262,16.000000,22.809477,-0.023938,0.669679,16,
263,26.000000,23.128529,0.005117,0.667743,26,
264,38.000000,24.615676,-0.004881,0.676249,38,
265,20.000000,24.154109,-0.043950,0.685250,20,
266,17.000000,23.438698,-0.019944,0.671651,17,
267,24.000000,23.494828,-0.019458,0.683407,24,
268,24.000000,23.545345,0.005616,0.670521,24,
269,12.000000,22.390811,-0.137782,0.679163,12,
270,21.000000,22.251730,-0.048042,0.672806,21,23.000000
271,17.000000,21.726557,-0.090377,0.681798,17,
272,31.000000,22.653901,0.043042,0.652904,31,
273,16.000000,21.988511,-0.026910,0.673929,16,
274,27.000000,22.489660,0.000754,0.637150,27,
275,14.000000,21.640694,-0.062766,0.676112,14,
276,40.000000,23.476624,0.002946,0.659244,40,
277,26.000000,23.728962,-0.078057,0.683642,26,
278,13.000000,22.656066,-0.076582,0.674550,13,
279,19.000000,22.290459,0.000857,0.675255,19,
280,26.000000,22.661413,0.004989,0.668773,26,29.000000
281,18.000000,22.195272,-0.078168,0.682156,18,
282,21.000000,22.075745,-0.004139,0.671010,21,
283,31.000000,22.968170,-0.019164,0.677418,31,
284,26.000000,23.271353,-0.019846,0.681382,26,
285,38.000000,24.744218,-0.054512,0.674851,38,
286,13.000000,23.569796,-0.159444,0.677548,13,
287,21.000000,23.312817,-0.049797,0.679611,21,
288,22.000000,23.181535,0.004271,0.672740,22,
289,29.000000,23.763381,-0.009454,0.687219,29,
290,38.000000,25.187043,-0.010525,0.687295,38,42.000000
291,33.000000,25.968339,-0.015491,0.642476,33,
292,20.000000,25.371505,-0.055851,0.676991,20,
293,47.000000,27.534355,0.000791,0.662044,47,
294,106.000000,35.380919,0.000772,0.667641,106,
295,74.000000,39.242827,-0.009193,0.680816,74,
296,25.000000,37.818544,-0.012123,0.675480,25,
297,18.000000,35.836690,-0.046598,0.666969,18,
298,24.000000,34.653021,-0.004207,0.673085,24,
299,22.000000,33.387719,-0.027383,0.659737,22,
300,23.000000,32.348947,-0.092159,0.669742,23,106.000000
1,10.000000,10.000000,-0.067176,0.211344,10,10.000000
2,10.000000,10.000000,-0.293304,0.217860,10,
3,11.000000,10.100000,-0.167006,0.214392,11,
4,10.000000,10.090000,-0.293361,0.217323,10,
5,11.000000,10.181000,-0.206534,0.223684,11,
6,10.000000,10.162900,-0.068117,0.212904,10,
7,11.000000,10.246610,-0.363359,0.196313,11,
8,10.000000,10.221949,-0.066930,0.210023,10,
9,10.000000,10.199754,-0.066443,0.208887,10,
10,11.000000,10.279779,-0.042649,0.180317,11,10.000000
11,11.000000,10.351801,-0.338996,0.180712,11,
12,10.000000,10.316621,-0.066000,0.207817,10,
13,10.000000,10.284959,-0.065873,0.207377,10,
14,10.000000,10.256463,-0.065981,0.207529,10,
15,11.000000,10.330817,-0.393082,0.192199,11,
16,10.000000,10.297735,-0.299375,0.207389,10,
17,10.000000,10.267961,-0.300306,0.205961,10,
18,11.000000,10.341165,-0.397204,0.187654,11,
19,10.000000,10.307049,-0.303547,0.201474,10,
20,10.000000,10.276344,-0.062475,0.198660,10,10.000000
21,12.000000,10.448709,-0.140943,0.159343,12,
22,10.000000,10.403839,-0.060659,0.194548,10,
23,12.000000,10.563455,0.073909,0.178593,12,
24,10.000000,10.507109,-0.059779,0.192824,10,
25,11.000000,10.556398,-0.383849,0.175309,11,
26,10.000000,10.500758,-0.059255,0.192013,10,
27,10.000000,10.450683,-0.058991,0.191536,10,
28,11.000000,10.505614,-0.167957,0.185600,11,
29,10.000000,10.455053,-0.058822,0.191201,10,
30,11.000000,10.509548,-0.036367,0.162019,11,10.000000
31,10.000000,10.458593,-0.059106,0.191745,10,
32,10.000000,10.412734,-0.059450,0.192487,10,
33,10.000000,10.371460,-0.059919,0.193536,10,
34,12.000000,10.534314,-0.141127,0.157368,12,
35,11.000000,10.580883,-0.038146,0.166864,11,
36,12.000000,10.722794,-0.140847,0.160008,12,
37,10.000000,10.650515,-0.062014,0.198045,10,
38,10.000000,10.585464,-0.305346,0.199337,10,
39,10.000000,10.526917,-0.062794,0.199576,10,
40,10.000000,10.474225,-0.063135,0.200268,10,10.000000
41,10.000000,10.426803,-0.303544,0.201375,10,
42,11.000000,10.484123,-0.040491,0.172894,11,
43,10.000000,10.435710,-0.063963,0.202051,10,
44,11.000000,10.492139,-0.113137,0.186421,11,
45,10.000000,10.442925,-0.064772,0.203957,10,
46,10.000000,10.398633,-0.300508,0.205330,10,
47,11.000000,10.458770,-0.785295,0.201613,11,
48,10.000000,10.412893,-0.301701,0.203623,10,
49,10.000000,10.371603,-0.303355,0.201577,10,
50,10.000000,10.334443,-0.062766,0.199496,10,10.000000
51,10.000000,10.300999,-0.306549,0.198157,10,
52,10.000000,10.270899,-0.061123,0.196542,10,
53,10.000000,10.243809,-0.060464,0.195526,10,
54,11.000000,10.319428,-0.167587,0.189379,11,
55,11.000000,10.387485,-0.167576,0.188574,11,
56,12.000000,10.548737,-0.091339,0.156919,12,
57,11.000000,10.593863,-0.211286,0.199061,11,
58,10.000000,10.534477,-0.058408,0.192375,10,
59,10.000000,10.481029,-0.313507,0.192083,10,
60,11.000000,10.532926,-0.491432,0.196938,11,10.000000
61,11.000000,10.579634,-0.034727,0.159980,11,
62,11.000000,10.621670,-0.497131,0.193263,11,
63,10.000000,10.559503,-0.055299,0.185661,10,
64,10.000000,10.503553,-0.054525,0.183864,10,
65,10.000000,10.453198,-0.322080,0.182512,10,
66,10.000000,10.407878,-0.053188,0.180780,10,
67,11.000000,10.467090,-0.168522,0.171952,11,
68,10.000000,10.420381,-0.052086,0.178047,10,
69,10.000000,10.378343,-0.051718,0.177025,10,
70,10.000000,10.340509,-0.327414,0.176377,10,10.000000
71,10.000000,10.306458,-0.328382,0.175301,10,
72,11.000000,10.375812,-0.029236,0.143682,11,
73,10.000000,10.338231,-0.049965,0.172777,10,
74,10.000000,10.304408,-0.049656,0.172066,10,
75,10.000000,10.273967,-0.049498,0.171687,10,
76,10.000000,10.246570,-0.049477,0.171611,10,
77,12.000000,10.421913,0.092861,0.155191,12,
78,10.000000,10.379722,-0.049901,0.172959,10,
79,11.000000,10.441750,-0.216869,0.177929,11,
80,10.000000,10.397575,-0.050593,0.175203,10,10.000000
81,11.000000,10.457817,-0.216271,0.179975,11,
82,10.000000,10.412036,-0.051211,0.176733,10,
83,10.000000,10.370832,-0.051557,0.177460,10,
84,10.000000,10.333749,-0.051998,0.178448,10,
85,12.000000,10.500374,0.086220,0.163465,12,
86,10.000000,10.450337,-0.053266,0.182240,10,
87,10.000000,10.405303,-0.054083,0.185151,10,
88,10.000000,10.364773,-0.054980,0.188478,10,
89,10.000000,10.328295,-0.318174,0.192284,10,
90,10.000000,10.295466,-0.056493,0.193773,10,10.000000
91,10.000000,10.265919,-0.057131,0.195714,10,
92,10.000000,10.239327,-0.057872,0.198110,10,
93,11.000000,10.315395,-0.036291,0.172059,11,
94,10.000000,10.283855,-0.059648,0.204363,10,
95,10.000000,10.255470,-0.060696,0.208335,10,
96,10.000000,10.229923,-0.061867,0.212976,10,
97,13.000000,10.506930,0.174102,0.165086,13,
98,10.000000,10.456237,-0.300459,0.225722,10,
99,10.000000,10.410614,-0.298408,0.230620,10,
100,10.000000,10.369552,-0.066407,0.233226,10,10.000000
101,10.000000,10.332597,-0.067126,0.236397,10,
102,11.000000,10.399337,-0.110127,0.224522,11,
103,11.000000,10.459404,-0.323269,0.216701,11,
104,10.000000,10.413463,-0.069110,0.242960,10,
105,11.000000,10.472117,-0.045783,0.217029,11,
106,10.000000,10.424905,-0.291376,0.244668,10,
107,12.000000,10.582415,0.442149,0.209627,12,
108,10.000000,10.524173,-0.071319,0.250816,10,
109,10.000000,10.471756,-0.287194,0.257529,10,
110,10.000000,10.424580,-0.285734,0.262831,10,10.000000
111,10.000000,10.382122,-0.073513,0.266789,10,
112,10.000000,10.343910,-0.074016,0.270903,10,
113,10.000000,10.309519,-0.074669,0.275135,10,
114,12.000000,10.478567,-0.061114,0.257937,12,
115,11.000000,10.530710,-0.561611,0.249755,11,
116,10.000000,10.477639,-0.075847,0.285600,10,
117,11.000000,10.529875,-0.051162,0.262352,11,
118,10.000000,10.476888,-0.075905,0.288320,10,
119,10.000000,10.429199,-0.076209,0.290077,10,
120,14.000000,10.786279,0.197508,0.216266,14,10.000000
121,11.000000,10.807651,-0.342849,0.283378,11,
122,10.000000,10.726886,-0.276127,0.299716,10,
123,12.000000,10.854198,-0.335800,0.260364,12,
124,10.000000,10.768778,-0.077196,0.300006,10,
125,12.000000,10.891900,0.024707,0.286672,12,
126,10.000000,10.802710,-0.077106,0.300348,10,
127,10.000000,10.722439,-0.077396,0.301486,10,
128,10.000000,10.650195,-0.077856,0.302896,10,
129,11.000000,10.685176,-0.190297,0.310711,11,
130,11.000000,10.716658,-0.153829,0.301901,11,10.000000
131,11.000000,10.744992,-0.190370,0.311927,11,
132,11.000000,10.770493,-0.405441,0.311595,11,
133,12.000000,10.893444,-0.136944,0.272136,12,
134,10.000000,10.804099,-0.079639,0.299795,10,
135,10.000000,10.723689,-0.274855,0.297871,10,
136,10.000000,10.651320,-0.079467,0.295321,10,
137,10.000000,10.586188,-0.079444,0.293557,10,
138,12.000000,10.727570,-0.320432,0.252537,12,
139,11.000000,10.754813,-0.193500,0.297483,11,
140,11.000000,10.779331,-0.193955,0.294919,11,10.000000
141,11.000000,10.801398,-0.194441,0.292204,11,
142,11.000000,10.821258,-0.112143,0.268322,11,
143,10.000000,10.739133,-0.078040,0.279158,10,
144,10.000000,10.665219,-0.278803,0.277373,10,
145,10.000000,10.598697,-0.279371,0.274948,10,
146,11.000000,10.638828,-0.159757,0.269333,11,
147,10.000000,10.574945,-0.076615,0.268978,10,
148,11.000000,10.617450,-0.160386,0.264156,11,
149,10.000000,10.555705,-0.076079,0.264605,10,
150,10.000000,10.500135,-0.076007,0.263115,10,10.000000
151,11.000000,10.550121,-0.161280,0.259764,11,
152,10.000000,10.495109,-0.076180,0.261267,10,
153,12.000000,10.645598,0.236285,0.225168,12,
154,11.000000,10.681038,-0.052463,0.239977,11,
155,10.000000,10.612935,-0.077910,0.269022,10,
156,10.000000,10.551641,-0.277215,0.273346,10,
157,10.000000,10.496477,-0.079350,0.276451,10,
158,10.000000,10.446829,-0.080033,0.279785,10,
159,10.000000,10.402146,-0.080841,0.283329,10,
160,11.000000,10.461932,-0.160266,0.285924,11,10.000000
161,10.000000,10.415739,-0.082643,0.290303,10,
162,10.000000,10.374165,-0.269331,0.293797,10,
163,11.000000,10.436748,-0.234638,0.263248,11,
164,11.000000,10.493073,-0.193942,0.306510,11,
165,11.000000,10.543766,-0.059513,0.274835,11,
166,11.000000,10.589389,-0.059896,0.275915,11,
167,10.000000,10.530451,-0.085939,0.299956,10,
168,10.000000,10.477405,-0.086728,0.301909,10,
169,10.000000,10.429665,-0.264379,0.304342,10,
170,10.000000,10.386698,-0.088273,0.305544,10,10.000000
171,12.000000,10.548029,-0.136343,0.297874,12,
172,10.000000,10.493226,-0.089665,0.308961,10,
173,10.000000,10.443903,-0.261425,0.311186,10,
174,12.000000,10.599513,-0.039240,0.284430,12,
175,11.000000,10.639562,-0.065056,0.292345,11,
176,12.000000,10.775605,0.085925,0.296488,12,
177,11.000000,10.798045,-0.160796,0.321368,11,
178,11.000000,10.818240,-0.191517,0.334981,11,
179,12.000000,10.936416,0.175907,0.298020,12,
180,11.000000,10.942775,-0.121435,0.324507,11,10.000000
181,10.000000,10.848497,-0.098848,0.339577,10,
182,10.000000,10.763648,-0.249875,0.345756,10,
183,10.000000,10.687283,-0.102272,0.350298,10,
184,11.000000,10.718554,-0.321332,0.357503,11,
185,11.000000,10.746699,-0.298545,0.351352,11,
186,10.000000,10.672029,-0.104959,0.358048,10,
187,10.000000,10.604826,-0.105533,0.359211,10,
188,10.000000,10.544344,-0.106494,0.361151,10,
189,11.000000,10.589909,-0.341854,0.375330,11,
190,12.000000,10.730918,-0.077652,0.332727,12,10.000000
191,14.000000,11.057826,0.103725,0.295703,14,
192,10.000000,10.952044,-0.109649,0.367233,10,
193,12.000000,11.056839,-0.266916,0.349106,12,
194,12.000000,11.151156,-0.181000,0.330448,12,
195,10.000000,11.036040,-0.111556,0.372453,10,
196,12.000000,11.132436,-0.034890,0.340882,12,
197,11.000000,11.119192,-0.188501,0.387738,11,
198,10.000000,11.007273,-0.113261,0.377759,10,
199,10.000000,10.906546,-0.114323,0.380218,10,
200,11.000000,10.915891,-0.188445,0.395262,11,10.000000
201,12.000000,11.024302,0.118664,0.356302,12,
202,13.000000,11.221872,-0.042150,0.359484,13,
203,11.000000,11.199685,-0.090512,0.380982,11,
204,13.000000,11.379716,0.220311,0.373552,13,
205,14.000000,11.641745,-0.279784,0.348244,14,
206,14.000000,11.877570,0.121397,0.364634,14,
207,12.000000,11.889813,-0.249781,0.406072,12,
208,10.000000,11.700832,-0.222813,0.433911,10,
209,10.000000,11.530749,-0.132475,0.438296,10,
210,15.000000,11.877674,-0.102287,0.375644,15,10.000000
211,13.000000,11.989906,0.137267,0.399651,13,
212,12.000000,11.990916,-0.390286,0.431098,12,
213,14.000000,12.191824,-0.066510,0.409177,14,
214,13.000000,12.272642,0.082228,0.414538,13,
215,12.000000,12.245378,-0.071225,0.444121,12,
216,16.000000,12.620840,0.124592,0.400268,16,
217,11.000000,12.458756,-0.161228,0.480528,11,
218,11.000000,12.312880,-0.256564,0.486437,11,
219,10.000000,12.081592,-0.210941,0.486067,10,
220,13.000000,12.173433,-0.032944,0.466478,13,10.000000
221,13.000000,12.256090,0.022436,0.449075,13,
222,11.000000,12.130481,-0.264974,0.506060,11,
223,13.000000,12.217433,0.136775,0.459749,13,
224,13.000000,12.295689,-0.113745,0.480507,13,
225,12.000000,12.266120,-0.050466,0.479635,12,
226,13.000000,12.339508,0.044992,0.474130,13,
227,15.000000,12.605558,0.120777,0.470553,15,
228,10.000000,12.345002,-0.148185,0.525577,10,
229,16.000000,12.710502,0.248716,0.465410,16,
230,11.000000,12.539451,-0.222732,0.546623,11,10.000000
231,10.000000,12.285506,-0.156077,0.549088,10,
232,30.000000,14.056956,0.184123,0.449670,30,
233,10.000000,13.651260,-0.188464,0.563351,10,
234,14.000000,13.686134,-0.117034,0.547006,14,
235,17.000000,14.017521,0.052619,0.516202,17,
236,17.000000,14.315769,0.147328,0.512447,17,
237,13.000000,14.184192,-0.059646,0.566909,13,
238,19.000000,14.665773,-0.051363,0.535365,19,
239,11.000000,14.299195,-0.170177,0.606316,11,
240,13.000000,14.169276,0.001674,0.577480,13,10.000000
241,12.000000,13.952348,-0.154166,0.606530,12,
242,16.000000,14.157113,-0.017337,0.582639,16,
243,13.000000,14.041402,-0.021799,0.592979,13,
244,13.000000,13.937262,-0.139784,0.610197,13,
245,20.000000,14.543536,0.004612,0.572714,20,
246,14.000000,14.489182,-0.133710,0.608418,14,
247,16.000000,14.640264,-0.036635,0.603817,16,
248,15.000000,14.676238,-0.025769,0.609294,15,
249,16.000000,14.808614,-0.160292,0.604339,16,
250,12.000000,14.527752,-0.201456,0.630815,12,11.000000
251,21.000000,15.174977,0.040604,0.580958,21,
252,13.000000,14.957479,-0.131030,0.623315,13,
253,11.000000,14.561731,-0.199780,0.631372,11,
254,14.000000,14.505558,-0.070570,0.612290,14,
255,14.000000,14.455003,-0.003605,0.595772,14,
256,15.000000,14.509502,-0.053524,0.595198,15,
257,13.000000,14.358552,-0.075273,0.607102,13,
258,14.000000,14.322697,-0.087512,0.606889,14,
259,14.000000,14.290427,-0.029783,0.594814,14,
260,15.000000,14.361384,-0.067289,0.593785,15,10.000000
261,12.000000,14.125246,-0.330859,0.611045,12,
262,12.000000,13.912721,-0.205903,0.607247,12,
263,15.000000,14.021449,0.008808,0.579152,15,
264,13.000000,13.919304,-0.114092,0.590501,13,
265,14.000000,13.927374,-0.094414,0.589972,14,
266,11.000000,13.634637,-0.241055,0.603532,11,
267,14.000000,13.671173,-0.248587,0.565925,14,
268,21.000000,14.404056,0.121884,0.513645,21,
269,13.000000,14.263650,-0.081837,0.577687,13,
270,11.000000,13.937285,-0.196786,0.589356,11,10.000000
271,13.000000,13.843557,-0.101550,0.568339,13,
272,14.000000,13.859201,0.009684,0.538172,14,
273,11.000000,13.573281,-0.130778,0.570428,11,
274,15.000000,13.715953,0.033853,0.535545,15,
275,12.000000,13.544357,0.014440,0.543018,12,
276,12.000000,13.389922,-0.173576,0.568989,12,
277,12.000000,13.250930,-0.044285,0.555712,12,
278,12.000000,13.125837,-0.101975,0.556130,12,
279,12.000000,13.013253,-0.152046,0.566089,12,
280,15.000000,13.211928,-0.069018,0.537178,15,10.000000
281,17.000000,13.590735,-0.005093,0.526065,17,
282,11.000000,13.331661,-0.177846,0.579185,11,
283,17.000000,13.698495,0.072470,0.520152,17,
284,12.000000,13.528646,-0.174368,0.576871,12,
285,11.000000,13.275781,-0.204925,0.589599,11,
286,13.000000,13.248203,-0.158279,0.562410,13,
287,11.000000,13.023383,-0.253617,0.578807,11,
288,13.000000,13.021044,0.005473,0.541056,13,
289,11.000000,12.818940,-0.188347,0.576711,11,
290,12.000000,12.737046,-0.191201,0.572167,12,10.000000
291,20.000000,13.463341,0.207999,0.482592,20,
292,16.000000,13.717007,-0.119543,0.522526,16,
293,14.000000,13.745307,-0.042691,0.529335,14,
294,10.000000,13.370776,-0.182304,0.569027,10,
295,12.000000,13.233698,-0.172202,0.565303,12,
296,19.000000,13.810328,0.081312,0.502888,19,
297,13.000000,13.729296,-0.098387,0.558184,13,
298,17.000000,14.056366,0.180284,0.502923,17,
299,19.000000,14.550729,0.052536,0.502643,19,
300,12.000000,14.295657,-0.104286,0.564332,12,10.000000
301,10.000000,13.866091,-0.185762,0.579489,10,
302,14.000000,13.879482,0.015390,0.545189,14,
303,13.000000,13.791534,-0.116347,0.580095,13,
304,15.000000,13.912380,-0.023565,0.549599,15,
305,12.000000,13.721142,-0.225951,0.584183,12,
306,18.000000,14.149028,0.091276,0.535407,18,
307,11.000000,13.834125,-0.181864,0.600445,11,
308,11.000000,13.550713,-0.169071,0.600603,11,
309,14.000000,13.595641,-0.073883,0.581187,14,
310,12.000000,13.436077,-0.126711,0.590828,12,10.000000
311,11.000000,13.192470,-0.184611,0.607983,11,
312,12.000000,13.073223,-0.125733,0.591936,12,
313,12.000000,12.965900,-0.138233,0.599546,12,
314,11.000000,12.769310,-0.187957,0.607842,11,
315,15.000000,12.992379,0.052175,0.554520,15,
316,15.000000,13.193141,-0.051951,0.569688,15,
317,19.000000,13.773827,0.119375,0.541625,19,
318,15.000000,13.896444,-0.043908,0.576220,15,
319,15.000000,14.006800,0.055946,0.556709,15,
320,17.000000,14.306120,-0.033647,0.574505,17,11.000000
321,21.000000,14.975508,0.086408,0.547291,21,
322,17.000000,15.177957,0.045907,0.571077,17,
323,26.000000,16.260162,0.099197,0.548099,26,
324,13.000000,15.934145,-0.140756,0.623289,13,
325,16.000000,15.940731,-0.025060,0.603425,16,
326,11.000000,15.446658,-0.173862,0.632882,11,
327,21.000000,16.001992,0.061227,0.588585,21,
328,15.000000,15.901793,-0.136317,0.625794,15,
329,16.000000,15.911613,-0.010063,0.612931,16,
330,14.000000,15.720452,-0.118673,0.632972,14,11.000000
331,15.000000,15.648407,-0.013753,0.616273,15,
332,17.000000,15.783566,-0.024700,0.620546,17,
333,18.000000,16.005210,0.069384,0.591340,18,
334,15.000000,15.904689,-0.053953,0.633769,15,
335,15.000000,15.814220,-0.109772,0.642654,15,
336,20.000000,16.232798,0.064217,0.602616,20,
337,15.000000,16.109518,-0.056770,0.643278,15,
338,28.000000,17.298566,-0.008956,0.610967,28,
339,22.000000,17.768710,0.010764,0.626959,22,
340,14.000000,17.391839,-0.090523,0.656551,14,11.000000
341,39.000000,19.552655,0.026736,0.607767,39,
342,19.000000,19.497389,-0.008130,0.642323,19,
343,26.000000,20.147650,0.006708,0.618005,26,
344,14.000000,19.532885,-0.138650,0.665238,14,
345,13.000000,18.879597,-0.101955,0.663972,13,
346,14.000000,18.391637,-0.091591,0.665712,14,
347,24.000000,18.952473,0.077620,0.617442,24,
348,11.000000,18.157226,-0.112425,0.665429,11,
349,14.000000,17.741503,-0.115855,0.664786,14,
350,14.000000,17.367353,-0.088580,0.666684,14,12.000000
351,22.000000,17.830618,0.000780,0.634701,22,
352,21.000000,18.147556,-0.028908,0.647989,21,
353,16.000000,17.932800,-0.058868,0.661784,16,
354,41.000000,20.239520,0.060207,0.617083,41,
355,22.000000,20.415568,0.014468,0.642095,22,
356,34.000000,21.774012,0.036800,0.618339,34,
357,48.000000,24.396610,0.026046,0.628210,48,
358,17.000000,23.656949,-0.039197,0.662843,17,
359,14.000000,22.691254,-0.074730,0.673136,14,
360,17.000000,22.122129,-0.066316,0.664251,17,14.000000
361,21.000000,22.009916,-0.013564,0.662585,21,
362,21.000000,21.908924,-0.014568,0.659334,21,
363,20.000000,21.718032,-0.020654,0.667497,20,
364,25.000000,22.046229,-0.023214,0.663076,25,
365,26.000000,22.441606,0.018693,0.643729,26,
366,23.000000,22.497445,-0.023529,0.671852,23,
367,17.000000,21.947701,-0.047230,0.680246,17,
368,25.000000,22.252931,-0.016998,0.666877,25,
369,22.000000,22.227638,-0.019775,0.662295,22,
370,17.000000,21.704874,-0.048148,0.681175,17,16.000000
371,26.000000,22.134386,-0.022290,0.662083,26,
372,31.000000,23.020948,0.010142,0.594444,31,
373,23.000000,23.018853,-0.002756,0.669731,23,
374,14.000000,22.116968,-0.063893,0.678413,14,
375,17.000000,21.605271,-0.038344,0.681066,17,
376,23.000000,21.744744,-0.011271,0.676615,23,
377,26.000000,22.170269,0.021192,0.661171,26,
378,19.000000,21.853243,-0.036670,0.681002,19,
379,21.000000,21.767918,0.021850,0.644533,21,
380,27.000000,22.291126,-0.022041,0.665433,27,18.000000
381,14.000000,21.462014,-0.134464,0.654448,14,
382,19.000000,21.215812,-0.065385,0.676099,19,
383,35.000000,22.594231,-0.005583,0.678374,35,
384,19.000000,22.234808,-0.037793,0.682768,19,
385,61.000000,26.111327,-0.018814,0.625913,61,
386,25.000000,26.000195,-0.024335,0.664169,25,
387,20.000000,25.400175,-0.024872,0.683051,20,
388,27.000000,25.560158,-0.015570,0.686808,27,
389,16.000000,24.604142,-0.030096,0.667224,16,
390,26.000000,24.743728,-0.010613,0.686404,26,30.000000
391,20.000000,24.269355,-0.019425,0.663971,20,
392,26.000000,24.442419,-0.022763,0.665180,26,
393,32.000000,25.198177,0.004651,0.623952,32,
394,15.000000,24.178360,0.020021,0.665449,15,
395,67.000000,28.460524,-0.021766,0.663383,67,
396,32.000000,28.814471,-0.098178,0.636026,32,
397,20.000000,27.933024,0.006228,0.666904,20,
398,26.000000,27.739722,-0.049935,0.675678,26,
399,129.000000,37.865750,0.007174,0.660305,129,
400,19.000000,35.979175,-0.129922,0.653873,19,35.000000
401,30.000000,35.381257,-0.010964,0.677826,30,
402,31.000000,34.943131,0.024178,0.662210,31,
403,21.000000,33.548818,0.009994,0.675670,21,
404,89.000000,39.093936,-0.002803,0.665952,89,
405,96.000000,44.784543,-0.012008,0.681996,96,
406,17.000000,42.006089,0.028533,0.637983,17,
407,18.000000,39.605480,0.013139,0.656083,18,
408,43.000000,39.944932,-0.003405,0.676816,43,
409,19.000000,37.850439,-0.293350,0.617517,19,
410,29.000000,36.965395,0.015475,0.676579,29,41.000000
411,47.000000,37.968855,-0.014869,0.667757,47,
412,56.000000,39.771970,-0.022726,0.672316,56,
413,17.000000,37.494773,-0.105765,0.658553,17,
414,59.000000,39.645295,0.011933,0.663181,59,
415,96.000000,45.280766,-0.006200,0.657785,96,
416,52.000000,45.952689,-0.006134,0.679420,52,
417,47.000000,46.057420,-0.006969,0.684646,47,
418,27.000000,44.151678,-0.042033,0.671437,27,
419,40.000000,43.736511,-0.000096,0.668780,40,
420,58.000000,45.162859,-0.016886,0.666891,58,47.000000
421,25.000000,43.146574,-0.017004,0.675714,25,
422,24.000000,41.231916,0.062987,0.623029,24,
423,19.000000,39.008725,-0.057829,0.661637,19,
424,27.000000,37.807852,-0.138826,0.653086,27,
425,21.000000,36.127067,0.014443,0.654592,21,
426,53.000000,37.814360,-0.002012,0.666570,53,
427,64.000000,40.432924,0.014420,0.670370,64,
428,23.000000,38.689632,0.051573,0.655325,23,
429,24.000000,37.220669,-0.079257,0.645597,24,
430,12.000000,34.698602,0.168396,0.604230,12,100.000000
431,36.000000,34.828742,-0.009262,0.671689,36,
432,47.000000,36.045867,-0.007666,0.674487,47,
433,13.000000,33.741281,-0.034934,0.604701,13,
434,72.000000,37.567153,-0.006621,0.655774,72,
435,79.000000,41.710437,0.007743,0.662335,79,
436,46.000000,42.139394,-0.014387,0.678885,46,
437,37.000000,41.625454,-0.004327,0.660392,37,
438,78.000000,45.262909,0.001845,0.673112,78,
439,36.000000,44.336618,-0.005487,0.669539,36,
440,31.000000,43.002956,-0.083800,0.654138,31,109.000000
441,28.000000,41.502661,-0.098626,0.650969,28,
442,20.000000,39.352394,0.056106,0.641995,20,
443,46.000000,40.017155,-0.043259,0.665957,46,
444,103.000000,46.315440,-0.007700,0.652691,103,
445,20.000000,43.683896,0.045986,0.638767,20,
446,19.000000,41.215506,0.132517,0.611619,19,
447,36.000000,40.693955,0.012691,0.652815,36,
448,13.000000,37.924560,-0.016352,0.611653,13,
449,13.000000,35.432104,0.212732,0.595183,13,
450,30.000000,34.888893,-0.046717,0.649388,30,149.000000
451,32.000000,34.600004,-0.028009,0.628274,32,
452,36.000000,34.740004,-0.000821,0.647675,36,
453,125.000000,43.766003,-0.026250,0.662796,125,
454,16.000000,40.989403,0.114748,0.627802,16,
455,24.000000,39.290463,0.030856,0.639278,24,
456,31.000000,38.461416,0.026064,0.631970,31,
457,76.000000,42.215275,-0.018730,0.666212,76,
458,67.000000,44.693747,0.013295,0.668254,67,
459,76.000000,47.824373,0.007688,0.668811,76,
460,21.000000,45.141935,0.053546,0.641698,21,219.000000
461,32.000000,43.827742,0.000643,0.648102,32,
462,35.000000,42.944968,-0.019281,0.655749,35,
463,56.000000,44.250471,-0.010528,0.656118,56,
464,12.000000,41.025424,0.068770,0.623998,12,
465,45.000000,41.422881,0.014124,0.661328,45,
466,35.000000,40.780593,0.025161,0.644774,35,
467,25.000000,39.202534,-0.250976,0.630810,25,
468,22.000000,37.482281,-0.028965,0.639558,22,
469,121.000000,45.834052,-0.019521,0.674110,121,
470,12.000000,42.450647,0.189150,0.630807,12,167.000000
471,19.000000,40.105583,-0.108092,0.635283,19,
472,35.000000,39.595024,-0.059778,0.626102,35,
473,18.000000,37.435522,0.049556,0.603430,18,
474,29.000000,36.591970,-0.258866,0.654647,29,
475,14.000000,34.332773,-0.014841,0.651448,14,
476,42.000000,35.099495,0.013724,0.675494,42,
477,20.000000,33.589546,0.043256,0.670312,20,
478,35.000000,33.730591,0.053285,0.667358,35,
479,15.000000,31.857532,-0.039009,0.667262,15,
480,38.000000,32.471779,-0.010625,0.656477,38,84.000000
481,24.000000,31.624601,-0.107774,0.677363,24,
482,113.000000,39.762141,0.006693,0.640514,113,
483,43.000000,40.085927,0.055721,0.645005,43,
484,54.000000,41.477334,0.009184,0.621241,54,
485,48.000000,42.129601,-0.015609,0.673447,48,
486,12.000000,39.116641,-0.016834,0.646613,12,
487,30.000000,38.204977,0.018991,0.668746,30,
488,40.000000,38.384479,-0.034956,0.621142,40,
489,41.000000,38.646031,-0.065819,0.652684,41,
490,47.000000,39.481428,-0.036208,0.631173,47,127.000000
491,74.000000,42.933285,-0.014586,0.676662,74,
492,75.000000,46.139957,0.001027,0.662206,75,
493,78.000000,49.325961,-0.068782,0.646822,78,
494,26.000000,46.993365,0.102793,0.626830,26,
495,33.000000,45.594028,-0.005614,0.662416,33,
496,159.000000,56.934626,-0.024353,0.665935,159,
497,17.000000,52.941163,0.077798,0.612638,17,
498,108.000000,58.447047,-0.028745,0.664356,108,
499,19.000000,54.502342,-0.002231,0.619333,19,
500,173.000000,66.352108,0.007271,0.669639,173,123.000000
501,17.000000,61.416897,-0.107395,0.621293,17,
502,33.000000,58.575207,0.001636,0.610863,33,
503,41.000000,56.817687,0.014574,0.637545,41,
504,34.000000,54.535918,-0.023956,0.662483,34,
505,134.000000,62.482326,-0.000392,0.657703,134,
506,40.000000,60.234094,0.010229,0.647728,40,
507,68.000000,61.010684,-0.011663,0.655383,68,
508,73.000000,62.209616,0.015082,0.648683,73,
509,14.000000,57.388654,-0.046321,0.576494,14,
510,92.000000,60.849789,0.017538,0.646502,92,107.000000
511,79.000000,62.664810,-0.050211,0.647581,79,
512,92.000000,65.598329,-0.008276,0.672311,92,
513,25.000000,61.538496,-0.017496,0.647625,25,
514,71.000000,62.484646,0.020256,0.654932,71,
515,24.000000,58.636182,0.051681,0.641466,24,
516,13.000000,54.072564,-0.049002,0.601670,13,
517,13.000000,49.965307,0.149849,0.607113,13,
518,42.000000,49.168777,-0.057996,0.668809,42,
519,17.000000,45.951899,0.075458,0.622925,17,
520,39.000000,45.256709,-0.036150,0.662869,39,128.000000
521,15.000000,42.231038,-0.085760,0.630272,15,
522,65.000000,44.507934,-0.019090,0.673664,65,
523,17.000000,41.757141,-0.043634,0.617301,17,
524,29.000000,40.481427,-0.071399,0.649130,29,
525,48.000000,41.233284,-0.012575,0.661941,48,
526,70.000000,44.109956,-0.046999,0.667076,70,
527,19.000000,41.598960,-0.062073,0.628607,19,
528,64.000000,43.839064,0.000588,0.644689,64,
529,45.000000,43.955158,-0.022974,0.655712,45,
530,55.000000,45.059642,-0.013950,0.656016,55,149.000000
531,47.000000,45.253678,0.024032,0.657631,47,
532,25.000000,43.228310,0.041740,0.622942,25,
533,14.000000,40.305479,-0.011630,0.583113,14,
534,88.000000,45.074931,-0.015839,0.657163,88,
535,91.000000,49.667438,-0.035247,0.647780,91,
536,27.000000,47.400694,-0.071182,0.644813,27,
537,20.000000,44.660625,-0.070919,0.647225,20,
538,56.000000,45.794562,-0.040953,0.638188,56,
539,16.000000,42.815106,-0.004504,0.613490,16,
540,59.000000,44.433595,-0.025386,0.657453,59,176.000000
541,50.000000,44.990236,-0.020655,0.657139,50,
542,30.000000,43.491212,-0.059689,0.644064,30,
543,36.000000,42.742091,0.004981,0.633735,36,
544,67.000000,45.167882,-0.062474,0.640872,67,
545,17.000000,42.351094,0.013222,0.644754,17,
546,87.000000,46.815984,-0.013121,0.640288,87,
547,64.000000,48.534386,0.012619,0.638991,64,
548,109.000000,54.580947,-0.026683,0.641645,109,
549,29.000000,52.022853,0.044751,0.655050,29,
550,76.000000,54.420567,0.012502,0.651546,76,247.000000
551,26.000000,51.578511,-0.210101,0.638580,26,
552,33.000000,49.720660,-0.025420,0.629110,33,
553,63.000000,51.048594,0.015655,0.621237,63,
554,24.000000,48.343734,-0.007512,0.640486,24,
555,193.000000,62.809361,-0.033704,0.636954,193,
556,15.000000,58.028425,-0.063922,0.630102,15,
557,72.000000,59.425582,-0.041642,0.660178,72,
558,46.000000,58.083024,-0.101877,0.649008,46,
559,70.000000,59.274722,-0.019096,0.636055,70,
560,73.000000,60.647249,0.002679,0.667986,73,500.000000
561,23.000000,56.882525,0.046315,0.598161,23,
562,73.000000,58.494272,0.037890,0.634626,73,
563,103.000000,62.944845,-0.011730,0.657215,103,
564,20.000000,58.650360,-0.023262,0.608626,20,
565,77.000000,60.485324,-0.024633,0.622512,77,
566,105.000000,64.936792,-0.016225,0.632486,105,
567,50.000000,63.443113,0.018557,0.638777,50,
568,19.000000,58.998801,0.102998,0.598149,19,
569,88.000000,61.898921,0.000125,0.670200,88,
570,42.000000,59.909029,0.021898,0.643039,42,500.000000
571,25.000000,56.418126,-0.033364,0.630539,25,
572,120.000000,62.776314,-0.003616,0.667707,120,
573,127.000000,69.198682,-0.019932,0.667836,127,
574,104.000000,72.678814,-0.029978,0.620411,104,
575,165.000000,81.910933,-0.007158,0.667250,165,
576,62.000000,79.919839,-0.065516,0.640338,62,
577,37.000000,75.627855,-0.080378,0.640397,37,
578,28.000000,70.865070,-0.023273,0.639160,28,
579,85.000000,72.278563,0.015310,0.650602,85,
580,23.000000,67.350707,-0.096634,0.626217,23,426.000000
581,146.000000,75.215636,-0.006164,0.651689,146,
582,14.000000,69.094072,0.058990,0.565343,14,
583,47.000000,66.884665,0.023722,0.636524,47,
584,48.000000,64.996199,0.007225,0.647796,48,
585,60.000000,64.496579,-0.031305,0.652567,60,
586,19.000000,59.946921,0.048912,0.604741,19,
587,37.000000,57.652229,-0.071128,0.650162,37,
588,166.000000,68.487006,-0.008984,0.653301,166,
589,26.000000,64.238305,-0.078865,0.650336,26,
590,53.000000,63.114475,-0.059115,0.652999,53,265.000000
591,45.000000,61.303027,-0.006673,0.650322,45,
592,45.000000,59.672725,0.011686,0.635021,45,
593,13.000000,55.005452,-0.049240,0.585736,13,
594,11.000000,50.604907,-0.002141,0.608240,11,
595,42.000000,49.744416,-0.015619,0.595803,42,
596,87.000000,53.469975,-0.018340,0.648450,87,
597,33.000000,51.422977,0.015695,0.650155,33,
598,17.000000,47.980679,0.051629,0.616243,17,
599,58.000000,48.982611,-0.044155,0.670006,58,
600,22.000000,46.284350,-0.129718,0.619400,22,142.000000
601,28.000000,44.455915,-0.084826,0.648192,28,
602,12.000000,41.210324,0.023244,0.547091,12,
603,31.000000,40.189291,-0.004908,0.653844,31,
604,30.000000,39.170362,0.051042,0.646098,30,
605,35.000000,38.753326,-0.028201,0.643637,35,
606,76.000000,42.477993,-0.044645,0.653054,76,
607,27.000000,40.930194,0.013336,0.632372,27,
608,48.000000,41.637175,-0.033611,0.649558,48,
609,28.000000,40.273457,-0.000052,0.617837,28,
610,14.000000,37.646111,-0.114070,0.606465,14,177.000000
611,33.000000,37.181500,0.026513,0.622626,33,
612,17.000000,35.163350,-0.117093,0.608151,17,
613,17.000000,33.347015,-0.125418,0.548962,17,
614,37.000000,33.712314,-0.081800,0.655107,37,
615,198.000000,50.141082,0.003265,0.638031,198,
616,45.000000,49.626974,-0.035708,0.642448,45,
617,39.000000,48.564277,0.037391,0.663265,39,
618,35.000000,47.207849,-0.029244,0.627744,35,
619,27.000000,45.187064,-0.021619,0.618568,27,
620,69.000000,47.568358,0.037859,0.646651,69,172.000000
621,119.000000,54.711522,-0.012083,0.652664,119,
622,14.000000,50.640370,0.064261,0.530942,14,
623,124.000000,57.976333,-0.022191,0.661957,124,
624,22.000000,54.378700,-0.043749,0.637115,22,
625,36.000000,52.540830,0.031093,0.588931,36,
626,30.000000,50.286747,-0.034723,0.641668,30,
627,73.000000,52.558072,-0.010271,0.666932,73,
628,26.000000,49.902265,0.034197,0.620684,26,
629,137.000000,58.612038,-0.031071,0.666880,137,
630,41.000000,56.850834,-0.019960,0.650052,41,210.000000
631,42.000000,55.365751,-0.026190,0.650796,42,
632,79.000000,57.729176,-0.018664,0.652518,79,
633,20.000000,53.956258,0.052508,0.611123,20,
634,11.000000,49.660632,0.155874,0.611054,11,
635,154.000000,60.094569,0.009516,0.675860,154,
636,40.000000,58.085112,0.018472,0.637331,40,
637,20.000000,54.276601,-0.018381,0.646352,20,
638,40.000000,52.848941,0.033162,0.613159,40,
639,27.000000,50.264047,-0.047526,0.637172,27,
640,121.000000,57.337642,-0.010337,0.649733,121,231.000000
641,11.000000,52.703878,0.101801,0.553620,11,
642,51.000000,52.533490,-0.050095,0.654623,51,
643,66.000000,53.880141,-0.061276,0.654516,66,
644,79.000000,56.392127,-0.007158,0.666256,79,
645,58.000000,56.552914,0.015894,0.628919,58,
646,42.000000,55.097623,0.050615,0.639932,42,
647,46.000000,54.187861,0.014943,0.634099,46,
648,28.000000,51.569075,0.041962,0.641495,28,
649,18.000000,48.212167,0.154652,0.609159,18,
650,19.000000,45.290950,-0.038041,0.609692,19,500.000000
651,27.000000,43.461855,0.044135,0.627316,27,
652,51.000000,44.215670,-0.092969,0.667612,51,
653,26.000000,42.394103,-0.079531,0.633579,26,
654,11.000000,39.254693,0.116732,0.579119,11,
655,13.000000,36.629223,0.118079,0.601085,13,
656,46.000000,37.566301,0.005517,0.666868,46,
657,15.000000,35.309671,0.115955,0.570196,15,
658,71.000000,38.878704,0.001088,0.660504,71,
659,61.000000,41.090833,0.000752,0.642369,61,
660,28.000000,39.781750,-0.068276,0.630481,28,144.000000
661,18.000000,37.603575,0.027227,0.552842,18,
662,19.000000,35.743218,0.066602,0.555158,19,
663,11.000000,33.268896,0.197296,0.604012,11,
664,147.000000,44.642006,0.004032,0.644864,147,
665,32.000000,43.377806,0.068044,0.634908,32,
666,50.000000,44.040025,0.018699,0.672096,50,
667,97.000000,49.336023,-0.016703,0.673424,97,
668,101.000000,54.502420,0.008130,0.636819,101,
669,16.000000,50.652178,0.007031,0.635887,16,
670,158.000000,61.386960,-0.024906,0.664150,158,188.000000
671,30.000000,58.248264,0.020323,0.641585,30,
672,76.000000,60.023438,0.011680,0.624537,76,
673,25.000000,56.521094,-0.010334,0.635600,25,
674,82.000000,59.068985,0.013618,0.655866,82,
675,78.000000,60.962086,0.015504,0.650292,78,
676,27.000000,57.565878,-0.003097,0.596436,27,
677,108.000000,62.609290,-0.032651,0.657411,108,
678,57.000000,62.048361,-0.047376,0.656201,57,
679,15.000000,57.343525,0.127035,0.587663,15,
680,34.000000,55.009172,0.056227,0.652247,34,269.000000
681,36.000000,53.108255,0.020030,0.606468,36,
682,109.000000,58.697430,-0.006021,0.658016,109,
683,54.000000,58.227687,0.041269,0.636834,54,
684,58.000000,58.204918,-0.037177,0.657986,58,
685,123.000000,64.684426,-0.015725,0.642862,123,
686,41.000000,62.315984,-0.091590,0.627504,41,
687,24.000000,58.484385,-0.048216,0.632887,24,
688,82.000000,60.835947,0.009871,0.653390,82,
689,66.000000,61.352352,0.009228,0.663724,66,
690,37.000000,58.917117,-0.023581,0.632331,37,500.000000
691,83.000000,61.325405,-0.000802,0.629490,83,
692,106.000000,65.792865,-0.015066,0.656152,106,
693,14.000000,60.613578,0.187475,0.579422,14,
694,50.000000,59.552220,-0.003248,0.638295,50,
695,53.000000,58.896998,-0.017829,0.648937,53,
696,63.000000,59.307298,-0.039065,0.652268,63,
697,78.000000,61.176569,-0.002386,0.643622,78,
698,175.000000,72.558912,-0.016897,0.659903,175,
699,72.000000,72.503021,0.001660,0.661717,72,
700,32.000000,68.452719,0.008422,0.643340,32,207.000000
701,22.000000,63.807447,0.045277,0.571588,22,
702,21.000000,59.526702,0.036714,0.622997,21,
703,46.000000,58.174032,0.012916,0.634233,46,
704,96.000000,61.956629,-0.028579,0.628308,96,
705,137.000000,69.460966,-0.004571,0.664557,137,
706,96.000000,72.114869,-0.043969,0.626712,96,
707,20.000000,66.903382,0.093242,0.624531,20,
708,42.000000,64.413044,0.022685,0.634325,42,
709,17.000000,59.671740,-0.000657,0.611609,17,
710,30.000000,56.704566,0.013579,0.640214,30,202.000000
711,47.000000,55.734109,-0.033918,0.649930,47,
712,64.000000,56.560698,-0.012841,0.610897,64,
713,73.000000,58.204628,-0.021916,0.661152,73,
714,25.000000,54.884166,0.039789,0.631285,25,
715,31.000000,52.495749,-0.068987,0.634792,31,
716,51.000000,52.346174,-0.015932,0.633893,51,
717,133.000000,60.411557,-0.025447,0.647663,133,
718,36.000000,57.970401,0.017659,0.638602,36,
719,61.000000,58.273361,-0.007555,0.638434,61,
720,102.000000,62.646025,-0.015006,0.665975,102,500.000000
721,13.000000,57.681422,0.134559,0.593256,13,
722,174.000000,69.313280,0.013734,0.633609,174,
723,70.000000,69.381952,0.017777,0.629994,70,
724,81.000000,70.543757,0.033310,0.656261,81,
725,31.000000,66.589381,-0.078915,0.642746,31,
726,20.000000,61.930443,-0.033456,0.604783,20,
727,59.000000,61.637399,-0.003948,0.645533,59,
728,167.000000,72.173659,-0.006956,0.670270,167,
729,110.000000,75.956293,0.005646,0.663156,110,
730,87.000000,77.060664,-0.007053,0.639175,87,261.000000
731,14.000000,70.754597,0.209204,0.566752,14,
732,16.000000,65.279138,-0.167852,0.591367,16,
733,54.000000,64.151224,-0.083001,0.630632,54,
734,69.000000,64.636101,-0.034804,0.654469,69,
735,78.000000,65.972491,-0.032497,0.648215,78,
736,20.000000,61.375242,-0.002761,0.608994,20,
737,44.000000,59.637718,-0.087791,0.662250,44,
738,58.000000,59.473946,-0.083785,0.641353,58,
739,162.000000,69.726552,-0.000337,0.664465,162,
740,11.000000,63.853896,0.191022,0.583941,11,233.000000
741,137.000000,71.168507,-0.062934,0.668119,137,
742,115.000000,75.551656,0.015358,0.633243,115,
743,46.000000,72.596490,-0.001639,0.645580,46,
744,48.000000,70.136841,-0.063424,0.636631,48,
745,154.000000,78.523157,-0.000382,0.625802,154,
746,38.000000,74.470842,0.031062,0.648656,38,
747,46.000000,71.623757,-0.038960,0.657410,46,
748,56.000000,70.061382,-0.032785,0.632303,56,
749,114.000000,74.455243,0.003505,0.661475,114,
750,83.000000,75.309719,-0.020270,0.632791,83,193.000000
751,29.000000,70.678747,-0.037608,0.637168,29,
752,36.000000,67.210873,0.019688,0.598988,36,
753,60.000000,66.489785,-0.030114,0.617329,60,
754,64.000000,66.240807,0.004923,0.651940,64,
755,130.000000,72.616726,-0.023864,0.639773,130,
756,205.000000,85.855053,-0.012479,0.653846,205,
757,24.000000,79.669548,-0.117584,0.639513,24,
758,50.000000,76.702593,0.027087,0.646852,50,
759,73.000000,76.332334,0.033976,0.635961,73,
760,26.000000,71.299101,-0.071144,0.615839,26,236.000000
761,21.000000,66.269191,0.005023,0.636730,21,
762,16.000000,61.242271,0.105581,0.564823,16,
763,30.000000,58.118044,-0.065715,0.652750,30,
764,167.000000,69.006240,0.008167,0.656404,167,
765,148.000000,76.905616,-0.002585,0.643444,148,
766,29.000000,72.115054,0.033036,0.627379,29,
767,215.000000,86.403549,-0.023591,0.659008,215,
768,26.000000,80.363194,0.048561,0.625160,26,
769,25.000000,74.826875,0.025932,0.586600,25,
770,17.000000,69.044187,0.104144,0.586224,17,351.000000
771,59.000000,68.039768,0.014107,0.646901,59,
772,71.000000,68.335792,-0.054245,0.646595,71,
773,32.000000,64.702212,-0.071727,0.623909,32,
774,58.000000,64.031991,0.052712,0.632627,58,
775,21.000000,59.728792,-0.216245,0.632525,21,
776,59.000000,59.655913,-0.012682,0.638358,59,
777,100.000000,63.690322,0.019479,0.666216,100,
778,72.000000,64.521289,-0.086367,0.643514,72,
779,111.000000,69.169160,0.028137,0.664006,111,
780,103.000000,72.552244,-0.015866,0.645522,103,306.000000
781,90.000000,74.297020,-0.027514,0.652066,90,
782,132.000000,80.067318,-0.014494,0.671310,132,
783,64.000000,78.460586,0.002512,0.650713,64,
784,173.000000,87.914528,0.006073,0.657669,173,
785,13.000000,80.423075,0.059632,0.579145,13,
786,77.000000,80.080767,-0.055139,0.661291,77,
787,42.000000,76.272691,0.039077,0.616780,42,
788,70.000000,75.645422,-0.025634,0.602395,70,
789,18.000000,69.880879,-0.016658,0.605427,18,
790,26.000000,65.492791,-0.096299,0.630972,26,190.000000
791,10.000000,59.943512,-0.130635,0.615174,10,
792,44.000000,58.349161,0.050636,0.615113,44,
793,46.000000,57.114245,-0.031925,0.654972,46,
794,18.000000,53.202820,-0.031969,0.626035,18,
795,47.000000,52.582538,0.032098,0.641552,47,
796,24.000000,49.724285,-0.055385,0.636701,24,
797,31.000000,47.851856,-0.034931,0.640647,31,
798,183.000000,61.366671,0.002135,0.650672,183,
799,155.000000,70.730003,-0.003313,0.653684,155,
800,36.000000,67.257003,-0.097497,0.641752,36,500.000000
801,42.000000,64.731303,0.026077,0.638029,42,
802,150.000000,73.258173,0.015260,0.662644,150,
803,75.000000,73.432355,0.040518,0.654810,75,
804,80.000000,74.089120,-0.053583,0.635410,80,
805,55.000000,72.180208,0.020960,0.639535,55,
806,122.000000,77.162187,-0.031384,0.652620,122,
807,148.000000,84.245968,0.016250,0.629677,148,
808,22.000000,78.021371,0.091574,0.630049,22,
809,11.000000,71.319234,0.011203,0.589476,11,
810,123.000000,76.487311,0.015687,0.612023,123,166.000000
811,53.000000,74.138580,-0.124097,0.643518,53,
812,39.000000,70.624722,-0.061457,0.645080,39,
813,39.000000,67.462250,0.015742,0.656054,39,
814,57.000000,66.416025,-0.058328,0.668354,57,
815,13.000000,61.074422,0.165010,0.588026,13,
816,59.000000,60.866980,-0.029658,0.670114,59,
817,18.000000,56.580282,-0.065858,0.628096,18,
818,61.000000,57.022254,-0.003650,0.649760,61,
819,35.000000,54.820028,0.012401,0.621903,35,
820,26.000000,51.938026,-0.140525,0.623223,26,137.000000
821,50.000000,51.744223,-0.074945,0.604706,50,
822,70.000000,53.569801,-0.012227,0.673465,70,
823,38.000000,52.012821,-0.025591,0.641485,38,
824,85.000000,55.311539,-0.007552,0.639667,85,
825,48.000000,54.580385,-0.059245,0.639784,48,
826,100.000000,59.122346,-0.029566,0.593714,100,
827,67.000000,59.910112,-0.024353,0.622297,67,
828,157.000000,69.619100,-0.000551,0.641421,157,
829,67.000000,69.357190,-0.016181,0.627311,67,
830,115.000000,73.921471,-0.014417,0.660839,115,500.000000
831,77.000000,74.229324,-0.060736,0.650019,77,
832,93.000000,76.106392,-0.006617,0.655998,93,
833,19.000000,70.395753,0.080706,0.602611,19,
834,59.000000,69.256177,-0.020927,0.659247,59,
835,17.000000,64.030560,-0.071810,0.604619,17,
836,46.000000,62.227504,0.013976,0.628662,46,
837,74.000000,63.404753,-0.042887,0.643215,74,
838,27.000000,59.764278,0.026063,0.600322,27,
839,57.000000,59.487850,-0.089578,0.652069,57,
840,64.000000,59.939065,-0.024915,0.646069,64,473.000000
841,56.000000,59.545159,-0.005259,0.644559,56,
842,160.000000,69.590643,-0.006430,0.654618,160,
843,92.000000,71.831578,0.011193,0.654740,92,
844,17.000000,66.348421,-0.092783,0.601214,17,
845,61.000000,65.813579,0.015176,0.634332,61,
846,135.000000,72.732221,0.010238,0.632837,135,
847,16.000000,67.058999,-0.065364,0.600915,16,
848,53.000000,65.653099,0.041596,0.614459,53,
849,37.000000,62.787789,-0.053849,0.644276,37,
850,21.000000,58.609010,-0.107173,0.593589,21,385.000000
851,21.000000,54.848109,0.023856,0.617145,21,
852,13.000000,50.663298,0.063760,0.567983,13,
853,25.000000,48.096968,0.080174,0.604700,25,
854,37.000000,46.987271,-0.001510,0.642032,37,
855,105.000000,52.788544,-0.021181,0.661367,105,
856,31.000000,50.609690,-0.089499,0.622864,31,
857,27.000000,48.248721,-0.003890,0.614118,27,
858,19.000000,45.323849,-0.039427,0.618902,19,
859,135.000000,54.291464,-0.015316,0.624755,135,
860,40.000000,52.862318,-0.020653,0.644915,40,324.000000
861,117.000000,59.276086,-0.002506,0.642473,117,
862,19.000000,55.248477,0.110584,0.605683,19,
863,39.000000,53.623629,0.034320,0.619814,39,
864,29.000000,51.161267,-0.084240,0.615445,29,
865,30.000000,49.045140,-0.077065,0.631253,30,
866,15.000000,45.640626,-0.173130,0.593899,15,
867,17.000000,42.776563,0.009362,0.596882,17,
868,24.000000,40.898907,0.051455,0.629798,24,
869,22.000000,39.009016,-0.007345,0.610341,22,
870,30.000000,38.108115,-0.093123,0.623454,30,308.000000
871,21.000000,36.397303,0.039168,0.614441,21,
872,27.000000,35.457573,-0.055179,0.599252,27,
873,12.000000,33.111816,-0.205108,0.610961,12,
874,21.000000,31.900634,-0.163129,0.596728,21,
875,100.000000,38.710571,-0.031909,0.651614,100,
876,32.000000,38.039514,-0.147995,0.640936,32,
877,303.000000,64.535562,-0.010827,0.643311,303,
878,20.000000,60.082006,0.047517,0.576882,20,
879,24.000000,56.473805,-0.114647,0.609767,24,
880,187.000000,69.526425,0.002590,0.658813,187,317.000000
881,15.000000,64.073782,-0.049389,0.569222,15,
882,75.000000,65.166404,-0.017921,0.636532,75,
883,105.000000,69.149764,-0.023130,0.626369,105,
884,63.000000,68.534787,-0.008668,0.634289,63,
885,31.000000,64.781309,0.042602,0.610283,31,
886,109.000000,69.203178,-0.022312,0.626664,109,
887,38.000000,66.082860,-0.008620,0.643837,38,
888,44.000000,63.874574,0.071297,0.632839,44,
889,20.000000,59.487117,-0.023103,0.598446,20,
890,162.000000,69.738405,0.023152,0.635828,162,369.000000
891,67.000000,69.464564,0.020744,0.624979,67,
892,116.000000,74.118108,-0.003839,0.667171,116,
893,43.000000,71.006297,-0.004407,0.627856,43,
894,134.000000,77.305667,0.004496,0.660225,134,
895,86.000000,78.175101,-0.012491,0.661107,86,
896,141.000000,84.457591,-0.002853,0.649650,141,
897,20.000000,78.011832,-0.269477,0.631370,20,
898,39.000000,74.110648,-0.055244,0.620165,39,
899,73.000000,73.999584,-0.050748,0.622019,73,
900,37.000000,70.299625,-0.006460,0.623810,37,232.000000
901,47.000000,67.969663,0.011175,0.633478,47,
902,82.000000,69.372696,-0.009468,0.646269,82,
903,28.000000,65.235427,-0.040556,0.619912,28,
904,28.000000,61.511884,0.090229,0.617522,28,
905,89.000000,64.260696,0.019187,0.622330,89,
906,85.000000,66.334626,-0.017973,0.634059,85,
907,42.000000,63.901164,-0.059176,0.627370,42,
908,26.000000,60.111047,0.053259,0.637364,26,
909,76.000000,61.699942,0.026156,0.627671,76,
910,25.000000,58.029948,-0.078374,0.630380,25,196.000000
911,25.000000,54.726953,0.004960,0.592320,25,
912,77.000000,56.954258,-0.019143,0.643145,77,
913,76.000000,58.858832,-0.003652,0.656513,76,
914,79.000000,60.872949,-0.043571,0.652803,79,
915,66.000000,61.385654,-0.058469,0.645967,66,
916,41.000000,59.347089,0.009319,0.618771,41,
917,42.000000,57.612380,-0.095020,0.645884,42,
918,10.000000,52.851142,0.070785,0.553331,10,
919,34.000000,50.966028,-0.000892,0.621850,34,
920,24.000000,48.269425,0.103733,0.623149,24,266.000000
921,15.000000,44.942482,-0.096073,0.579739,15,
922,55.000000,45.948234,0.007193,0.619271,55,
923,100.000000,51.353411,0.002138,0.640100,100,
924,120.000000,58.218070,-0.011565,0.641776,120,
925,95.000000,61.896263,0.006122,0.648358,95,
926,70.000000,62.706636,0.028628,0.623809,70,
927,36.000000,60.035973,0.008219,0.606454,36,
928,123.000000,66.332376,-0.006616,0.639207,123,
929,89.000000,68.599138,-0.006310,0.641424,89,
930,299.000000,91.639224,-0.025607,0.654664,299,325.000000
931,167.000000,99.175302,-0.000579,0.647080,167,
932,57.000000,94.957772,0.011474,0.658750,57,
933,31.000000,88.561994,-0.084522,0.633490,31,
934,16.000000,81.305795,0.150993,0.591276,16,
935,33.000000,76.475215,0.069444,0.625818,33,
936,184.000000,87.227694,0.001667,0.662793,184,
937,118.000000,90.304925,0.009866,0.653660,118,
938,33.000000,84.574432,0.015959,0.597886,33,
939,48.000000,80.916989,-0.015456,0.640569,48,
940,68.000000,79.625290,-0.009537,0.635257,68,229.000000
941,133.000000,84.962761,-0.024962,0.635310,133,
942,28.000000,79.266485,-0.027913,0.612429,28,
943,36.000000,74.939836,0.046960,0.589251,36,
944,90.000000,76.445853,-0.007221,0.643054,90,
945,34.000000,72.201267,-0.001785,0.618277,34,
946,57.000000,70.681141,0.008268,0.646868,57,
947,99.000000,73.513027,-0.021902,0.641723,99,
948,21.000000,68.261724,-0.026833,0.618585,21,
949,46.000000,66.035552,-0.072523,0.626402,46,
950,62.000000,65.631996,-0.086115,0.653936,62,291.000000
951,22.000000,61.268797,0.001126,0.602870,22,
952,97.000000,64.841917,-0.011439,0.658339,97,
953,73.000000,65.657725,-0.027803,0.648966,73,
954,46.000000,63.691953,-0.015936,0.649018,46,
955,52.000000,62.522758,-0.056128,0.646234,52,
956,107.000000,66.970482,-0.015635,0.636466,107,
957,47.000000,64.973434,-0.072313,0.650465,47,
958,22.000000,60.676090,0.039880,0.592481,22,
959,34.000000,58.008481,0.007971,0.636154,34,
960,121.000000,64.307633,-0.008154,0.649606,121,192.000000
961,176.000000,75.476870,-0.006151,0.633297,176,
962,80.000000,75.929183,0.015399,0.640123,80,
963,65.000000,74.836265,-0.038347,0.648810,65,
964,39.000000,71.252638,-0.074666,0.644658,39,
965,41.000000,68.227374,-0.061824,0.627717,41,
966,93.000000,70.704637,-0.052738,0.605353,93,
967,74.000000,71.034173,0.006361,0.669970,74,
968,211.000000,85.030756,0.009521,0.635451,211,
969,97.000000,86.227680,-0.019868,0.646037,97,
970,39.000000,81.504912,-0.028130,0.617846,39,156.000000
971,83.000000,81.654421,-0.046238,0.631817,83,
972,84.000000,81.888979,-0.032736,0.653328,84,
973,71.000000,80.800081,-0.011665,0.662440,71,
974,80.000000,80.720073,-0.021173,0.658718,80,
975,100.000000,82.648066,-0.065515,0.643216,100,
976,129.000000,87.283259,-0.018246,0.653580,129,
977,115.000000,90.054933,-0.012809,0.666965,115,
978,31.000000,84.149440,0.004367,0.644747,31,
979,29.000000,78.634496,0.080142,0.599004,29,
980,22.000000,72.971046,0.039566,0.600961,22,204.000000
981,22.000000,67.873942,0.077571,0.614201,22,
982,155.000000,76.586547,-0.003284,0.659690,155,
983,34.000000,72.327893,-0.066494,0.652685,34,
984,13.000000,66.395103,0.214444,0.552699,13,
985,28.000000,62.555593,-0.042682,0.628089,28,
986,62.000000,62.500034,0.030301,0.650204,62,
987,101.000000,66.350030,-0.022893,0.639979,101,
988,12.000000,60.915027,0.016905,0.585521,12,
989,75.000000,62.323525,0.017691,0.647686,75,
990,29.000000,58.991172,0.032729,0.626811,29,379.000000
991,185.000000,71.592055,-0.002193,0.637289,185,
992,71.000000,71.532849,-0.025687,0.636846,71,
993,30.000000,67.379565,0.037708,0.617641,30,
994,22.000000,62.841608,-0.116631,0.608366,22,
995,41.000000,60.657447,-0.039594,0.644543,41,
996,28.000000,57.391703,-0.016641,0.594015,28,
997,133.000000,64.952532,-0.039093,0.636139,133,
998,39.000000,62.357279,-0.074753,0.651946,39,
999,27.000000,58.821551,-0.127634,0.631687,27,
1000,115.000000,64.439396,-0.060932,0.656297,115,369.000000
1001,166.000000,74.595456,0.009389,0.646514,166,
1002,67.000000,73.835911,-0.022139,0.622607,67,
1003,144.000000,80.852320,-0.017924,0.658966,144,
1004,11.000000,73.867088,0.101448,0.565773,11,
1005,79.000000,74.380379,-0.087061,0.649376,79,
1006,94.000000,76.342341,-0.013576,0.656787,94,
1007,37.000000,72.408107,0.037326,0.630157,37,
1008,49.000000,70.067296,0.033157,0.617611,49,
1009,157.000000,78.760567,0.007283,0.662973,157,
1010,45.000000,75.384510,-0.016783,0.634304,45,234.000000
1011,36.000000,71.446059,0.049787,0.618880,36,
1012,27.000000,67.001453,0.035260,0.614211,27,
1013,22.000000,62.501308,0.032894,0.591919,22,
1014,73.000000,63.551177,-0.001566,0.640365,73,
1015,39.000000,61.096059,-0.012790,0.580599,39,
1016,84.000000,63.386453,0.008493,0.670169,84,
1017,107.000000,67.747808,-0.026906,0.637343,107,
1018,85.000000,69.473027,0.002038,0.652778,85,
1019,86.000000,71.125725,0.008751,0.655839,86,
1020,13.000000,65.313152,-0.115762,0.578240,13,230.000000
1021,222.000000,80.981837,-0.021548,0.657472,222,
1022,48.000000,77.683653,-0.086878,0.607988,48,
1023,17.000000,71.615288,0.111730,0.598790,17,
1024,126.000000,77.053759,-0.011846,0.669959,126,
1025,173.000000,86.648383,-0.026135,0.641774,173,
1026,14.000000,79.383545,0.060975,0.555367,14,
1027,59.000000,77.345190,-0.070168,0.661921,59,
1028,20.000000,71.610671,0.036228,0.621094,20,
1029,22.000000,66.649604,0.040914,0.624373,22,
1030,146.000000,74.584644,-0.003881,0.629011,146,188.000000
1031,62.000000,73.326179,0.039609,0.646385,62,
1032,21.000000,68.093561,0.069896,0.590618,21,
1033,96.000000,70.884205,-0.000590,0.646419,96,
1034,41.000000,67.895785,-0.079286,0.646658,41,
1035,113.000000,72.406206,-0.001894,0.641772,113,
1036,60.000000,71.165586,-0.017559,0.622487,60,
1037,28.000000,66.849027,-0.072010,0.631259,28,
1038,11.000000,61.264124,0.031613,0.562585,11,
1039,102.000000,65.337712,-0.015150,0.633777,102,
1040,18.000000,60.603941,0.125631,0.592118,18,329.000000
1041,38.000000,58.343547,-0.038143,0.623325,38,
1042,73.000000,59.809192,-0.049157,0.651526,73,
1043,83.000000,62.128273,-0.013050,0.622085,83,
1044,106.000000,66.515446,-0.042063,0.636866,106,
1045,47.000000,64.563901,-0.000847,0.646011,47,
1046,9.000000,59.007511,0.055191,0.525129,9,
1047,234.000000,76.506760,-0.022867,0.649168,234,
1048,85.000000,77.356084,-0.035494,0.651649,85,
1049,24.000000,72.020475,-0.061050,0.607220,24,
1050,175.000000,82.318428,-0.067746,0.656428,175,219.000000
1051,60.000000,80.086585,-0.066764,0.606138,60,
1052,72.000000,79.277927,0.019520,0.647132,72,
1053,11.000000,72.450134,0.151211,0.554238,11,
1054,45.000000,69.705121,-0.046072,0.652244,45,
1055,25.000000,65.234608,-0.028956,0.603523,25,
1056,23.000000,61.011148,0.087534,0.624478,23,
1057,74.000000,62.310033,-0.001547,0.609218,74,
1058,20.000000,58.079030,0.005656,0.616433,20,
1059,73.000000,59.571127,0.027540,0.638193,73,
1060,23.000000,55.914014,0.043433,0.602578,23,256.000000
1061,137.000000,64.022613,-0.016880,0.655063,137,
1062,48.000000,62.420351,0.005267,0.605531,48,
1063,33.000000,59.478316,-0.095717,0.615690,33,
1064,52.000000,58.730485,-0.012918,0.633594,52,
1065,136.000000,66.457436,-0.008291,0.653002,136,
1066,52.000000,65.011692,0.013319,0.627829,52,
1067,37.000000,62.210523,-0.068840,0.610868,37,
1068,30.000000,58.989471,-0.031230,0.621370,30,
1069,48.000000,57.890524,-0.105547,0.640900,48,
1070,67.000000,58.801471,0.015131,0.624371,67,352.000000
1071,11.000000,54.021324,0.359333,0.529976,11,
1072,17.000000,50.319192,0.031215,0.583838,17,
1073,64.000000,51.687273,-0.042048,0.649809,64,
1074,108.000000,57.318545,-0.012093,0.645046,108,
1075,89.000000,60.486691,-0.078194,0.656446,89,
1076,15.000000,55.938022,0.136480,0.568586,15,
1077,112.000000,61.544220,0.009036,0.635478,112,
1078,31.000000,58.489798,-0.027838,0.623092,31,
1079,86.000000,61.240818,-0.019302,0.643785,86,
1080,186.000000,73.716736,-0.006351,0.661608,186,271.000000
1081,115.000000,77.845062,0.004338,0.662955,115,
1082,64.000000,76.460556,0.041061,0.630784,64,
1083,24.000000,71.214501,-0.167633,0.616636,24,
1084,20.000000,66.093051,0.010905,0.615557,20,
1085,90.000000,68.483745,-0.050548,0.655754,90,
1086,101.000000,71.735371,-0.011123,0.641756,101,
1087,119.000000,76.461834,0.003259,0.653364,119,
1088,29.000000,71.715650,-0.325253,0.615041,29,
1089,16.000000,66.144085,-0.119164,0.600460,16,
1090,40.000000,63.529677,0.010758,0.604671,40,201.000000
1091,112.000000,68.376709,0.004803,0.647955,112,
1092,185.000000,80.039038,-0.008421,0.661601,185,
1093,22.000000,74.235134,-0.050252,0.565253,22,
1094,30.000000,69.811621,-0.043011,0.640168,30,
1095,29.000000,65.730459,-0.071936,0.633536,29,
1096,17.000000,60.857413,0.042893,0.613912,17,
1097,51.000000,59.871672,-0.021817,0.645700,51,
1098,85.000000,62.384505,0.002196,0.628243,85,
1099,94.000000,65.546054,-0.016628,0.649705,94,
1100,103.000000,69.291449,-0.047521,0.661983,103,192.000000
1101,60.000000,68.362304,-0.074434,0.623033,60,
1102,95.000000,71.026073,-0.039223,0.654779,95,
1103,31.000000,67.023466,-0.148295,0.620291,31,
1104,81.000000,68.421119,-0.033788,0.651562,81,
1105,52.000000,66.779008,-0.005524,0.649051,52,
1106,119.000000,72.001107,0.007481,0.631459,119,
1107,22.000000,67.000996,-0.082347,0.586159,22,
1108,146.000000,74.900896,-0.023619,0.646217,146,
1109,30.000000,70.410807,0.043994,0.633061,30,
1110,20.000000,65.369726,0.050148,0.597405,20,187.000000
1111,78.000000,66.632754,0.009727,0.623654,78,
1112,183.000000,78.269478,-0.015066,0.624114,183,
1113,38.000000,74.242530,-0.011122,0.643845,38,
1114,120.000000,78.818277,0.009571,0.664722,120,
1115,104.000000,81.336450,-0.028828,0.657050,104,
1116,16.000000,74.802805,0.039389,0.567284,16,
1117,49.000000,72.222524,0.008243,0.636395,49,
1118,41.000000,69.100272,-0.069796,0.637739,41,
1119,31.000000,65.290245,0.052273,0.622616,31,
1120,53.000000,64.061220,-0.057623,0.619578,53,261.000000
1121,25.000000,60.155098,-0.007939,0.601066,25,
1122,75.000000,61.639588,-0.003523,0.653024,75,
1123,28.000000,58.275629,0.042811,0.592521,28,
1124,27.000000,55.148067,-0.039228,0.609862,27,
1125,24.000000,52.033260,-0.050576,0.584150,24,
1126,88.000000,55.629934,-0.007617,0.628583,88,
1127,22.000000,52.266940,0.047573,0.608992,22,
1128,34.000000,50.440246,0.007593,0.611682,34,
1129,31.000000,48.496222,0.004744,0.628878,31,
1130,83.000000,51.946600,-0.008438,0.653398,83,305.000000
1131,34.000000,50.151940,-0.067971,0.645919,34,
1132,86.000000,53.736746,0.008029,0.652905,86,
1133,17.000000,50.063071,0.057440,0.585756,17,
1134,9.000000,45.956764,0.279346,0.536679,9,
1135,30.000000,44.361088,-0.003435,0.605687,30,
1136,194.000000,59.324979,-0.004843,0.655217,194,
1137,15.000000,54.892481,0.111039,0.587228,15,
1138,13.000000,50.703233,0.035189,0.568480,13,
1139,22.000000,47.832910,0.068488,0.609294,22,
1140,153.000000,58.349619,-0.019716,0.642004,153,500.000000
1141,71.000000,59.614657,0.017437,0.648681,71,
1142,15.000000,55.153191,0.173203,0.577318,15,
1143,89.000000,58.537872,-0.037564,0.643389,89,
1144,60.000000,58.684085,0.018942,0.644382,60,
1145,87.000000,61.515676,-0.004110,0.657171,87,
1146,71.000000,62.464109,-0.057019,0.639701,71,
1147,89.000000,65.117698,0.013219,0.656412,89,
1148,286.000000,87.205928,-0.002094,0.645656,286,
1149,182.000000,96.685335,-0.003649,0.638995,182,
1150,56.000000,92.616802,-0.012420,0.629736,56,286.000000
1151,18.000000,85.155122,-0.005480,0.579372,18,
1152,23.000000,78.939609,0.123148,0.619372,23,
1153,19.000000,72.945648,0.057009,0.567782,19,
1154,12.000000,66.851084,-0.014173,0.598161,12,
1155,55.000000,65.665975,-0.029349,0.629534,55,
1156,70.000000,66.099378,-0.014287,0.614242,70,
1157,15.000000,60.989440,-0.050842,0.592302,15,
1158,69.000000,61.790496,0.001673,0.604159,69,
1159,149.000000,70.511446,-0.040806,0.642491,149,
1160,79.000000,71.360302,-0.011467,0.660122,79,212.000000
1161,41.000000,68.324272,-0.015174,0.654670,41,
1162,47.000000,66.191844,0.001057,0.638375,47,
1163,21.000000,61.672660,0.088054,0.626878,21,
1164,68.000000,62.305394,-0.035564,0.650042,68,
1165,74.000000,63.474855,-0.070602,0.658953,74,
1166,178.000000,74.927369,0.000896,0.643509,178,
1167,54.000000,72.834632,-0.032550,0.635912,54,
1168,51.000000,70.651169,-0.020880,0.611349,51,
1169,69.000000,70.486052,0.036428,0.614736,69,
1170,27.000000,66.137447,0.068664,0.633825,27,208.000000
1171,95.000000,69.023702,-0.017502,0.630225,95,
1172,32.000000,65.321332,0.017914,0.638571,32,
1173,29.000000,61.689199,0.099720,0.591778,29,
1174,66.000000,62.120279,-0.027091,0.643448,66,
1175,48.000000,60.708251,-0.043505,0.630067,48,
1176,38.000000,58.437426,-0.041565,0.641435,38,
1177,12.000000,53.793683,0.072054,0.595317,12,
1178,84.000000,56.814315,-0.022732,0.649317,84,
1179,37.000000,54.832883,-0.079867,0.597368,37,
1180,30.000000,52.349595,0.044166,0.627727,30,229.000000
1181,17.000000,48.814636,-0.045888,0.585345,17,
1182,32.000000,47.133172,0.043733,0.620560,32,
1183,27.000000,45.119855,0.118136,0.603766,27,
1184,38.000000,44.407869,-0.059608,0.645571,38,
1185,176.000000,57.567082,-0.010843,0.634437,176,
1186,84.000000,60.210374,0.017119,0.616720,84,
1187,20.000000,56.189337,0.089233,0.560640,20,
1188,22.000000,52.770403,0.047412,0.608480,22,
1189,90.000000,56.493363,-0.011688,0.640089,90,
1190,22.000000,53.044027,-0.057719,0.618025,22,251.000000
1191,67.000000,54.439624,-0.096848,0.639928,67,
1192,21.000000,51.095661,0.022117,0.617735,21,
1193,52.000000,51.186095,-0.054529,0.646136,52,
1194,9.000000,46.967486,0.312084,0.513023,9,
1195,23.000000,44.570737,0.072139,0.616741,23,
1196,16.000000,41.713663,0.041523,0.597503,16,
1197,14.000000,38.942297,0.063387,0.584675,14,
1198,40.000000,39.048067,0.021612,0.629342,40,
1199,51.000000,40.243261,-0.045738,0.644094,51,
1200,32.000000,39.418935,0.033658,0.626840,32,283.000000
1201,99.000000,45.377041,-0.053578,0.646058,99,
1202,26.000000,43.439337,0.020588,0.600955,26,
1203,16.000000,40.695403,0.047413,0.571907,16,
1204,19.000000,38.525863,-0.069723,0.588084,19,
1205,42.000000,38.873277,-0.055186,0.636315,42,
1206,31.000000,38.085949,0.044139,0.627504,31,
1207,62.000000,40.477354,-0.016154,0.650011,62,
1208,19.000000,38.329619,-0.026258,0.586269,19,
1209,61.000000,40.596657,0.001901,0.631342,61,
1210,12.000000,37.736991,0.074109,0.599019,12,276.000000
1211,77.000000,41.663292,-0.029297,0.625704,77,
1212,17.000000,39.196963,0.120377,0.611106,17,
1213,30.000000,38.277267,0.077659,0.622648,30,
1214,128.000000,47.249540,-0.017785,0.652287,128,
1215,178.000000,60.324586,0.005570,0.666557,178,
1216,12.000000,55.492127,-0.116761,0.554965,12,
1217,89.000000,58.842915,0.005522,0.634822,89,
1218,26.000000,55.558623,-0.071298,0.634043,26,
1219,16.000000,51.602761,0.141637,0.601479,16,
1220,57.000000,52.142485,-0.024382,0.640458,57,232.000000
1221,79.000000,54.828236,0.000197,0.638675,79,
1222,141.000000,63.445413,0.019755,0.649547,141,
1223,54.000000,62.500871,-0.097965,0.650335,54,
1224,155.000000,71.750784,-0.024511,0.644678,155,
1225,51.000000,69.675706,0.005331,0.650442,51,
1226,45.000000,67.208135,-0.024192,0.618765,45,
1227,87.000000,69.187322,-0.033211,0.656816,87,
1228,89.000000,71.168590,0.000566,0.650124,89,
1229,53.000000,69.351731,-0.115787,0.647815,53,
1230,165.000000,78.916558,-0.030685,0.647327,165,270.000000
1231,47.000000,75.724902,-0.058730,0.635696,47,
1232,19.000000,70.052412,0.037459,0.586338,19,
1233,59.000000,68.947170,0.066036,0.627259,59,
1234,44.000000,66.452453,-0.052607,0.651283,44,
1235,65.000000,66.307208,-0.013627,0.644905,65,
1236,90.000000,68.676487,-0.012435,0.640680,90,
1237,26.000000,64.408839,-0.032290,0.616533,26,
1238,69.000000,64.867955,-0.068856,0.623382,69,
1239,45.000000,62.881159,0.023672,0.612202,45,
1240,160.000000,72.593043,-0.038225,0.646284,160,267.000000
1241,102.000000,75.533739,0.029333,0.650169,102,
1242,79.000000,75.880365,-0.001612,0.645608,79,
1243,47.000000,72.992329,0.025007,0.645827,47,
1244,51.000000,70.793096,-0.065330,0.632003,51,
1245,220.000000,85.713786,0.006921,0.658898,220,
1246,23.000000,79.442408,-0.175928,0.621605,23,
1247,87.000000,80.198167,-0.039341,0.652361,87,
1248,51.000000,77.278350,-0.018756,0.635117,51,
1249,68.000000,76.350515,-0.031641,0.644153,68,
1250,80.000000,76.715464,0.026738,0.620085,80,263.000000
1251,13.000000,70.343917,0.029678,0.523592,13,
1252,136.000000,76.909525,-0.030021,0.663809,136,
1253,123.000000,81.518573,-0.009371,0.658172,123,
1254,25.000000,75.866716,-0.076217,0.633429,25,
1255,84.000000,76.680044,-0.041640,0.652031,84,
1256,110.000000,80.012040,-0.012484,0.654638,110,
1257,30.000000,75.010836,0.086270,0.614884,30,
1258,25.000000,70.009752,-0.020603,0.623824,25,
1259,77.000000,70.708777,-0.003964,0.648697,77,
1260,108.000000,74.437899,0.013935,0.665162,108,309.000000
1261,20.000000,68.994109,0.159334,0.588934,20,
1262,24.000000,64.494698,0.019557,0.623301,24,
1263,16.000000,59.645229,0.044042,0.564090,16,
1264,83.000000,61.980706,-0.060709,0.641120,83,
1265,35.000000,59.282635,0.052646,0.590432,35,
1266,35.000000,56.854372,0.059450,0.628864,35,
1267,37.000000,54.868934,-0.002648,0.632275,37,
1268,53.000000,54.682041,-0.022407,0.635771,53,
1269,97.000000,58.913837,0.007175,0.645279,97,
1270,42.000000,57.222453,0.002142,0.636295,42,500.000000
1271,99.000000,61.400208,-0.012473,0.626591,99,
1272,63.000000,61.560187,0.022715,0.652644,63,
1273,42.000000,59.604168,-0.028134,0.628468,42,
1274,78.000000,61.443752,0.005636,0.651883,78,
1275,64.000000,61.699376,0.020958,0.608044,64,
1276,29.000000,58.429439,0.032238,0.612252,29,
1277,35.000000,56.086495,0.003036,0.633090,35,
1278,76.000000,58.077845,-0.052009,0.649879,76,
1279,59.000000,58.170061,-0.039995,0.649723,59,
1280,122.000000,64.553055,-0.012879,0.645794,122,432.000000
1281,33.000000,61.397749,-0.067394,0.604525,33,
1282,208.000000,76.057974,0.006769,0.639223,208,
1283,16.000000,70.052177,0.060572,0.580604,16,
1284,131.000000,76.146959,-0.005314,0.647619,131,
1285,55.000000,74.032263,0.001580,0.633049,55,
1286,90.000000,75.629037,-0.024782,0.646754,90,
1287,146.000000,82.666133,-0.006287,0.636111,146,
1288,164.000000,90.799520,-0.022013,0.651330,164,
1289,31.000000,84.819568,-0.034918,0.639648,31,
1290,115.000000,87.837611,-0.012417,0.658078,115,281.000000
1291,137.000000,92.753850,0.002556,0.662903,137,
1292,136.000000,97.078465,0.007464,0.645294,136,
1293,106.000000,97.970619,-0.001316,0.668915,106,
1294,92.000000,97.373557,-0.014247,0.640198,92,
1295,175.000000,105.136201,-0.018334,0.650544,175,
1296,21.000000,96.722581,0.065290,0.605604,21,
1297,30.000000,90.050323,-0.128294,0.609152,30,
1298,78.000000,88.845291,0.007702,0.618231,78,
1299,52.000000,85.160761,-0.119914,0.627222,52,
1300,44.000000,81.044685,-0.047587,0.624338,44,246.000000
1301,125.000000,85.440217,-0.005399,0.665361,125,
1302,40.000000,80.896195,0.036820,0.639257,40,
1303,13.000000,74.106576,-0.094050,0.597486,13,
1304,26.000000,69.295918,-0.103285,0.630026,26,
1305,66.000000,68.966326,-0.020455,0.627717,66,
1306,124.000000,74.469694,-0.031058,0.655558,124,
1307,167.000000,83.722724,-0.037306,0.643927,167,
1308,26.000000,77.950452,0.074052,0.618033,26,
1309,94.000000,79.555407,-0.029651,0.637820,94,
1310,164.000000,87.999866,-0.033188,0.634900,164,232.000000
1311,77.000000,86.899879,-0.044386,0.618458,77,
1312,120.000000,90.209891,0.007755,0.640207,120,
1313,37.000000,84.888902,0.089523,0.579090,37,
1314,61.000000,82.500012,-0.042593,0.626477,61,
1315,66.000000,80.850011,0.001482,0.637027,66,
1316,123.000000,85.065010,0.005719,0.665941,123,
1317,27.000000,79.258509,-0.046030,0.577475,27,
1318,94.000000,80.732658,-0.009730,0.612065,94,
1319,80.000000,80.659392,-0.030790,0.631464,80,
1320,17.000000,74.293453,-0.017969,0.595882,17,235.000000
1321,12.000000,68.064108,-0.164376,0.586123,12,
1322,41.000000,65.357697,-0.079276,0.646539,41,
1323,131.000000,71.921927,-0.075452,0.646264,131,
1324,127.000000,77.429734,-0.060994,0.628444,127,
1325,15.000000,71.186761,0.174140,0.575997,15,
1326,67.000000,70.768085,-0.000108,0.641170,67,
1327,110.000000,74.691276,-0.014240,0.642594,110,
1328,66.000000,73.822149,-0.045870,0.626082,66,
1329,19.000000,68.339934,0.016453,0.588734,19,
1330,106.000000,72.105941,-0.009657,0.652481,106,248.000000
1331,125.000000,77.395346,-0.042622,0.650954,125,
1332,77.000000,77.355812,-0.010034,0.637233,77,
1333,28.000000,72.420231,0.021626,0.595356,28,
1334,40.000000,69.178208,-0.004416,0.633699,40,
1335,104.000000,72.660387,-0.004547,0.642659,104,
1336,42.000000,69.594348,-0.050131,0.607871,42,
1337,104.000000,73.034913,0.001623,0.666047,104,
1338,58.000000,71.531422,-0.032689,0.628974,58,
1339,79.000000,72.278280,-0.029047,0.648870,79,
1340,111.000000,76.150452,0.008953,0.648841,111,500.000000
1341,20.000000,70.535407,-0.097621,0.613165,20,
1342,100.000000,73.481866,-0.026671,0.621241,100,
1343,43.000000,70.433679,0.005324,0.617621,43,
1344,51.000000,68.490311,-0.077146,0.639630,51,
1345,22.000000,63.841280,-0.093203,0.621209,22,
1346,22.000000,59.657152,0.000747,0.575870,22,
1347,89.000000,62.591437,-0.014986,0.648766,89,
1348,42.000000,60.532293,-0.039586,0.627479,42,
1349,34.000000,57.879064,0.045261,0.621274,34,
1350,72.000000,59.291158,0.026715,0.610960,72,194.000000
1351,110.000000,64.362042,-0.037486,0.619556,110,
1352,18.000000,59.725838,0.045050,0.546429,18,
1353,27.000000,56.453254,-0.066434,0.578451,27,
1354,14.000000,52.207928,0.145670,0.554202,14,
1355,192.000000,66.187136,0.008380,0.657128,192,
1356,19.000000,61.468422,-0.150824,0.602158,19,
1357,56.000000,60.921580,0.004579,0.667665,56,
1358,183.000000,73.129422,-0.003829,0.651259,183,
1359,75.000000,73.316480,-0.013386,0.622172,75,
1360,33.000000,69.284832,-0.115273,0.647210,33,169.000000
1361,16.000000,63.956349,0.033410,0.597513,16,
1362,88.000000,66.360714,-0.027456,0.648633,88,
1363,120.000000,71.724642,-0.017887,0.644991,120,
1364,16.000000,66.152178,0.114907,0.592869,16,
1365,51.000000,64.636960,-0.021770,0.616512,51,
1366,47.000000,62.873264,-0.071259,0.630404,47,
1367,10.000000,57.585938,0.186397,0.553595,10,
1368,94.000000,61.227344,-0.016978,0.658607,94,
1369,34.000000,58.504610,0.000282,0.641228,34,
1370,20.000000,54.654149,0.045229,0.568954,20,173.000000
1371,74.000000,56.588734,-0.010610,0.648363,74,
1372,131.000000,64.029860,-0.013055,0.639435,131,
1373,100.000000,67.626874,-0.001388,0.656926,100,
1374,226.000000,83.464187,-0.006671,0.665381,226,
1375,68.000000,81.917768,-0.037556,0.665423,68,
1376,59.000000,79.625991,0.020304,0.648996,59,
1377,26.000000,74.263392,-0.016295,0.585476,26,
1378,60.000000,72.837053,0.023140,0.613625,60,
1379,62.000000,71.753348,-0.028564,0.605866,62,
1380,67.000000,71.278013,0.017729,0.640092,67,207.000000
1381,35.000000,67.650212,-0.059054,0.617483,35,
1382,81.000000,68.985191,-0.024592,0.656031,81,
1383,66.000000,68.686671,-0.016161,0.619387,66,
1384,27.000000,64.518004,-0.182277,0.622877,27,
1385,14.000000,59.466204,-0.046949,0.581828,14,
1386,125.000000,66.019583,-0.012908,0.637551,125,
1387,65.000000,65.917625,-0.035722,0.592152,65,
1388,32.000000,62.525863,0.021954,0.602164,32,
1389,37.000000,59.973276,-0.038093,0.595018,37,
1390,38.000000,57.775949,0.018967,0.630632,38,484.000000
1391,83.000000,60.298354,-0.049651,0.640826,83,
1392,162.000000,70.468518,-0.014481,0.659944,162,
1393,50.000000,68.421667,-0.050604,0.635004,50,
1394,24.000000,63.979500,0.007848,0.598364,24,
1395,12.000000,58.781550,0.059415,0.518522,12,
1396,91.000000,62.003395,0.005493,0.634417,91,
1397,42.000000,60.003055,0.000555,0.609646,42,
1398,22.000000,56.202750,0.025835,0.617997,22,
1399,21.000000,52.682475,-0.043514,0.605738,21,
1400,18.000000,49.214227,-0.053450,0.608799,18,266.000000
1401,136.000000,57.892805,-0.006978,0.653480,136,
1402,189.000000,71.003524,0.002396,0.642307,189,
1403,33.000000,67.203172,-0.015555,0.594657,33,
1404,111.000000,71.582855,-0.024306,0.668326,111,
1405,53.000000,69.724569,-0.049963,0.633847,53,
1406,42.000000,66.952112,-0.010676,0.626612,42,
1407,191.000000,79.356901,-0.022246,0.654504,191,
1408,36.000000,75.021211,-0.033935,0.606906,36,
1409,67.000000,74.219090,0.012995,0.633633,67,
1410,41.000000,70.897181,0.082210,0.637364,41,359.000000
1411,70.000000,70.807463,-0.003455,0.629965,70,
1412,20.000000,65.726716,-0.196351,0.622351,20,
1413,29.000000,62.054045,0.038686,0.615975,29,
1414,29.000000,58.748640,-0.063762,0.613868,29,
1415,13.000000,54.173776,0.021637,0.559238,13,
1416,200.000000,68.756399,-0.000460,0.630018,200,
1417,88.000000,70.680759,-0.002319,0.651162,88,
1418,75.000000,71.112683,-0.018342,0.635869,75,
1419,102.000000,74.201415,-0.010326,0.633406,102,
1420,18.000000,68.581273,0.061294,0.588581,18,338.000000
1421,24.000000,64.123146,-0.081012,0.606709,24,
1422,32.000000,60.910831,-0.138689,0.629089,32,
1423,68.000000,61.619748,-0.012885,0.651970,68,
1424,109.000000,66.357773,-0.025590,0.610236,109,
1425,14.000000,61.121996,0.066019,0.569157,14,
1426,21.000000,57.109796,-0.082102,0.598380,21,
1427,42.000000,55.598817,0.033317,0.620641,42,
1428,177.000000,67.738935,-0.019479,0.664843,177,
1429,143.000000,75.265042,-0.027598,0.663592,143,
1430,14.000000,69.138537,-0.154284,0.594772,14,260.000000
1431,52.000000,67.424684,-0.101603,0.631367,52,
1432,51.000000,65.782215,-0.009511,0.644064,51,
1433,97.000000,68.903994,-0.000934,0.664356,97,
1434,27.000000,64.713594,-0.074948,0.626500,27,
1435,55.000000,63.742235,0.001339,0.626088,55,
1436,18.000000,59.168011,-0.018099,0.538834,18,
1437,35.000000,56.751210,-0.013824,0.636054,35,
1438,29.000000,53.976089,-0.071002,0.611152,29,
1439,19.000000,50.478480,-0.036890,0.591773,19,
1440,73.000000,52.730632,-0.011681,0.632255,73,193.000000
1441,63.000000,53.757569,-0.018990,0.617017,63,
1442,41.000000,52.481812,-0.069065,0.653363,41,
1443,55.000000,52.733631,-0.000911,0.650410,55,
1444,92.000000,56.660268,-0.008759,0.633255,92,
1445,29.000000,53.894241,0.039994,0.581521,29,
1446,75.000000,56.004817,-0.015390,0.623793,75,
1447,45.000000,54.904335,0.011906,0.639911,45,
1448,17.000000,51.113902,0.106898,0.545438,17,
1449,93.000000,55.302512,0.026078,0.632200,93,
1450,117.000000,61.472260,-0.055831,0.655528,117,216.000000
1451,35.000000,58.825034,-0.118786,0.643558,35,
1452,100.000000,62.942531,-0.008642,0.620066,100,
1453,56.000000,62.248278,-0.054379,0.656959,56,
1454,110.000000,67.023450,0.001684,0.628940,110,
1455,10.000000,61.321105,0.229785,0.519305,10,
1456,17.000000,56.888995,0.095619,0.590434,17,
1457,52.000000,56.400095,-0.135081,0.640501,52,
1458,85.000000,59.260086,0.003666,0.661137,85,
1459,11.000000,54.434077,-0.005735,0.540952,11,
1460,45.000000,53.490669,-0.104367,0.617885,45,243.000000
1461,75.000000,55.641602,-0.024488,0.655788,75,
1462,41.000000,54.177442,-0.042938,0.642713,41,
1463,49.000000,53.659698,0.016023,0.626586,49,
1464,18.000000,50.093728,-0.088621,0.600022,18,
1465,15.000000,46.584355,0.037387,0.586763,15,
1466,21.000000,44.025920,0.004215,0.604339,21,
1467,37.000000,43.323328,-0.004773,0.646759,37,
1468,85.000000,47.490995,-0.008557,0.628270,85,
1469,84.000000,51.141896,0.000543,0.662067,84,
1470,17.000000,47.727706,0.107271,0.597110,17,198.000000
1471,139.000000,56.854935,-0.009053,0.644849,139,
1472,33.000000,54.469442,-0.070329,0.602938,33,
1473,19.000000,50.922498,0.117033,0.609358,19,
1474,43.000000,50.130248,-0.008809,0.635105,43,
1475,25.000000,47.617223,-0.025637,0.615313,25,
1476,23.000000,45.155501,-0.177955,0.629592,23,
1477,80.000000,48.639951,-0.046456,0.637733,80,
1478,46.000000,48.375956,-0.007462,0.642971,46,
1479,75.000000,51.038360,0.059197,0.603000,75,
1480,189.000000,64.834524,-0.021149,0.642335,189,198.000000
1481,57.000000,64.051072,-0.016903,0.620012,57,
1482,162.000000,73.845964,0.003316,0.660059,162,
1483,95.000000,75.961368,-0.015730,0.659012,95,
1484,66.000000,74.965231,-0.012983,0.661113,66,
1485,81.000000,75.568708,-0.005271,0.653946,81,
1486,69.000000,74.911837,-0.030175,0.629541,69,
1487,18.000000,69.220654,0.094516,0.567059,18,
1488,108.000000,73.098588,0.006411,0.642465,108,
1489,53.000000,71.088729,0.022613,0.627518,53,
1490,107.000000,74.679856,0.004940,0.630368,107,500.000000
1491,38.000000,71.011871,-0.011107,0.628620,38,
1492,80.000000,71.910684,-0.045111,0.653803,80,
1493,21.000000,66.819615,-0.033172,0.608565,21,
1494,31.000000,63.237654,0.003681,0.599858,31,
1495,31.000000,60.013888,0.035787,0.620551,31,
1496,27.000000,56.712500,0.017054,0.606121,27,
1497,52.000000,56.241250,-0.092095,0.646771,52,
1498,28.000000,53.417125,-0.035823,0.577377,28,
1499,30.000000,51.075412,-0.026409,0.625953,30,
1500,223.000000,68.267871,-0.004871,0.659868,223,447.000000
1501,24.000000,63.841084,-0.073397,0.591060,24,
1502,196.000000,77.056975,-0.001955,0.654441,196,
1503,40.000000,73.351278,-0.027917,0.616833,40,
1504,103.000000,76.316150,-0.039999,0.641386,103,
1505,15.000000,70.184535,0.064219,0.577400,15,
1506,33.000000,66.466082,-0.046060,0.633312,33,
1507,73.000000,67.119473,0.006440,0.640597,73,
1508,119.000000,72.307526,-0.022519,0.623025,119,
1509,32.000000,68.276774,-0.178964,0.633140,32,
1510,95.000000,70.949096,-0.016138,0.647388,95,500.000000
1511,25.000000,66.354187,-0.149729,0.613943,25,
1512,56.000000,65.318768,0.024828,0.635655,56,
1513,55.000000,64.286891,-0.035524,0.613776,55,
1514,183.000000,76.158202,-0.038371,0.627352,183,
1515,86.000000,77.142382,-0.064465,0.624651,86,
1516,96.000000,79.028144,-0.004287,0.655551,96,
1517,76.000000,78.725329,-0.078942,0.637735,76,
1518,63.000000,77.152796,0.006599,0.654603,63,
1519,40.000000,73.437517,-0.056948,0.625203,40,
1520,92.000000,75.293765,-0.028477,0.662549,92,500.000000
1521,47.000000,72.464389,0.030971,0.626948,47,
1522,64.000000,71.617950,0.016195,0.640131,64,
1523,15.000000,65.956155,0.214580,0.557633,15,
1524,22.000000,61.560539,0.064627,0.596822,22,
1525,37.000000,59.104485,0.065411,0.613559,37,
1526,188.000000,71.994037,-0.001755,0.649751,188,
1527,41.000000,68.894633,-0.076918,0.640445,41,
1528,25.000000,64.505170,0.053607,0.598633,25,
1529,31.000000,61.154653,-0.015138,0.611984,31,
1530,12.000000,56.239188,-0.005516,0.541213,12,450.000000
1531,154.000000,66.015269,-0.001282,0.640010,154,
1532,31.000000,62.513742,0.022628,0.623455,31,
1533,146.000000,70.862368,0.006856,0.668915,146,
1534,58.000000,69.576131,0.003485,0.628256,58,
1535,112.000000,73.818518,-0.047017,0.636402,112,
1536,24.000000,68.836666,-0.011405,0.603545,24,
1537,68.000000,68.752999,0.016242,0.633523,68,
1538,92.000000,71.077700,-0.012520,0.662423,92,
1539,86.000000,72.569930,-0.050816,0.639550,86,
1540,77.000000,73.012937,0.005680,0.632182,77,500.000000
1541,73.000000,73.011643,-0.015627,0.614142,73,
1542,24.000000,68.110479,-0.009242,0.600639,24,
1543,35.000000,64.799431,0.024905,0.608784,35,
1544,16.000000,59.919488,0.147150,0.563329,16,
1545,46.000000,58.527539,0.003328,0.611992,46,
1546,175.000000,70.174785,0.008765,0.648464,175,
1547,36.000000,66.757307,0.019489,0.608441,36,
1548,19.000000,61.981576,-0.037916,0.589393,19,
1549,15.000000,57.283418,-0.085725,0.579856,15,
1550,23.000000,53.855076,0.005321,0.612316,23,322.000000
1551,30.000000,51.469569,-0.028179,0.603759,30,
1552,35.000000,49.822612,0.018558,0.624356,35,
1553,53.000000,50.140351,-0.024757,0.635166,53,
1554,69.000000,52.026316,-0.023271,0.642264,69,
1555,37.000000,50.523684,-0.049647,0.628685,37,
1556,37.000000,49.171316,-0.003132,0.631372,37,
1557,22.000000,46.454184,-0.022789,0.591049,22,
1558,52.000000,47.008766,-0.017115,0.610673,52,
1559,46.000000,46.907889,-0.015783,0.608820,46,
1560,58.000000,48.017100,-0.033609,0.639961,58,500.000000
1561,27.000000,45.915390,0.014197,0.616160,27,
1562,69.000000,48.223851,-0.032317,0.642494,69,
1563,46.000000,48.001466,-0.017042,0.619147,46,
1564,76.000000,50.801319,-0.067658,0.627180,76,
1565,56.000000,51.321188,0.009077,0.625244,56,
1566,38.000000,49.989069,-0.054273,0.627723,38,
1567,43.000000,49.290162,0.019284,0.622792,43,
1568,104.000000,54.761146,0.009685,0.647149,104,
1569,21.000000,51.385031,-0.106699,0.607199,21,
1570,138.000000,60.046528,-0.036354,0.649323,138,500.000000
1571,111.000000,65.141875,0.009892,0.662223,111,
1572,116.000000,70.227688,0.003850,0.652153,116,
1573,126.000000,75.804919,0.012222,0.649510,126,
1574,24.000000,70.624427,-0.018054,0.613373,24,
1575,104.000000,73.961984,-0.017687,0.641186,104,
1576,57.000000,72.265786,-0.074493,0.646574,57,
1577,46.000000,69.639207,-0.120214,0.611815,46,
1578,80.000000,70.675287,-0.020730,0.663277,80,
1579,103.000000,73.907758,-0.004862,0.656308,103,
1580,159.000000,82.416982,0.000985,0.668083,159,237.000000
1581,141.000000,88.275284,0.010342,0.624864,141,
1582,174.000000,96.847756,-0.018800,0.647060,174,
1583,78.000000,94.962980,-0.060350,0.647792,78,
1584,95.000000,94.966682,-0.065180,0.621096,95,
1585,77.000000,93.170014,0.005849,0.657797,77,
1586,50.000000,88.853012,0.014075,0.628429,50,
1587,123.000000,92.267711,-0.033750,0.628759,123,
1588,92.000000,92.240940,0.007271,0.640402,92,
1589,102.000000,93.216846,-0.036633,0.638884,102,
1590,124.000000,96.295161,0.005514,0.651852,124,215.000000
1591,35.000000,90.165645,0.022294,0.600998,35,
1592,21.000000,83.249081,-0.056936,0.560903,21,
1593,188.000000,93.724173,-0.003680,0.620540,188,
1594,74.000000,91.751755,0.018555,0.641194,74,
1595,36.000000,86.176580,0.014160,0.624071,36,
1596,23.000000,79.858922,-0.201083,0.629175,23,
1597,88.000000,80.673030,0.009038,0.631486,88,
1598,61.000000,78.705727,-0.013078,0.650754,61,
1599,10.000000,71.835154,0.220302,0.537744,10,
1600,35.000000,68.151639,-0.041127,0.610223,35,183.000000
1601,13.000000,62.636475,0.261779,0.519933,13,
1602,64.000000,62.772827,0.011760,0.617787,64,
1603,49.000000,61.395545,-0.031595,0.633591,49,
1604,33.000000,58.555990,-0.154443,0.645371,33,
1605,284.000000,81.100391,-0.009355,0.658763,284,
1606,21.000000,75.090352,-0.038216,0.605482,21,
1607,48.000000,72.381317,-0.011934,0.625316,48,
1608,39.000000,69.043185,-0.029955,0.599376,39,
1609,120.000000,74.138867,0.017465,0.640490,120,
1610,182.000000,84.924980,-0.024505,0.655436,182,247.000000
1611,164.000000,92.832482,0.000454,0.664936,164,
1612,117.000000,95.249234,-0.015709,0.655678,117,
1613,34.000000,89.124310,-0.196266,0.633111,34,
1614,54.000000,85.611879,0.010164,0.647281,54,
1615,21.000000,79.150691,0.031746,0.594626,21,
1616,63.000000,77.535622,-0.064136,0.626124,63,
1617,51.000000,74.882060,-0.029678,0.635664,51,
1618,68.000000,74.193854,-0.000254,0.612030,68,
1619,17.000000,68.474469,0.047213,0.592252,17,
1620,67.000000,68.327022,-0.029567,0.647711,67,360.000000
1621,96.000000,71.094320,-0.008621,0.648500,96,
1622,64.000000,70.384888,-0.025054,0.626366,64,
1623,178.000000,81.146399,-0.002724,0.657305,178,
1624,181.000000,91.131759,-0.028590,0.644208,181,
1625,82.000000,90.218583,-0.000955,0.661037,82,
1626,57.000000,86.896725,-0.008860,0.638130,57,
1627,148.000000,93.007052,-0.000354,0.642871,148,
1628,101.000000,93.806347,-0.006475,0.652176,101,
1629,20.000000,86.425712,0.012182,0.599807,20,
1630,116.000000,89.383141,-0.012262,0.615411,116,500.000000
1631,115.000000,91.944827,-0.037522,0.649246,115,
1632,118.000000,94.550344,-0.009460,0.659843,118,
1633,91.000000,94.195310,-0.003046,0.647329,91,
1634,41.000000,88.875779,-0.001825,0.626485,41,
1635,192.000000,99.188201,-0.043687,0.634294,192,
1636,210.000000,110.269381,-0.004180,0.652011,210,
1637,57.000000,104.942443,0.025659,0.645545,57,
1638,103.000000,104.748199,0.005356,0.623332,103,
1639,163.000000,110.573379,-0.014636,0.642566,163,
1640,35.000000,103.016041,0.007756,0.623909,35,297.000000
1641,39.000000,96.614437,0.010222,0.633498,39,
1642,14.000000,88.352993,0.089495,0.574473,14,
1643,76.000000,87.117694,-0.012759,0.653043,76,
1644,36.000000,82.005924,-0.097669,0.611535,36,
1645,59.000000,79.705332,-0.010906,0.612422,59,
1646,123.000000,84.034799,-0.016061,0.669116,123,
1647,21.000000,77.731319,0.058611,0.597977,21,
1648,22.000000,72.158187,0.047249,0.606558,22,
1649,60.000000,70.942368,-0.005215,0.641030,60,
1650,81.000000,71.948131,0.023050,0.612474,81,228.000000
1651,184.000000,83.153318,-0.006164,0.645982,184,
1652,25.000000,77.337986,0.048089,0.604822,25,
1653,113.000000,80.904188,-0.017097,0.655454,113,
1654,31.000000,75.913769,0.017399,0.630164,31,
1655,81.000000,76.422392,0.010328,0.624928,81,
1656,123.000000,81.080153,-0.015203,0.655823,123,
1657,21.000000,75.072138,-0.087081,0.607242,21,
1658,65.000000,74.064924,-0.069914,0.641477,65,
1659,81.000000,74.758431,0.014177,0.607651,81,
1660,33.000000,70.582588,0.012055,0.648980,33,222.000000
1661,117.000000,75.224330,0.004769,0.639378,117,
1662,203.000000,88.001897,-0.001638,0.651517,203,
1663,15.000000,80.701707,0.160195,0.573403,15,
1664,15.000000,74.131536,0.025695,0.553194,15,
1665,35.000000,70.218383,-0.046212,0.630704,35,
1666,59.000000,69.096544,0.028412,0.599723,59,
1667,120.000000,74.186890,-0.024027,0.655331,120,
1668,52.000000,71.968201,-0.004762,0.629546,52,
1669,104.000000,75.171381,0.005657,0.614483,104,
1670,37.000000,71.354243,0.005953,0.616630,37,229.000000
1671,29.000000,67.118818,-0.098074,0.638613,29,
1672,49.000000,65.306937,0.016769,0.650547,49,
1673,50.000000,63.776243,0.009262,0.633300,50,
1674,49.000000,62.298619,-0.001879,0.637001,49,
1675,27.000000,58.768757,-0.011281,0.628681,27,
1676,48.000000,57.691881,0.001415,0.629080,48,
1677,76.000000,59.522693,-0.015943,0.617523,76,
1678,73.000000,60.870424,-0.015005,0.635146,73,
1679,19.000000,56.683381,0.080900,0.575453,19,
1680,162.000000,67.215043,-0.023850,0.668787,162,339.000000
1681,118.000000,72.293539,0.002389,0.638013,118,
1682,52.000000,70.264185,0.030123,0.599865,52,
1683,15.000000,64.737766,0.095983,0.575594,15,
1684,93.000000,67.563990,0.008246,0.649318,93,
1685,33.000000,64.107591,0.048742,0.610180,33,
1686,161.000000,73.796832,-0.014710,0.651069,161,
1687,77.000000,74.117149,0.016122,0.623813,77,
1688,174.000000,84.105434,-0.010103,0.646387,174,
1689,141.000000,89.794890,-0.004555,0.657724,141,
1690,52.000000,86.015401,-0.059859,0.640842,52,500.000000
1691,30.000000,80.413861,0.024554,0.622374,30,
1692,24.000000,74.772475,-0.009166,0.609818,24,
1693,23.000000,69.595228,0.008257,0.608654,23,
1694,66.000000,69.235705,-0.059985,0.637242,66,
1695,55.000000,67.812134,0.002694,0.603474,55,
1696,28.000000,63.830921,-0.010223,0.611637,28,
1697,204.000000,77.847829,-0.013406,0.640671,204,
1698,27.000000,72.763046,-0.022250,0.609154,27,
1699,95.000000,74.986741,-0.029847,0.650307,95,
1700,142.000000,81.688067,-0.001337,0.649782,142,500.000000
1701,19.000000,75.419260,-0.089108,0.584370,19,
1702,98.000000,77.677334,-0.067785,0.605867,98,
1703,181.000000,88.009601,-0.024171,0.636589,181,
1704,359.000000,115.108641,-0.010345,0.652507,359,
1705,14.000000,104.997777,0.022172,0.577509,14,
1706,31.000000,97.597999,0.029364,0.594698,31,
1707,83.000000,96.138199,0.001861,0.643804,83,
1708,16.000000,88.124379,-0.069591,0.593602,16,
1709,32.000000,82.511941,-0.009987,0.612481,32,
1710,40.000000,78.260747,-0.044719,0.630253,40,500.000000
1711,126.000000,83.034673,-0.008590,0.627044,126,
1712,13.000000,76.031205,0.209777,0.547624,13,
1713,173.000000,85.728085,-0.002608,0.672779,173,
1714,36.000000,80.755276,-0.045242,0.637268,36,
1715,38.000000,76.479749,-0.037616,0.588349,38,
1716,64.000000,75.231774,0.009835,0.613344,64,
1717,124.000000,80.108596,-0.008327,0.660185,124,
1718,17.000000,73.797737,0.128320,0.567998,17,
1719,25.000000,68.917963,-0.196605,0.628367,25,
1720,160.000000,78.026167,-0.031355,0.626991,160,398.000000
1721,22.000000,72.423550,-0.210657,0.638596,22,
1722,76.000000,72.781195,0.002464,0.648334,76,
1723,28.000000,68.303076,0.094693,0.619446,28,
1724,51.000000,66.572768,-0.027147,0.650391,51,
1725,83.000000,68.215491,-0.002483,0.645130,83,
1726,65.000000,67.893942,0.007046,0.634739,65,
1727,80.000000,69.104548,0.002196,0.662164,80,
1728,51.000000,67.294093,-0.003985,0.641337,51,
1729,118.000000,72.364684,0.000846,0.650808,118,
1730,201.000000,85.228215,-0.003878,0.659089,201,500.000000
1731,123.000000,89.005394,-0.012813,0.668320,123,
1732,104.000000,90.504854,0.015233,0.643613,104,
1733,108.000000,92.254369,-0.013711,0.640573,108,
1734,114.000000,94.428932,0.000354,0.651531,114,
1735,73.000000,92.286039,-0.045415,0.627570,73,
1736,34.000000,86.457435,-0.077663,0.627451,34,
1737,17.000000,79.511692,-0.145346,0.584612,17,
1738,111.000000,82.660522,-0.005674,0.661794,111,
1739,120.000000,86.394470,-0.003699,0.664196,120,
1740,120.000000,89.755023,-0.031389,0.636917,120,500.000000
1741,21.000000,82.879521,-0.171760,0.595884,21,
1742,113.000000,85.891569,0.003441,0.674287,113,
1743,35.000000,80.802412,-0.055960,0.607400,35,
1744,47.000000,77.422171,-0.038443,0.632581,47,
1745,34.000000,73.079954,-0.013687,0.626523,34,
1746,30.000000,68.771958,-0.106966,0.640912,30,
1747,108.000000,72.694762,-0.020710,0.633795,108,
1748,40.000000,69.425286,-0.059535,0.632831,40,
1749,129.000000,75.382758,-0.072607,0.636288,129,
1750,33.000000,71.144482,-0.003404,0.606435,33,500.000000
1751,66.000000,70.630034,-0.041763,0.644924,66,
1752,84.000000,71.967030,-0.043973,0.628611,84,
1753,138.000000,78.570327,0.000193,0.652917,138,
1754,104.000000,81.113295,0.011487,0.621031,104,
1755,142.000000,87.201965,-0.015426,0.649155,142,
1756,44.000000,82.881769,0.029853,0.620408,44,
1757,205.000000,95.093592,0.025586,0.660510,205,
1758,101.000000,95.684233,-0.030385,0.643831,101,
1759,96.000000,95.715809,-0.004073,0.664336,96,
1760,197.000000,105.844228,0.007713,0.649429,197,393.000000
1761,70.000000,102.259806,-0.099977,0.644033,70,
1762,76.000000,99.633825,-0.027142,0.635455,76,
1763,90.000000,98.670442,-0.038391,0.648856,90,
1764,51.000000,93.903398,-0.024883,0.613448,51,
1765,45.000000,89.013058,-0.141864,0.651475,45,
1766,67.000000,86.811753,-0.037090,0.619939,67,
1767,85.000000,86.630577,0.004933,0.640274,85,
1768,88.000000,86.767520,-0.017156,0.643807,88,
1769,52.000000,83.290768,-0.097183,0.614437,52,
1770,55.000000,80.461691,-0.006416,0.636081,55,229.000000
1771,16.000000,74.015522,-0.112714,0.585659,16,
1772,132.000000,79.813970,-0.021042,0.636551,132,
1773,18.000000,73.632573,0.021206,0.587902,18,
1774,80.000000,74.269315,-0.007322,0.657467,80,
1775,26.000000,69.442384,-0.005698,0.601686,26,
1776,147.000000,77.198145,-0.040239,0.662500,147,
1777,43.000000,73.778331,-0.043458,0.615185,43,
1778,112.000000,77.600498,0.010717,0.644562,112,
1779,87.000000,78.540448,0.006161,0.637856,87,
1780,37.000000,74.386403,0.000701,0.633767,37,192.000000
1781,28.000000,69.747763,0.024648,0.630914,28,
1782,76.000000,70.372987,0.007819,0.640591,76,
1783,22.000000,65.535688,-0.008109,0.593694,22,
1784,126.000000,71.582119,0.018221,0.629137,126,
1785,101.000000,74.523907,0.024077,0.646514,101,
1786,134.000000,80.471517,-0.029453,0.642729,134,
1787,23.000000,74.724365,0.007562,0.611439,23,
1788,26.000000,69.851928,-0.095726,0.616236,26,
1789,71.000000,69.966736,0.010336,0.627592,71,
1790,69.000000,69.870062,-0.024724,0.657853,69,205.000000
1791,31.000000,65.983056,-0.038931,0.617305,31,
1792,98.000000,69.184750,-0.022714,0.646734,98,
1793,82.000000,70.466275,0.003622,0.643750,82,
1794,111.000000,74.519648,-0.028628,0.654066,111,
1795,66.000000,73.667683,-0.005439,0.646165,66,
1796,46.000000,70.900915,-0.073342,0.635736,46,
1797,30.000000,66.810823,-0.065396,0.622520,30,
1798,103.000000,70.429741,-0.000608,0.661419,103,
1799,61.000000,69.486767,-0.043116,0.644011,61,
1800,14.000000,63.938090,-0.080547,0.568016,14,500.000000
1801,190.000000,76.544281,-0.024477,0.654513,190,
1802,142.000000,83.089853,-0.011122,0.645434,142,
1803,34.000000,78.180868,-0.001574,0.606911,34,
1804,21.000000,72.462781,-0.018682,0.572627,21,
1805,20.000000,67.216503,0.099532,0.603289,20,
1806,18.000000,62.294853,0.028383,0.602954,18,
1807,67.000000,62.765367,-0.103864,0.656973,67,
1808,36.000000,60.088831,0.049319,0.628994,36,
1809,25.000000,56.579947,0.021756,0.608144,25,
1810,58.000000,56.721953,-0.004574,0.623040,58,420.000000
1811,97.000000,60.749757,-0.046731,0.645287,97,
1812,20.000000,56.674782,0.044810,0.595414,20,
1813,90.000000,60.007304,0.003464,0.648436,90,
1814,150.000000,69.006573,-0.017125,0.667503,150,
1815,82.000000,70.305916,-0.035702,0.602060,82,
1816,16.000000,64.875324,-0.148260,0.605187,16,
1817,16.000000,59.987792,-0.003787,0.581376,16,
1818,48.000000,58.789013,-0.005484,0.638909,48,
1819,187.000000,71.610111,-0.016168,0.642466,187,
1820,113.000000,75.749100,0.005997,0.658204,113,331.000000
1821,55.000000,73.674190,-0.050542,0.643381,55,
1822,213.000000,87.606771,-0.020037,0.631679,213,
1823,77.000000,86.546094,-0.051209,0.650349,77,
1824,57.000000,83.591485,-0.048855,0.646491,57,
1825,50.000000,80.232336,-0.046859,0.652335,50,
1826,33.000000,75.509103,-0.008981,0.613769,33,
1827,79.000000,75.858192,-0.020188,0.608006,79,
1828,22.000000,70.472373,0.055138,0.597446,22,
1829,157.000000,79.125136,-0.006259,0.655985,157,
1830,15.000000,72.712622,0.163534,0.553802,15,252.000000
1831,14.000000,66.841360,0.061670,0.576714,14,
1832,31.000000,63.257224,-0.039512,0.634632,31,
1833,88.000000,65.731502,-0.030665,0.659419,88,
1834,56.000000,64.758351,0.024009,0.631360,56,
1835,49.000000,63.182516,-0.034455,0.625597,49,
1836,58.000000,62.664265,-0.035944,0.621668,58,
1837,50.000000,61.397838,-0.059705,0.629067,50,
1838,19.000000,57.158054,0.048866,0.571493,19,
1839,44.000000,55.842249,-0.130502,0.651544,44,
1840,158.000000,66.058024,-0.003281,0.667422,158,419.000000
1841,54.000000,64.852222,-0.004687,0.617434,54,
1842,73.000000,65.666999,-0.018614,0.634659,73,
1843,101.000000,69.200300,-0.020455,0.649457,101,
1844,92.000000,71.480270,-0.048176,0.632630,92,
1845,80.000000,72.332243,-0.018885,0.648676,80,
1846,71.000000,72.199018,-0.056359,0.657889,71,
1847,77.000000,72.679117,-0.049123,0.629912,77,
1848,198.000000,85.211205,-0.019905,0.658361,198,
1849,38.000000,80.490084,-0.066572,0.620927,38,
1850,36.000000,76.041076,0.023102,0.608784,36,500.000000
1851,226.000000,91.036968,-0.005792,0.653158,226,
1852,65.000000,88.433272,-0.007141,0.619733,65,
1853,12.000000,80.789944,0.015433,0.572265,12,
1854,59.000000,78.610950,-0.023200,0.612377,59,
1855,139.000000,84.649855,0.012802,0.643260,139,
1856,126.000000,88.784869,-0.001988,0.621884,126,
1857,83.000000,88.206382,-0.036425,0.617923,83,
1858,55.000000,84.885744,0.001916,0.653235,55,
1859,144.000000,90.797170,-0.004759,0.613997,144,
1860,37.000000,85.417453,0.003071,0.601797,37,327.000000
1861,92.000000,86.075708,-0.033230,0.636982,92,
1862,174.000000,94.868137,-0.039016,0.650968,174,
1863,35.000000,88.881323,-0.126883,0.641096,35,
1864,119.000000,91.893191,-0.020743,0.660009,119,
1865,59.000000,88.603872,-0.021604,0.633808,59,
1866,22.000000,81.943485,0.070164,0.598173,22,
1867,245.000000,98.249136,-0.014539,0.648373,245,
1868,34.000000,91.824222,0.073199,0.604942,34,
1869,20.000000,84.641800,-0.102390,0.592735,20,
1870,43.000000,80.477620,-0.078077,0.630665,43,463.000000
1871,30.000000,75.429858,0.025386,0.612476,30,
1872,144.000000,82.286872,-0.018213,0.639035,144,
1873,47.000000,78.758185,0.032300,0.605371,47,
1874,10.000000,71.882367,0.225805,0.531167,10,
1875,41.000000,68.794130,0.027502,0.628049,41,
1876,89.000000,70.814717,-0.008998,0.649481,89,
1877,23.000000,66.033245,-0.048137,0.611443,23,
1878,188.000000,78.229921,0.006497,0.638736,188,
1879,18.000000,72.206929,0.049418,0.583795,18,
1880,12.000000,66.186236,-0.031460,0.559330,12,313.000000
1881,121.000000,71.667612,-0.022321,0.644523,121,
1882,174.000000,81.900851,-0.019578,0.657802,174,
1883,29.000000,76.610766,-0.019872,0.622112,29,
1884,36.000000,72.549689,0.025410,0.609778,36,
1885,13.000000,66.594720,-0.233812,0.590879,13,
1886,72.000000,67.135248,0.006403,0.643364,72,
1887,273.000000,87.721724,-0.006598,0.649923,273,
1888,75.000000,86.449551,-0.062159,0.623001,75,
1889,38.000000,81.604596,-0.166784,0.575557,38,
1890,107.000000,84.144136,-0.003883,0.641674,107,500.000000
1891,55.000000,81.229723,0.006842,0.636209,55,
1892,26.000000,75.706751,-0.016561,0.589278,26,
1893,160.000000,84.136075,-0.039116,0.644154,160,
1894,20.000000,77.722468,0.131132,0.570235,20,
1895,20.000000,71.950221,-0.145286,0.599027,20,
1896,12.000000,65.955199,0.166657,0.549184,12,
1897,26.000000,61.959679,0.005317,0.630762,26,
1898,30.000000,58.763711,-0.115870,0.578108,30,
1899,29.000000,55.787340,-0.022658,0.597874,29,
1900,92.000000,59.408606,-0.038453,0.648179,92,194.000000
1901,27.000000,56.167745,0.028597,0.629959,27,
1902,81.000000,58.650971,0.003786,0.636629,81,
1903,33.000000,56.085874,-0.167329,0.613668,33,
1904,41.000000,54.577286,0.000870,0.648708,41,
1905,19.000000,51.019558,0.018742,0.566612,19,
1906,22.000000,48.117602,-0.073032,0.624014,22,
1907,30.000000,46.305842,0.058920,0.611624,30,
1908,61.000000,47.775258,-0.099158,0.599986,61,
1909,28.000000,45.797732,0.005853,0.630957,28,
1910,28.000000,44.017959,0.016124,0.629518,28,181.000000
1911,98.000000,49.416163,-0.043560,0.631851,98,
1912,45.000000,48.974547,-0.035483,0.638510,45,
1913,64.000000,50.477092,-0.020547,0.626821,64,
1914,48.000000,50.229383,0.010145,0.641155,48,
1915,120.000000,57.206444,-0.006295,0.674526,120,
1916,47.000000,56.185800,-0.055113,0.656734,47,
1917,127.000000,63.267220,-0.026690,0.647605,127,
1918,66.000000,63.540498,-0.016092,0.655478,66,
1919,57.000000,62.886448,-0.047373,0.651397,57,
1920,94.000000,65.997803,-0.008278,0.638562,94,203.000000
1921,104.000000,69.798023,-0.000722,0.670691,104,
1922,88.000000,71.618221,-0.020206,0.641569,88,
1923,34.000000,67.856399,0.017779,0.615374,34,
1924,44.000000,65.470759,-0.045157,0.628535,44,
1925,108.000000,69.723683,-0.006428,0.636139,108,
1926,21.000000,64.851315,0.002398,0.591397,21,
1927,178.000000,76.166183,0.008929,0.637551,178,
1928,84.000000,76.949565,0.000491,0.642339,84,
1929,44.000000,73.654608,-0.108828,0.632744,44,
1930,61.000000,72.389148,-0.010058,0.647120,61,213.000000
1931,68.000000,71.950233,0.009809,0.652232,68,
1932,95.000000,74.255209,0.013458,0.658972,95,
1933,39.000000,70.729689,-0.075896,0.641875,39,
1934,89.000000,72.556720,-0.061264,0.648883,89,
1935,50.000000,70.301048,-0.047569,0.656624,50,
1936,133.000000,76.570943,-0.039318,0.630990,133,
1937,12.000000,70.113849,0.114553,0.560319,12,
1938,52.000000,68.302464,-0.052385,0.599618,52,
1939,18.000000,63.272217,-0.161980,0.574725,18,
1940,46.000000,61.544996,-0.015193,0.604717,46,235.000000
1941,94.000000,64.790496,-0.004450,0.660404,94,
1942,90.000000,67.311446,0.028416,0.645922,90,
1943,211.000000,81.680302,-0.008245,0.639566,211,
1944,121.000000,85.612272,-0.012124,0.656275,121,
1945,77.000000,84.751044,-0.003629,0.643333,77,
1946,227.000000,98.975940,-0.001158,0.655254,227,
1947,56.000000,94.678346,-0.062993,0.646623,56,
1948,35.000000,88.710511,-0.025901,0.599749,35,
1949,110.000000,90.839460,-0.024791,0.643018,110,
1950,135.000000,95.255514,-0.003682,0.639058,135,500.000000
1951,160.000000,101.729963,-0.004799,0.670603,160,
1952,125.000000,104.056967,-0.000961,0.633570,125,
1953,25.000000,96.151270,0.042497,0.577274,25,
1954,107.000000,97.236143,-0.023678,0.647394,107,
1955,60.000000,93.512529,-0.056070,0.644548,60,
1956,64.000000,90.561276,-0.028404,0.637226,64,
1957,180.000000,99.505148,-0.007016,0.658489,180,
1958,40.000000,93.554633,0.016077,0.624104,40,
1959,35.000000,87.699170,0.035453,0.618136,35,
1960,23.000000,81.229253,0.029208,0.612093,23,500.000000
1961,66.000000,79.706328,0.001309,0.639437,66,
1962,19.000000,73.635695,-0.136668,0.595251,19,
1963,13.000000,67.572125,0.023138,0.571756,13,
1964,55.000000,66.314913,0.023494,0.632557,55,
1965,69.000000,66.583422,0.008437,0.627343,69,
1966,66.000000,66.525079,-0.025466,0.615213,66,
1967,192.000000,79.072572,-0.029414,0.650830,192,
1968,67.000000,77.865314,-0.029341,0.651012,67,
1969,55.000000,75.578783,-0.078428,0.640203,55,
1970,99.000000,77.920905,0.015395,0.652237,99,299.000000
1971,42.000000,74.328814,-0.018651,0.641749,42,
1972,13.000000,68.195933,-0.035942,0.560497,13,
1973,41.000000,65.476339,-0.008135,0.619663,41,
1974,161.000000,75.028706,-0.009464,0.653437,161,
1975,52.000000,72.725835,-0.091258,0.651751,52,
1976,49.000000,70.353251,0.018505,0.645676,49,
1977,27.000000,66.017926,0.076299,0.614114,27,
1978,22.000000,61.616134,0.036676,0.577888,22,
1979,70.000000,62.454520,-0.009625,0.647493,70,
1980,114.000000,67.609068,-0.019662,0.667833,114,401.000000
1981,23.000000,63.148161,0.076434,0.591378,23,
1982,21.000000,58.933345,0.001395,0.605295,21,
1983,127.000000,65.740011,0.014079,0.637974,127,
1984,123.000000,71.466010,-0.008212,0.669090,123,
1985,69.000000,71.219409,-0.010985,0.636546,69,
1986,80.000000,72.097468,-0.002388,0.637454,80,
1987,180.000000,82.887721,-0.011839,0.640088,180,
1988,70.000000,81.598949,0.002346,0.652322,70,
1989,54.000000,78.839054,0.017257,0.623193,54,
1990,29.000000,73.855149,0.004862,0.589109,29,500.000000
1991,25.000000,68.969634,-0.086766,0.609493,25,
1992,116.000000,73.672670,0.003091,0.653539,116,
1993,41.000000,70.405403,-0.097415,0.629470,41,
1994,38.000000,67.164863,0.026018,0.626172,38,
1995,107.000000,71.148377,0.017012,0.653780,107,
1996,89.000000,72.933539,-0.010149,0.643889,89,
1997,97.000000,75.340185,-0.024185,0.658447,97,
1998,88.000000,76.606167,-0.009634,0.655600,88,
1999,118.000000,80.745550,-0.038567,0.623298,118,
2000,145.000000,87.170995,-0.002957,0.635600,145,500.000000
1,10.000000,10.000000,-0.067176,0.211344,10,10.000000
2,10.000000,10.000000,-0.068454,0.214488,10,
3,11.000000,10.100000,-0.166986,0.214543,11,
4,10.000000,10.090000,-0.291664,0.220222,10,
5,11.000000,10.181000,-0.205667,0.229317,11,
6,10.000000,10.162900,-0.070886,0.220102,10,
7,11.000000,10.246610,-0.355641,0.205350,11,
8,10.000000,10.221949,-0.070874,0.219772,10,
9,10.000000,10.199754,-0.070825,0.219558,10,
10,11.000000,10.279779,-0.046631,0.192263,11,10.000000
11,11.000000,10.351801,-0.329633,0.193372,11,
12,10.000000,10.316621,-0.071108,0.220147,10,
13,10.000000,10.284959,-0.071173,0.220258,10,
14,10.000000,10.256463,-0.071365,0.220709,10,
15,11.000000,10.330817,-0.379962,0.206892,11,
16,10.000000,10.297735,-0.290262,0.221268,10,
17,10.000000,10.267961,-0.290603,0.220654,10,
18,11.000000,10.341165,-0.381499,0.204975,11,
19,10.000000,10.307049,-0.292030,0.218345,10,
20,10.000000,10.276344,-0.069890,0.216838,10,10.000000
21,12.000000,10.448709,-0.139038,0.181129,12,
22,10.000000,10.403839,-0.068995,0.214778,10,
23,12.000000,10.563455,0.057764,0.201204,12,
24,10.000000,10.507109,-0.068610,0.214064,10,
25,11.000000,10.556398,-0.297224,0.174257,11,
26,10.000000,10.500758,-0.068491,0.213935,10,
27,10.000000,10.450683,-0.068465,0.213876,10,
28,11.000000,10.505614,-0.350028,0.186339,11,
29,10.000000,10.455053,-0.068416,0.213633,10,
30,11.000000,10.509548,-0.044444,0.185501,11,10.000000
31,10.000000,10.458593,-0.068460,0.213514,10,
32,10.000000,10.412734,-0.068603,0.213756,10,
33,10.000000,10.371460,-0.068822,0.214190,10,
34,12.000000,10.534314,-0.139138,0.180096,12,
35,11.000000,10.580883,-0.045277,0.187500,11,
36,12.000000,10.722794,-0.139066,0.181482,12,
37,10.000000,10.650515,-0.069922,0.216528,10,
38,10.000000,10.585464,-0.292334,0.217275,10,
39,10.000000,10.526917,-0.070396,0.217585,10,
40,10.000000,10.474225,-0.070620,0.218109,10,10.000000
41,10.000000,10.426803,-0.291251,0.218832,10,
42,11.000000,10.484123,-0.046728,0.191586,11,
43,10.000000,10.435710,-0.071217,0.219569,10,
44,11.000000,10.492139,-0.115899,0.205153,11,
45,10.000000,10.442925,-0.071766,0.220940,10,
46,10.000000,10.398633,-0.289317,0.221842,10,
47,11.000000,10.458770,-0.741226,0.219930,11,
48,10.000000,10.412893,-0.289685,0.221252,10,
49,10.000000,10.371603,-0.290433,0.220091,10,
50,10.000000,10.334443,-0.070905,0.218798,10,10.000000
51,12.000000,10.500999,0.181038,0.166479,12,
52,10.000000,10.450899,-0.070355,0.217854,10,
53,11.000000,10.505809,-0.206077,0.226994,11,
54,10.000000,10.455228,-0.070211,0.218238,10,
55,11.000000,10.509705,-0.262544,0.178974,11,
56,11.000000,10.558735,-0.167047,0.215379,11,
57,10.000000,10.502861,-0.070012,0.218546,10,
58,10.000000,10.452575,-0.070002,0.218677,10,
59,11.000000,10.507318,-0.448625,0.227664,11,
60,10.000000,10.456586,-0.293011,0.218575,10,10.000000
61,11.000000,10.510927,-0.045448,0.190057,11,
62,11.000000,10.559835,-0.450839,0.225949,11,
63,10.000000,10.503851,-0.069051,0.216444,10,
64,10.000000,10.453466,-0.068772,0.215738,10,
65,11.000000,10.508119,-0.387029,0.199654,11,
66,10.000000,10.457307,-0.068258,0.214444,10,
67,11.000000,10.511577,-0.113923,0.197829,11,
68,10.000000,10.460419,-0.067849,0.213409,10,
69,10.000000,10.414377,-0.296768,0.213172,10,
70,11.000000,10.472939,-0.206924,0.220777,11,10.000000
71,10.000000,10.425645,-0.067346,0.212200,10,
72,10.000000,10.383081,-0.297659,0.211919,10,
73,10.000000,10.344773,-0.066999,0.211396,10,
74,10.000000,10.310296,-0.066866,0.211097,10,
75,10.000000,10.279266,-0.066819,0.210999,10,
76,10.000000,10.251339,-0.066851,0.211086,10,
77,12.000000,10.426205,0.173188,0.188646,12,
78,10.000000,10.383585,-0.067227,0.212194,10,
79,11.000000,10.445226,-0.166786,0.209229,11,
80,10.000000,10.400704,-0.067836,0.214001,10,10.000000
81,11.000000,10.460633,-0.166712,0.211165,11,
82,10.000000,10.414570,-0.295546,0.215774,10,
83,10.000000,10.373113,-0.068620,0.216164,10,
84,10.000000,10.335802,-0.294971,0.216706,10,
85,12.000000,10.502222,0.167248,0.194266,12,
86,10.000000,10.451999,-0.069129,0.217722,10,
87,10.000000,10.406799,-0.069423,0.218722,10,
88,10.000000,10.366120,-0.069765,0.219838,10,
89,11.000000,10.429508,-0.205458,0.229584,11,
90,10.000000,10.386557,-0.070472,0.222035,10,10.000000
91,10.000000,10.347901,-0.291635,0.223134,10,
92,10.000000,10.313111,-0.071042,0.223690,10,
93,12.000000,10.481800,0.015684,0.180966,12,
94,10.000000,10.433620,-0.071620,0.225636,10,
95,10.000000,10.390258,-0.071993,0.227005,10,
96,10.000000,10.351232,-0.072419,0.228524,10,
97,12.000000,10.516109,0.300985,0.199842,12,
98,11.000000,10.564498,-0.410601,0.230712,11,
99,11.000000,10.608048,-0.115475,0.220474,11,
100,10.000000,10.547243,-0.074430,0.237049,10,10.000000
101,10.000000,10.492519,-0.074890,0.239011,10,
102,11.000000,10.543267,-0.404553,0.238923,11,
103,11.000000,10.588940,-0.367138,0.228175,11,
104,11.000000,10.630046,-0.282515,0.203983,11,
105,10.000000,10.567042,-0.075436,0.240980,10,
106,14.000000,10.910338,0.044449,0.175638,14,
107,10.000000,10.819304,-0.075450,0.240545,10,
108,10.000000,10.737373,-0.075585,0.240768,10,
109,10.000000,10.663636,-0.075789,0.241200,10,
110,11.000000,10.697272,-0.165319,0.239550,11,10.000000
111,10.000000,10.627545,-0.076302,0.242303,10,
112,10.000000,10.564791,-0.076609,0.242976,10,
113,11.000000,10.608312,-0.316211,0.218197,11,
114,10.000000,10.547480,-0.077140,0.243961,10,
115,10.000000,10.492732,-0.077378,0.244327,10,
116,10.000000,10.443459,-0.281042,0.244906,10,
117,10.000000,10.399113,-0.077818,0.245008,10,
118,11.000000,10.459202,-0.165668,0.243530,11,
119,11.000000,10.513282,-0.398556,0.244026,11,
120,10.000000,10.461954,-0.078172,0.245042,10,10.000000
121,11.000000,10.515758,-0.052795,0.218461,11,
122,11.000000,10.564182,-0.387510,0.243035,11,
123,11.000000,10.607764,-0.165921,0.242322,11,
124,10.000000,10.546988,-0.280818,0.243475,10,
125,10.000000,10.492289,-0.077861,0.242572,10,
126,10.000000,10.443060,-0.077746,0.242009,10,
127,10.000000,10.398754,-0.077728,0.241741,10,
128,10.000000,10.358879,-0.077796,0.241734,10,
129,11.000000,10.422991,-0.202335,0.251832,11,
130,11.000000,10.480692,-0.166169,0.240249,11,10.000000
131,11.000000,10.532623,-0.202333,0.252082,11,
132,11.000000,10.579360,-0.424258,0.252090,11,
133,12.000000,10.721424,-0.151581,0.209392,12,
134,10.000000,10.649282,-0.077846,0.240788,10,
135,10.000000,10.584354,-0.281462,0.240420,10,
136,10.000000,10.525918,-0.077569,0.239792,10,
137,10.000000,10.473326,-0.077476,0.239451,10,
138,12.000000,10.625994,-0.093600,0.195613,12,
139,11.000000,10.663394,-0.202744,0.249223,11,
140,11.000000,10.697055,-0.202769,0.249116,11,10.000000
141,11.000000,10.727349,-0.202804,0.248932,11,
142,11.000000,10.754615,-0.117397,0.224563,11,
143,10.000000,10.679153,-0.077413,0.238594,10,
144,10.000000,10.611238,-0.281783,0.238672,10,
145,10.000000,10.550114,-0.281851,0.238438,10,
146,10.000000,10.495103,-0.077261,0.237923,10,
147,10.000000,10.445592,-0.077188,0.237679,10,
148,11.000000,10.501033,-0.203043,0.247643,11,
149,10.000000,10.450930,-0.077205,0.237590,10,
150,10.000000,10.405837,-0.077288,0.237732,10,10.000000
151,11.000000,10.465253,-0.203018,0.248131,11,
152,10.000000,10.418728,-0.077577,0.238316,10,
153,12.000000,10.576855,0.289947,0.207944,12,
154,11.000000,10.619170,-0.117988,0.226184,11,
155,10.000000,10.557253,-0.078766,0.241442,10,
156,10.000000,10.501527,-0.079301,0.242866,10,
157,10.000000,10.451375,-0.079878,0.244389,10,
158,10.000000,10.406237,-0.080493,0.246006,10,
159,10.000000,10.365613,-0.081145,0.247715,10,
160,11.000000,10.429052,-0.201709,0.260360,11,10.000000
161,10.000000,10.386147,-0.082434,0.251080,10,
162,10.000000,10.347532,-0.083079,0.252758,10,
163,11.000000,10.412779,-0.329287,0.241761,11,
164,10.000000,10.371501,-0.272417,0.255654,10,
165,11.000000,10.434351,-0.167279,0.256017,11,
166,11.000000,10.490916,-0.167304,0.256668,11,
167,10.000000,10.441824,-0.084884,0.257473,10,
168,10.000000,10.397642,-0.085189,0.258246,10,
169,10.000000,10.357878,-0.085571,0.259222,10,
170,10.000000,10.322090,-0.086024,0.260386,10,10.000000
171,11.000000,10.389881,-0.121739,0.249537,11,
172,11.000000,10.450893,-0.060425,0.238233,11,
173,10.000000,10.405804,-0.087640,0.264553,10,
174,11.000000,10.465223,-0.061477,0.241604,11,
175,11.000000,10.518701,-0.200108,0.280057,11,
176,11.000000,10.566831,-0.123223,0.257984,11,
177,11.000000,10.610148,-0.168110,0.271966,11,
178,11.000000,10.649133,-0.123818,0.261220,11,
179,11.000000,10.684220,-0.315433,0.262802,11,
180,11.000000,10.715798,-0.124278,0.263559,11,10.000000
181,10.000000,10.644218,-0.091875,0.275419,10,
182,10.000000,10.579796,-0.092292,0.276471,10,
183,10.000000,10.521817,-0.092800,0.277782,10,
184,10.000000,10.469635,-0.093391,0.279334,10,
185,10.000000,10.422671,-0.094061,0.281113,10,
186,11.000000,10.480404,-0.233482,0.249169,11,
187,10.000000,10.432364,-0.095341,0.284516,10,
188,10.000000,10.389127,-0.095966,0.286182,10,
189,10.000000,10.350215,-0.096674,0.288088,10,
190,12.000000,10.515193,-0.123218,0.282223,12,10.000000
191,10.000000,10.463674,-0.255219,0.292144,10,
192,12.000000,10.617307,-0.034248,0.273701,12,
193,10.000000,10.555576,-0.099112,0.294886,10,
194,11.000000,10.600018,-0.369004,0.310191,11,
195,12.000000,10.740016,-0.187062,0.249201,12,
196,10.000000,10.666015,-0.099929,0.297372,10,
197,11.000000,10.699413,-0.323617,0.290305,11,
198,10.000000,10.629472,-0.253421,0.297691,10,
199,10.000000,10.566525,-0.099755,0.297032,10,
200,10.000000,10.509872,-0.099679,0.296854,10,10.000000
201,10.000000,10.458885,-0.099759,0.297104,10,
202,11.000000,10.512997,-0.071582,0.275374,11,
203,11.000000,10.561697,-0.128315,0.289199,11,
204,10.000000,10.505527,-0.100682,0.299698,10,
205,11.000000,10.554974,-0.169613,0.303761,11,
206,11.000000,10.599477,-0.321096,0.294901,11,
207,13.000000,10.839529,-0.189028,0.248589,13,
208,13.000000,11.055576,0.485677,0.284710,13,
209,11.000000,11.050019,-0.362646,0.319341,11,
210,10.000000,10.945017,-0.103427,0.307606,10,10.000000
211,10.000000,10.850515,-0.104121,0.309758,10,
212,13.000000,11.065464,-0.083690,0.250379,13,
213,12.000000,11.158917,-0.114222,0.299327,12,
214,11.000000,11.143026,-0.287619,0.298852,11,
215,12.000000,11.228723,-0.039099,0.271876,12,
216,11.000000,11.205851,-0.453895,0.288484,11,
217,12.000000,11.285266,0.183169,0.288773,12,
218,14.000000,11.556739,-0.046026,0.260496,14,
219,10.000000,11.401065,-0.108150,0.323099,10,
220,11.000000,11.360959,-0.196578,0.339728,11,10.000000
221,10.000000,11.224863,-0.243469,0.328004,10,
222,13.000000,11.402377,0.200825,0.304125,13,
223,12.000000,11.462139,0.064665,0.314645,12,
224,11.000000,11.415925,-0.170321,0.341359,11,
225,10.000000,11.274332,-0.112219,0.341197,10,
226,10.000000,11.146899,-0.113155,0.345215,10,
227,11.000000,11.132209,-0.334916,0.363345,11,
228,11.000000,11.118988,-0.084611,0.333331,11,
229,11.000000,11.107090,-0.212165,0.327475,11,
230,10.000000,10.996381,-0.115983,0.357204,10,10.000000
231,14.000000,11.296743,0.129421,0.307411,14,
232,10.000000,11.167068,-0.117462,0.363153,10,
233,13.000000,11.350361,0.001331,0.325556,13,
234,10.000000,11.215325,-0.119351,0.370851,10,
235,12.000000,11.293793,-0.034345,0.369784,12,
236,14.000000,11.564413,-0.080079,0.324549,14,
237,12.000000,11.607972,-0.049455,0.360792,12,
238,14.000000,11.847175,0.298674,0.331158,14,
239,10.000000,11.662457,-0.225523,0.394374,10,
240,12.000000,11.696212,-0.118003,0.389313,12,10.000000
241,11.000000,11.626591,-0.139315,0.400150,11,
242,12.000000,11.663931,-0.108812,0.385168,12,
243,10.000000,11.497538,-0.220688,0.413415,10,
244,12.000000,11.547784,-0.414489,0.385763,12,
245,17.000000,12.093006,0.016560,0.331803,17,
246,10.000000,11.883705,-0.131465,0.419217,10,
247,10.000000,11.695335,-0.131965,0.420948,10,
248,11.000000,11.625801,-0.189987,0.436292,11,
249,11.000000,11.563221,-0.426982,0.423207,11,
250,11.000000,11.506899,-0.170933,0.429768,11,10.000000
251,11.000000,11.456209,-0.141788,0.419981,11,
252,11.000000,11.410588,-0.215782,0.403836,11,
253,11.000000,11.369529,-0.171329,0.428187,11,
254,11.000000,11.332577,-0.392070,0.401959,11,
255,11.000000,11.299319,-0.217063,0.399533,11,
256,11.000000,11.269387,-0.248800,0.412849,11,
257,11.000000,11.242448,-0.209079,0.398643,11,
258,13.000000,11.418203,-0.129943,0.381627,13,
259,13.000000,11.576383,-0.031035,0.372107,13,
260,12.000000,11.618745,0.019722,0.377080,12,10.000000
261,11.000000,11.556870,-0.463933,0.410172,11,
262,11.000000,11.501183,-0.171863,0.406648,11,
263,11.000000,11.451065,-0.140499,0.394071,11,
264,12.000000,11.505958,-0.058644,0.379998,12,
265,11.000000,11.455363,-0.095836,0.378870,11,
266,12.000000,11.509826,-0.148227,0.379318,12,
267,12.000000,11.558844,-0.254073,0.382425,12,
268,15.000000,11.902959,0.129515,0.335196,15,
269,11.000000,11.812663,-0.139835,0.386557,11,
270,11.000000,11.731397,-0.296757,0.397500,11,10.000000
271,10.000000,11.558257,-0.126911,0.390650,10,
272,13.000000,11.702432,0.232020,0.362239,13,
273,13.000000,11.832188,0.276927,0.368316,13,
274,12.000000,11.848970,0.020543,0.379800,12,
275,11.000000,11.764073,-0.284907,0.406444,11,
276,11.000000,11.687665,-0.199855,0.381154,11,
277,10.000000,11.518899,-0.222110,0.407113,10,
278,11.000000,11.467009,-0.198676,0.386523,11,
279,10.000000,11.320308,-0.131682,0.410840,10,
280,11.000000,11.288277,-0.191440,0.426375,11,10.000000
281,13.000000,11.459450,-0.224077,0.367127,13,
282,12.000000,11.513505,-0.124894,0.410825,12,
283,10.000000,11.362154,-0.219958,0.415665,10,
284,10.000000,11.225939,-0.133045,0.415915,10,
285,11.000000,11.203345,-0.208318,0.401854,11,
286,10.000000,11.083010,-0.133357,0.416668,10,
287,13.000000,11.274709,0.025059,0.386395,13,
288,11.000000,11.247238,-0.172036,0.424267,11,
289,12.000000,11.322515,-0.108375,0.403488,12,
290,11.000000,11.290263,-0.142926,0.417205,11,10.000000
291,10.000000,11.161237,-0.135154,0.421970,10,
292,11.000000,11.145113,-0.273786,0.429458,11,
293,10.000000,11.030602,-0.136076,0.424082,10,
294,10.000000,10.927542,-0.217498,0.425033,10,
295,11.000000,10.934787,-0.194902,0.404372,11,
296,12.000000,11.041309,-0.411244,0.396443,12,
297,11.000000,11.037178,-0.440693,0.430744,11,
298,11.000000,11.033460,-0.281091,0.427720,11,
299,11.000000,11.030114,-0.236857,0.406762,11,
300,13.000000,11.227103,-0.047739,0.365217,13,10.000000
301,10.000000,11.104392,-0.220987,0.411005,10,
302,12.000000,11.193953,0.093097,0.379955,12,
303,12.000000,11.274558,-0.106454,0.372853,12,
304,10.000000,11.147102,-0.222474,0.405347,10,
305,11.000000,11.132392,-0.271141,0.401903,11,
306,10.000000,11.019153,-0.223431,0.401874,10,
307,10.000000,10.917237,-0.224023,0.399708,10,
308,11.000000,10.925514,-0.171868,0.402885,11,
309,15.000000,11.332962,0.176195,0.334308,15,
310,10.000000,11.199666,-0.128157,0.394939,10,10.000000
311,15.000000,11.579699,0.060220,0.313198,15,
312,15.000000,11.921730,0.213509,0.330325,15,
313,11.000000,11.829557,-0.286624,0.403209,11,
314,12.000000,11.846601,-0.194987,0.362261,12,
315,11.000000,11.761941,-0.096567,0.383792,11,
316,11.000000,11.685747,-0.255403,0.396094,11,
317,12.000000,11.717172,-0.070015,0.364995,12,
318,10.000000,11.545455,-0.129066,0.401428,10,
319,14.000000,11.790909,0.045364,0.349302,14,
320,10.000000,11.611818,-0.223317,0.403822,10,10.000000
321,10.000000,11.450637,-0.130046,0.404820,10,
322,11.000000,11.405573,-0.171438,0.411633,11,
323,11.000000,11.365016,-0.220495,0.386299,11,
324,11.000000,11.328514,-0.141231,0.403765,11,
325,11.000000,11.295663,-0.240093,0.396979,11,
326,15.000000,11.666096,0.097825,0.348680,15,
327,11.000000,11.599487,-0.440440,0.408056,11,
328,10.000000,11.439538,-0.221799,0.409293,10,
329,11.000000,11.395584,-0.220238,0.387565,11,
330,10.000000,11.256026,-0.131352,0.407149,10,10.000000
331,11.000000,11.230423,-0.289097,0.412647,11,
332,11.000000,11.207381,-0.141220,0.400757,11,
333,12.000000,11.286643,0.015224,0.387589,12,
334,11.000000,11.257979,-0.141236,0.399591,11,
335,10.000000,11.132181,-0.223082,0.404008,10,
336,11.000000,11.118963,-0.141444,0.399525,11,
337,11.000000,11.107066,-0.271205,0.401739,11,
338,10.000000,10.996360,-0.131093,0.403031,10,
339,11.000000,10.996724,-0.098547,0.387281,11,
340,13.000000,11.197051,-0.085992,0.362507,13,10.000000
341,11.000000,11.177346,-0.302298,0.417251,11,
342,12.000000,11.259612,-0.054447,0.380595,12,
343,13.000000,11.433650,0.171451,0.342233,13,
344,11.000000,11.390285,-0.172936,0.409593,11,
345,10.000000,11.251257,-0.132766,0.404975,10,
346,12.000000,11.326131,-0.148930,0.393226,12,
347,12.000000,11.393518,-0.108197,0.391094,12,
348,11.000000,11.354166,-0.101424,0.394238,11,
349,14.000000,11.618750,-0.111550,0.356275,14,
350,11.000000,11.556875,-0.284826,0.418994,11,10.000000
351,10.000000,11.401187,-0.220360,0.412597,10,
352,13.000000,11.561068,0.131196,0.371410,13,
353,11.000000,11.504962,-0.103276,0.399344,11,
354,11.000000,11.454465,-0.276364,0.421759,11,
355,11.000000,11.409019,-0.218528,0.396633,11,
356,12.000000,11.468117,-0.059553,0.412570,12,
357,11.000000,11.421305,-0.363078,0.395620,11,
358,12.000000,11.479175,-0.102831,0.383530,12,
359,12.000000,11.531257,-0.241064,0.407425,12,
360,14.000000,11.778132,0.217713,0.357490,14,10.000000
361,10.000000,11.600318,-0.219472,0.416138,10,
362,11.000000,11.540287,-0.174298,0.422774,11,
363,11.000000,11.486258,-0.237030,0.406300,11,
364,12.000000,11.537632,-0.120035,0.407674,12,
365,13.000000,11.683869,-0.120564,0.388725,13,
366,11.000000,11.615482,-0.192865,0.430671,11,
367,12.000000,11.653934,-0.243475,0.387329,12,
368,12.000000,11.688540,-0.058487,0.411847,12,
369,11.000000,11.619686,-0.246586,0.405809,11,
370,11.000000,11.557718,-0.248591,0.411773,11,10.000000
371,11.000000,11.501946,-0.295215,0.428242,11,
372,12.000000,11.551751,-0.457098,0.392512,12,
373,12.000000,11.596576,-0.265646,0.395676,12,
374,10.000000,11.436919,-0.222212,0.405654,10,
375,11.000000,11.393227,-0.200492,0.378981,11,
376,12.000000,11.453904,-0.088067,0.372349,12,
377,11.000000,11.408514,-0.306015,0.409890,11,
378,13.000000,11.567662,0.037062,0.335181,13,
379,11.000000,11.510896,-0.256539,0.377866,11,
380,11.000000,11.459806,-0.311250,0.401265,11,10.000000
381,10.000000,11.313826,-0.126473,0.383798,10,
382,12.000000,11.382443,-0.055009,0.342680,12,
383,10.000000,11.244199,-0.125077,0.379355,10,
384,12.000000,11.319779,-0.084401,0.349524,12,
385,10.000000,11.187801,-0.124480,0.377070,10,
386,10.000000,11.069021,-0.124433,0.376611,10,
387,12.000000,11.162119,-0.149142,0.360633,12,
388,11.000000,11.145907,-0.219509,0.359414,11,
389,14.000000,11.431316,0.197239,0.326496,14,
390,12.000000,11.488185,0.053193,0.333391,12,10.000000
391,10.000000,11.339366,-0.229251,0.378851,10,
392,11.000000,11.305430,-0.205794,0.354740,11,
393,11.000000,11.274887,-0.218256,0.363862,11,
394,10.000000,11.147398,-0.126167,0.381011,10,
395,12.000000,11.232658,-0.016339,0.341181,12,
396,12.000000,11.309392,0.140330,0.342077,12,
397,11.000000,11.278453,-0.279347,0.382277,11,
398,11.000000,11.250608,-0.423322,0.363594,11,
399,12.000000,11.325547,-0.085965,0.358435,12,
400,11.000000,11.292992,-0.172512,0.391687,11,10.000000
401,12.000000,11.363693,-0.233375,0.359244,12,
402,14.000000,11.627324,0.161285,0.331401,14,
403,11.000000,11.564591,-0.413506,0.364057,11,
404,12.000000,11.608132,-0.056345,0.348113,12,
405,10.000000,11.447319,-0.227643,0.386030,10,
406,11.000000,11.402587,-0.299462,0.391578,11,
407,13.000000,11.562328,-0.161725,0.329650,13,
408,11.000000,11.506096,-0.259156,0.370386,11,
409,13.000000,11.655486,-0.113388,0.339646,13,
410,11.000000,11.589937,-0.138708,0.374367,11,10.000000
411,10.000000,11.430944,-0.124313,0.378444,10,
412,11.000000,11.387849,-0.193564,0.391758,11,
413,11.000000,11.349064,-0.138315,0.371567,11,
414,10.000000,11.214158,-0.123863,0.376599,10,
415,11.000000,11.192742,-0.193704,0.390678,11,
416,12.000000,11.273468,0.032551,0.359215,12,
417,11.000000,11.246121,-0.229523,0.353782,11,
418,11.000000,11.221509,-0.193835,0.392021,11,
419,12.000000,11.299358,0.031080,0.360908,12,
420,10.000000,11.169422,-0.125511,0.379413,10,10.000000
421,13.000000,11.352480,0.166920,0.338222,13,
422,13.000000,11.517232,-0.121362,0.351185,13,
423,11.000000,11.465509,-0.095529,0.369530,11,
424,11.000000,11.418958,-0.193778,0.402893,11,
425,11.000000,11.377062,-0.258453,0.386342,11,
426,12.000000,11.439356,0.213637,0.351805,12,
427,14.000000,11.695420,0.303120,0.336038,14,
428,11.000000,11.625878,-0.142861,0.396081,11,
429,10.000000,11.463290,-0.222536,0.404608,10,
430,10.000000,11.316961,-0.135125,0.408298,10,10.000000
431,12.000000,11.385265,-0.057511,0.408140,12,
432,12.000000,11.446739,-0.059676,0.412309,12,
433,10.000000,11.302065,-0.218479,0.420366,10,
434,11.000000,11.271858,-0.289104,0.438088,11,
435,12.000000,11.344673,0.025790,0.386909,12,
436,14.000000,11.610205,-0.094830,0.384391,14,
437,11.000000,11.549185,-0.203558,0.418683,11,
438,10.000000,11.394266,-0.215110,0.433904,10,
439,11.000000,11.354840,-0.282479,0.449468,11,
440,10.000000,11.219356,-0.214626,0.435972,10,10.000000
441,11.000000,11.197420,-0.193144,0.450234,11,
442,11.000000,11.177678,-0.240020,0.434084,11,
443,11.000000,11.159910,-0.266170,0.442727,11,
444,14.000000,11.443919,-0.003720,0.397247,14,
445,13.000000,11.599527,0.062912,0.387070,13,
446,10.000000,11.439575,-0.144467,0.435059,10,
447,12.000000,11.495617,-0.036494,0.401846,12,
448,11.000000,11.446055,-0.265557,0.444085,11,
449,13.000000,11.601450,-0.218910,0.403041,13,
450,10.000000,11.441305,-0.214334,0.437590,10,10.000000
451,11.000000,11.397174,-0.110479,0.424278,11,
452,11.000000,11.357457,-0.230101,0.428225,11,
453,13.000000,11.521711,0.141021,0.389213,13,
454,11.000000,11.469540,-0.193112,0.451553,11,
455,12.000000,11.522586,-0.206526,0.416634,12,
456,11.000000,11.470328,-0.229572,0.429941,11,
457,11.000000,11.423295,-0.388908,0.430493,11,
458,11.000000,11.380965,-0.421478,0.444364,11,
459,12.000000,11.442869,-0.095111,0.411787,12,
460,12.000000,11.498582,-0.111599,0.417198,12,10.000000
461,12.000000,11.548724,-0.140728,0.418300,12,
462,11.000000,11.493851,-0.233182,0.418426,11,
463,11.000000,11.444466,-0.401571,0.417028,11,
464,11.000000,11.400020,-0.234939,0.412883,11,
465,10.000000,11.260018,-0.139421,0.419605,10,
466,10.000000,11.134016,-0.219456,0.417083,10,
467,13.000000,11.320614,0.022451,0.366243,13,
468,11.000000,11.288553,-0.193493,0.426936,11,
469,10.000000,11.159698,-0.220979,0.411046,10,
470,12.000000,11.243728,-0.063085,0.374182,12,10.000000
471,11.000000,11.219355,-0.193599,0.422202,11,
472,12.000000,11.297420,-0.044636,0.377761,12,
473,12.000000,11.367678,0.020584,0.377438,12,
474,10.000000,11.230910,-0.135242,0.406070,10,
475,10.000000,11.107819,-0.222107,0.406511,10,
476,13.000000,11.297037,-0.251785,0.352101,13,
477,12.000000,11.367333,-0.108665,0.389145,12,
478,11.000000,11.330600,-0.240972,0.394079,11,
479,11.000000,11.297540,-0.101596,0.389346,11,
480,11.000000,11.267786,-0.144202,0.400302,11,10.000000
481,12.000000,11.341007,-0.125261,0.399812,12,
482,14.000000,11.606907,0.021979,0.352686,14,
483,13.000000,11.746216,0.212912,0.343247,13,
484,11.000000,11.671594,-0.174735,0.412614,11,
485,10.000000,11.504435,-0.136783,0.408288,10,
486,13.000000,11.653991,-0.175893,0.359776,13,
487,11.000000,11.588592,-0.266590,0.411108,11,
488,11.000000,11.529733,-0.146269,0.409556,11,
489,10.000000,11.376760,-0.220047,0.413750,10,
490,12.000000,11.439084,-0.140807,0.401641,12,10.000000
491,11.000000,11.395175,-0.275978,0.421371,11,
492,11.000000,11.355658,-0.237693,0.404239,11,
493,12.000000,11.420092,-0.179241,0.392826,12,
494,10.000000,11.278083,-0.139072,0.413076,10,
495,11.000000,11.250275,-0.198225,0.390791,11,
496,11.000000,11.225247,-0.266476,0.411210,11,
497,11.000000,11.202722,-0.198641,0.388746,11,
498,12.000000,11.282450,0.125707,0.363039,12,
499,13.000000,11.454205,0.149439,0.349936,13,
500,12.000000,11.508785,-0.180221,0.389107,12,10.000000
501,12.000000,11.557906,-0.253066,0.390396,12,
502,11.000000,11.502116,-0.104589,0.396650,11,
503,12.000000,11.551904,-0.091795,0.387038,12,
504,13.000000,11.696714,-0.003231,0.369963,13,
505,10.000000,11.527042,-0.220221,0.413199,10,
506,13.000000,11.674338,0.122133,0.381686,13,
507,11.000000,11.606904,-0.293294,0.429922,11,
508,13.000000,11.746214,-0.131157,0.389505,13,
509,11.000000,11.671592,-0.193918,0.431440,11,
510,12.000000,11.704433,-0.150442,0.406091,12,10.000000
511,12.000000,11.733990,-0.110409,0.402755,12,
512,11.000000,11.660591,-0.217871,0.399991,11,
513,10.000000,11.494532,-0.140414,0.419244,10,
514,11.000000,11.445079,-0.206985,0.405909,11,
515,10.000000,11.300571,-0.140785,0.420142,10,
516,10.000000,11.170514,-0.141079,0.420798,10,
517,11.000000,11.153462,-0.289769,0.436176,11,
518,14.000000,11.438116,-0.070429,0.372775,14,
519,12.000000,11.494304,-0.125915,0.418786,12,
520,11.000000,11.444874,-0.289321,0.436831,11,10.000000
521,13.000000,11.600387,0.208819,0.385905,13,
522,14.000000,11.840348,0.031367,0.374186,14,
523,11.000000,11.756313,-0.355173,0.404461,11,
524,14.000000,11.980682,0.118767,0.378359,14,
525,11.000000,11.882614,-0.148516,0.424638,11,
526,11.000000,11.794352,-0.176349,0.435622,11,
527,10.000000,11.614917,-0.144247,0.430390,10,
528,11.000000,11.553425,-0.193772,0.446475,11,
529,14.000000,11.798083,0.158193,0.388374,14,
530,11.000000,11.718275,-0.111668,0.424086,11,10.000000
531,16.000000,12.146447,0.177245,0.368721,16,
532,12.000000,12.131802,-0.126775,0.441034,12,
533,10.000000,11.918622,-0.150304,0.447408,10,
534,12.000000,11.926760,-0.070483,0.436886,12,
535,12.000000,11.934084,-0.151963,0.447257,12,
536,10.000000,11.740676,-0.209561,0.458220,10,
537,12.000000,11.766608,-0.143655,0.453180,12,
538,15.000000,12.089947,0.162938,0.393997,15,
539,10.000000,11.880952,-0.207498,0.467032,10,
540,13.000000,11.992857,-0.401359,0.437586,13,10.000000
541,11.000000,11.893571,-0.194111,0.484642,11,
542,14.000000,12.104214,-0.087857,0.429017,14,
543,11.000000,11.993793,-0.313829,0.457176,11,
544,11.000000,11.894414,-0.248342,0.479807,11,
545,11.000000,11.804972,-0.157138,0.470852,11,
546,11.000000,11.724475,-0.122549,0.460373,11,
547,11.000000,11.652028,-0.180450,0.477902,11,
548,12.000000,11.686825,0.077580,0.427902,12,
549,12.000000,11.718142,-0.351837,0.449603,12,
550,10.000000,11.546328,-0.159422,0.470443,10,10.000000
551,12.000000,11.591695,-0.089692,0.435742,12,
552,10.000000,11.432526,-0.159596,0.470433,10,
553,14.000000,11.689273,0.216264,0.405002,14,
554,12.000000,11.720346,-0.123389,0.457961,12,
555,11.000000,11.648311,-0.194614,0.488420,11,
556,11.000000,11.583480,-0.203456,0.464151,11,
557,11.000000,11.525132,-0.257575,0.491265,11,
558,11.000000,11.472619,-0.194812,0.491644,11,
559,12.000000,11.525357,-0.336689,0.462519,12,
560,11.000000,11.472821,-0.223971,0.477497,11,10.000000
561,14.000000,11.725539,-0.103264,0.429353,14,
562,12.000000,11.752985,0.072882,0.436367,12,
563,10.000000,11.577687,-0.205632,0.474472,10,
564,12.000000,11.619918,-0.145420,0.467777,12,
565,10.000000,11.457926,-0.161608,0.473669,10,
566,10.000000,11.312134,-0.205780,0.473801,10,
567,11.000000,11.280920,-0.374893,0.482285,11,
568,12.000000,11.352828,-0.005861,0.442811,12,
569,13.000000,11.517545,-0.127662,0.453017,13,
570,16.000000,11.965791,0.053138,0.412419,16,10.000000
571,10.000000,11.769212,-0.160654,0.470511,10,
572,11.000000,11.692291,-0.240929,0.473403,11,
573,11.000000,11.623062,-0.346164,0.465158,11,
574,15.000000,11.960755,-0.059831,0.403952,15,
575,12.000000,11.964680,-0.081472,0.441853,12,
576,12.000000,11.968212,-0.091378,0.441898,12,
577,13.000000,12.071391,0.162979,0.425981,13,
578,12.000000,12.064252,-0.145041,0.461415,12,
579,11.000000,11.957826,-0.261838,0.483414,11,
580,11.000000,11.862044,-0.205147,0.456915,11,10.000000
581,13.000000,11.975839,-0.096329,0.435246,13,
582,10.000000,11.778255,-0.160758,0.469993,10,
583,10.000000,11.600430,-0.206529,0.470560,10,
584,10.000000,11.440387,-0.161306,0.470797,10,
585,14.000000,11.696348,-0.095841,0.435390,14,
586,10.000000,11.526713,-0.162094,0.472032,10,
587,12.000000,11.574042,-0.128176,0.471427,12,
588,13.000000,11.716638,-0.212037,0.441389,13,
589,11.000000,11.644974,-0.225750,0.470035,11,
590,14.000000,11.880477,0.094480,0.423460,14,10.000000
591,13.000000,11.992429,0.027099,0.443649,13,
592,16.000000,12.393186,0.026974,0.407568,16,
593,10.000000,12.153867,-0.165675,0.478547,10,
594,12.000000,12.138481,-0.087338,0.447295,12,
595,11.000000,12.024633,-0.351769,0.486314,11,
596,12.000000,12.022169,-0.351625,0.466190,12,
597,11.000000,11.919952,-0.246875,0.491606,11,
598,11.000000,11.827957,-0.196399,0.495169,11,
599,13.000000,11.945161,-0.125362,0.457258,13,
600,13.000000,12.050645,-0.130964,0.462461,13,10.000000
601,11.000000,11.945581,-0.128379,0.468821,11,
602,12.000000,11.951023,-0.202832,0.468049,12,
603,10.000000,11.755920,-0.165793,0.476545,10,
604,13.000000,11.880328,-0.105440,0.459196,13,
605,11.000000,11.792296,-0.184099,0.484198,11,
606,12.000000,11.813066,-0.155983,0.471132,12,
607,12.000000,11.831759,-0.285929,0.448096,12,
608,11.000000,11.748583,-0.185780,0.459944,11,
609,11.000000,11.673725,-0.257914,0.487622,11,
610,10.000000,11.506353,-0.164911,0.471604,10,10.000000
611,10.000000,11.355717,-0.206160,0.470481,10,
612,12.000000,11.420146,-0.233234,0.463092,12,
613,12.000000,11.478131,-0.093996,0.442430,12,
614,10.000000,11.330318,-0.163277,0.466252,10,
615,12.000000,11.397286,-0.206903,0.455218,12,
616,10.000000,11.257558,-0.162897,0.464555,10,
617,11.000000,11.231802,-0.197338,0.478594,11,
618,12.000000,11.308622,-0.127569,0.461965,12,
619,16.000000,11.777759,0.208756,0.403215,16,
620,10.000000,11.599984,-0.163508,0.464552,10,10.000000
621,16.000000,12.039985,0.159866,0.398749,16,
622,10.000000,11.835987,-0.165437,0.468703,10,
623,13.000000,11.952388,0.151374,0.435275,13,
624,10.000000,11.757149,-0.204910,0.475406,10,
625,12.000000,11.781434,-0.236718,0.474877,12,
626,12.000000,11.803291,-0.089292,0.452401,12,
627,13.000000,11.922962,-0.152869,0.470451,13,
628,11.000000,11.830666,-0.184161,0.471657,11,
629,11.000000,11.747599,-0.188700,0.478002,11,
630,16.000000,12.172839,0.078493,0.429598,16,10.000000
631,11.000000,12.055555,-0.187983,0.497564,11,
632,11.000000,11.950000,-0.201753,0.480682,11,
633,11.000000,11.855000,-0.199199,0.505452,11,
634,13.000000,11.969500,0.009219,0.461098,13,
635,10.000000,11.772550,-0.176799,0.493837,10,
636,11.000000,11.695295,-0.199616,0.509685,11,
637,12.000000,11.725765,-0.115771,0.496904,12,
638,14.000000,11.953189,0.004924,0.457218,14,
639,13.000000,12.057870,-0.072790,0.478720,13,
640,11.000000,11.952083,-0.142277,0.497762,11,10.000000
641,12.000000,11.956875,-0.012492,0.467509,12,
642,16.000000,12.361187,0.144845,0.435883,16,
643,13.000000,12.425068,-0.036983,0.483748,13,
644,12.000000,12.382562,-0.073414,0.494475,12,
645,13.000000,12.444305,-0.130305,0.506140,13,
646,11.000000,12.299875,-0.221856,0.532132,11,
647,10.000000,12.069887,-0.194457,0.525003,10,
648,13.000000,12.162899,-0.037476,0.494686,13,
649,18.000000,12.746609,0.114631,0.462338,18,
650,12.000000,12.671948,-0.164839,0.534589,12,10.000000
651,14.000000,12.804753,0.021889,0.490218,14,
652,10.000000,12.524278,-0.198177,0.537443,10,
653,11.000000,12.371850,-0.216277,0.550869,11,
654,13.000000,12.434665,-0.060348,0.525559,13,
655,12.000000,12.391199,-0.042610,0.521797,12,
656,12.000000,12.352079,-0.190816,0.548995,12,
657,18.000000,12.916871,0.012522,0.499725,18,
658,11.000000,12.725184,-0.201063,0.562939,11,
659,17.000000,13.152665,-0.013820,0.515087,17,
660,11.000000,12.937399,-0.193705,0.561471,11,10.000000
661,14.000000,13.043659,0.042026,0.517716,14,
662,11.000000,12.839293,-0.172153,0.559291,11,
663,13.000000,12.855364,-0.276042,0.558015,13,
664,13.000000,12.869827,-0.123686,0.558967,13,
665,11.000000,12.682845,-0.203064,0.575710,11,
666,11.000000,12.514560,-0.204527,0.573553,11,
667,12.000000,12.463104,-0.256606,0.563811,12,
668,15.000000,12.716794,0.080412,0.516709,15,
669,15.000000,12.945114,0.009417,0.531676,15,
670,20.000000,13.650603,-0.017448,0.504994,20,10.000000
671,11.000000,13.385543,-0.197938,0.570505,11,
672,15.000000,13.546988,-0.055841,0.533196,15,
673,12.000000,13.392290,-0.161179,0.567380,12,
674,17.000000,13.753061,0.114232,0.501341,17,
675,13.000000,13.677755,-0.080852,0.552445,13,
676,14.000000,13.709979,-0.172684,0.564630,14,
677,16.000000,13.938981,0.120283,0.508392,16,
678,13.000000,13.845083,-0.136816,0.574616,13,
679,12.000000,13.660575,-0.157463,0.575986,12,
680,18.000000,14.094517,0.039349,0.516846,18,11.000000
681,14.000000,14.085066,-0.140896,0.564174,14,
682,14.000000,14.076559,0.024932,0.547811,14,
683,14.000000,14.068903,-0.153612,0.572994,14,
684,11.000000,13.762013,-0.193170,0.588660,11,
685,11.000000,13.485812,-0.192774,0.590036,11,
686,15.000000,13.637230,-0.063827,0.557164,15,
687,18.000000,14.073507,0.200511,0.503456,18,
688,17.000000,14.366157,0.020355,0.536394,17,
689,14.000000,14.329541,0.028892,0.544552,14,
690,11.000000,13.996587,-0.169341,0.584086,11,11.000000
691,11.000000,13.696928,-0.221952,0.594703,11,
692,12.000000,13.527235,-0.142321,0.582892,12,
693,14.000000,13.574512,-0.041695,0.565031,14,
694,11.000000,13.317061,-0.185144,0.592746,11,
695,15.000000,13.485355,-0.175347,0.575326,15,
696,12.000000,13.336819,-0.148487,0.591002,12,
697,17.000000,13.703137,0.143690,0.527662,17,
698,11.000000,13.432823,-0.214485,0.594020,11,
699,11.000000,13.189541,-0.168432,0.588824,11,
700,11.000000,12.970587,-0.188033,0.597380,11,11.000000
701,16.000000,13.273528,0.162934,0.526229,16,
702,14.000000,13.346175,0.006757,0.559207,14,
703,14.000000,13.411558,-0.250487,0.582352,14,
704,12.000000,13.270402,-0.233063,0.596691,12,
705,14.000000,13.343362,-0.087143,0.569013,14,
706,15.000000,13.509026,-0.071387,0.576120,15,
707,16.000000,13.758123,-0.023447,0.561918,16,
708,15.000000,13.882311,0.004760,0.561879,15,
709,19.000000,14.394080,0.082075,0.533022,19,
710,14.000000,14.354672,-0.071072,0.573495,14,11.000000
711,13.000000,14.219205,-0.100984,0.578961,13,
712,19.000000,14.697284,0.051342,0.540066,19,
713,14.000000,14.627556,-0.093109,0.568685,14,
714,13.000000,14.464800,-0.164935,0.591681,13,
715,16.000000,14.618320,-0.083395,0.573448,16,
716,13.000000,14.456488,0.023362,0.562329,13,
717,11.000000,14.110839,-0.217355,0.600319,11,
718,10.000000,13.699755,-0.180233,0.590850,10,
719,11.000000,13.429780,-0.189572,0.599363,11,
720,11.000000,13.186802,-0.199352,0.590896,11,11.000000
721,15.000000,13.368122,-0.052866,0.571835,15,
722,15.000000,13.531310,-0.069453,0.574056,15,
723,15.000000,13.678179,-0.055166,0.566872,15,
724,21.000000,14.410361,0.207529,0.499374,21,
725,18.000000,14.769325,0.167855,0.510186,18,
726,12.000000,14.492392,-0.062086,0.572294,12,
727,13.000000,14.343153,-0.125745,0.590068,13,
728,11.000000,14.008838,-0.217989,0.598290,11,
729,13.000000,13.907954,-0.120911,0.585053,13,
730,12.000000,13.717159,-0.217545,0.595856,12,11.000000
731,12.000000,13.545443,-0.012129,0.565398,12,
732,12.000000,13.390898,-0.148854,0.595823,12,
733,17.000000,13.751809,0.033867,0.557000,17,
734,15.000000,13.876628,-0.108808,0.584612,15,
735,12.000000,13.688965,-0.171106,0.596565,12,
736,12.000000,13.520068,-0.161769,0.594803,12,
737,12.000000,13.368062,-0.138340,0.590556,12,
738,15.000000,13.531255,0.043779,0.557242,15,
739,14.000000,13.578130,-0.147196,0.584072,14,
740,14.000000,13.620317,-0.067039,0.578639,14,11.000000
741,15.000000,13.758285,-0.036110,0.569306,15,
742,12.000000,13.582457,-0.147677,0.597910,12,
743,12.000000,13.424211,-0.169939,0.602239,12,
744,13.000000,13.381790,-0.130584,0.598200,13,
745,11.000000,13.143611,-0.214346,0.603647,11,
746,13.000000,13.129250,-0.076027,0.584840,13,
747,13.000000,13.116325,0.009367,0.561421,13,
748,14.000000,13.204692,-0.138161,0.582750,14,
749,14.000000,13.284223,0.021159,0.559902,14,
750,13.000000,13.255801,-0.092870,0.586396,13,11.000000
751,18.000000,13.730221,-0.038530,0.566636,18,
752,16.000000,13.957199,-0.062667,0.572210,16,
753,12.000000,13.761479,-0.161934,0.598432,12,
754,11.000000,13.485331,-0.181073,0.600152,11,
755,20.000000,14.136798,0.121125,0.528556,20,
756,19.000000,14.623118,0.113375,0.536799,19,
757,15.000000,14.660806,0.126303,0.536778,15,
758,15.000000,14.694726,0.011669,0.567138,15,
759,12.000000,14.425253,-0.145535,0.600770,12,
760,15.000000,14.482728,-0.077164,0.587759,15,11.000000
761,17.000000,14.734455,-0.094970,0.583425,17,
762,11.000000,14.361009,-0.206429,0.612429,11,
763,16.000000,14.524909,0.051264,0.555131,16,
764,12.000000,14.272418,-0.162425,0.615751,12,
765,20.000000,14.845176,0.044400,0.567867,20,
766,13.000000,14.660658,-0.150887,0.620055,13,
767,11.000000,14.294592,-0.187973,0.617761,11,
768,13.000000,14.165133,-0.108110,0.613317,13,
769,11.000000,13.848620,-0.193418,0.616637,11,
770,19.000000,14.363758,-0.016885,0.592208,19,11.000000
771,15.000000,14.427382,0.008151,0.587872,15,
772,13.000000,14.284644,-0.196156,0.626987,13,
773,11.000000,13.956180,-0.170593,0.625366,11,
774,16.000000,14.160562,0.037241,0.580544,16,
775,15.000000,14.244505,-0.037002,0.603543,15,
776,11.000000,13.920055,-0.213544,0.625579,11,
777,13.000000,13.828049,-0.112028,0.622202,13,
778,22.000000,14.645244,-0.034905,0.589912,22,
779,15.000000,14.680720,-0.034101,0.608538,15,
780,13.000000,14.512648,-0.138859,0.632517,13,11.000000
781,16.000000,14.661383,0.009891,0.575157,16,
782,14.000000,14.595245,-0.032849,0.606728,14,
783,26.000000,15.735720,0.024296,0.583168,26,
784,11.000000,15.262148,-0.212276,0.630457,11,
785,18.000000,15.535934,-0.029087,0.615856,18,
786,22.000000,16.182340,0.128074,0.535315,22,
787,19.000000,16.464106,-0.011874,0.612569,19,
788,30.000000,17.817696,0.046881,0.584095,30,
789,17.000000,17.735926,-0.073039,0.634582,17,
790,11.000000,17.062333,-0.146057,0.643898,11,11.000000
791,12.000000,16.556100,-0.133398,0.644605,12,
792,20.000000,16.900490,-0.024108,0.623582,20,
793,11.000000,16.310441,-0.226073,0.641598,11,
794,13.000000,15.979397,-0.079080,0.639242,13,
795,13.000000,15.681457,-0.072299,0.638225,13,
796,13.000000,15.413312,-0.116704,0.649830,13,
797,21.000000,15.971980,-0.004890,0.628881,21,
798,14.000000,15.774782,-0.127728,0.649252,14,
799,14.000000,15.597304,-0.032838,0.615990,14,
800,12.000000,15.237574,-0.163185,0.620979,12,12.000000
801,22.000000,15.913816,0.061545,0.605439,22,
802,24.000000,16.722435,-0.039870,0.630128,24,
803,13.000000,16.350191,-0.025685,0.621869,13,
804,18.000000,16.515172,0.010166,0.621904,18,
805,27.000000,17.563655,0.000812,0.622388,27,
806,17.000000,17.507289,-0.077055,0.646551,17,
807,20.000000,17.756560,-0.062674,0.651487,20,
808,21.000000,18.080904,0.026330,0.612762,21,
809,29.000000,19.172814,0.048238,0.614633,29,
810,26.000000,19.855533,0.063366,0.585133,26,13.000000
811,16.000000,19.469979,-0.097280,0.666388,16,
812,14.000000,18.922981,-0.029737,0.650781,14,
813,30.000000,20.030683,0.056245,0.619154,30,
814,44.000000,22.427615,0.046657,0.624309,44,
815,16.000000,21.784853,-0.024211,0.656161,16,
816,26.000000,22.206368,0.051738,0.612707,26,
817,27.000000,22.685731,-0.020203,0.656552,27,
818,19.000000,22.317158,-0.029842,0.663109,19,
819,22.000000,22.285442,-0.005681,0.658219,22,
820,15.000000,21.556898,-0.051845,0.663229,15,15.000000
821,34.000000,22.801208,0.022609,0.645644,34,
822,19.000000,22.421087,-0.055587,0.677973,19,
823,13.000000,21.478979,-0.064332,0.671708,13,
824,19.000000,21.231081,-0.021391,0.667756,19,
825,27.000000,21.807973,0.000584,0.659991,27,
826,20.000000,21.627175,-0.014806,0.644550,20,
827,26.000000,22.064458,-0.009199,0.667294,26,
828,25.000000,22.358012,-0.017713,0.672891,25,
829,36.000000,23.722211,-0.007935,0.663725,36,
830,18.000000,23.149990,-0.014353,0.668487,18,15.000000
831,13.000000,22.134991,-0.116385,0.658181,13,
832,19.000000,21.821492,-0.050586,0.680682,19,
833,27.000000,22.339343,-0.013048,0.672924,27,
834,14.000000,21.505408,-0.061252,0.678221,14,
835,45.000000,23.854867,0.023582,0.650411,45,
836,32.000000,24.669381,0.040269,0.617037,32,
837,26.000000,24.802443,0.037120,0.650272,26,
838,15.000000,23.822198,-0.055360,0.668025,15,
839,45.000000,25.939979,0.011338,0.635962,45,
840,16.000000,24.945981,-0.073565,0.678390,16,17.000000
841,11.000000,23.551383,-0.073342,0.663607,11,
842,38.000000,24.996244,0.012902,0.639905,38,
843,22.000000,24.696620,-0.000850,0.642278,22,
844,35.000000,25.726958,0.004749,0.666656,35,
845,16.000000,24.754262,-0.035946,0.678456,16,
846,24.000000,24.678836,0.004021,0.660910,24,
847,26.000000,24.810952,0.033179,0.653763,26,
848,41.000000,26.429857,0.005287,0.666944,41,
849,62.000000,29.986871,-0.002844,0.648120,62,
850,35.000000,30.488184,-0.001352,0.672799,35,19.000000
851,27.000000,30.139366,-0.008808,0.672448,27,
852,31.000000,30.225429,0.014364,0.666386,31,
853,26.000000,29.802886,-0.012418,0.679258,26,
854,36.000000,30.422598,-0.009523,0.675402,36,
855,27.000000,30.080338,-0.014738,0.676492,27,
856,41.000000,31.172304,0.011079,0.661806,41,
857,29.000000,30.955074,-0.000983,0.678042,29,
858,18.000000,29.659566,0.039870,0.660144,18,
859,13.000000,27.993610,-0.039280,0.661299,13,
860,30.000000,28.194249,0.003871,0.675123,30,21.000000
861,13.000000,26.674824,-0.073389,0.668564,13,
862,16.000000,25.607341,-0.041392,0.671985,16,
863,57.000000,28.746607,0.008177,0.665117,57,
864,29.000000,28.771947,-0.021626,0.677862,29,
865,13.000000,27.194752,-0.015853,0.669971,13,
866,14.000000,25.875277,-0.011520,0.674513,14,
867,53.000000,28.587749,0.013050,0.640831,53,
868,39.000000,29.628974,0.007364,0.671019,39,
869,21.000000,28.766077,-0.099481,0.667697,21,
870,17.000000,27.589469,-0.035525,0.683663,17,21.000000
871,35.000000,28.330522,0.003328,0.669188,35,
872,42.000000,29.697470,-0.000657,0.647549,42,
873,52.000000,31.927723,0.028078,0.652535,52,
874,24.000000,31.134951,-0.016561,0.683685,24,
875,27.000000,30.721456,0.048445,0.622064,27,
876,11.000000,28.749310,0.023014,0.660033,11,
877,48.000000,30.674379,0.008468,0.666723,48,
878,29.000000,30.506941,-0.008727,0.676282,29,
879,73.000000,34.756247,-0.001184,0.659795,73,
880,40.000000,35.280622,-0.002838,0.666280,40,21.000000
881,14.000000,33.152560,-0.022120,0.667564,14,
882,22.000000,32.037304,-0.056812,0.685925,22,
883,17.000000,30.533574,-0.166817,0.649968,17,
884,25.000000,29.980216,0.043582,0.590409,25,
885,17.000000,28.682195,-0.123858,0.666644,17,
886,23.000000,28.113975,0.100968,0.577394,23,
887,30.000000,28.302578,-0.005897,0.679874,30,
888,25.000000,27.972320,0.016826,0.666587,25,
889,81.000000,33.275088,-0.009033,0.652208,81,
890,23.000000,32.247579,-0.010279,0.683676,23,27.000000
891,29.000000,31.922821,-0.050722,0.675859,29,
892,36.000000,32.330539,-0.024345,0.676119,36,
893,34.000000,32.497485,0.006627,0.643773,34,
894,41.000000,33.347737,-0.040636,0.629770,41,
895,13.000000,31.312963,0.142546,0.556201,13,
896,32.000000,31.381667,0.007580,0.673104,32,
897,45.000000,32.743500,-0.062153,0.650696,45,
898,32.000000,32.669150,0.031689,0.616386,32,
899,30.000000,32.402235,0.002292,0.683243,30,
900,37.000000,32.862012,-0.000499,0.681246,37,43.000000
901,20.000000,31.575810,-0.012596,0.674734,20,
902,15.000000,29.918229,0.002320,0.660190,15,
903,18.000000,28.726406,0.088333,0.615957,18,
904,17.000000,27.553766,-0.038578,0.647424,17,
905,27.000000,27.498389,0.000296,0.673583,27,
906,92.000000,33.948550,0.019685,0.660688,92,
907,54.000000,35.953695,-0.044396,0.646252,54,
908,20.000000,34.358326,0.032227,0.659905,20,
909,16.000000,32.522493,0.073643,0.617315,16,
910,52.000000,34.470244,-0.000290,0.638726,52,81.000000
911,31.000000,34.123219,0.030391,0.647625,31,
912,90.000000,39.710898,0.019912,0.662530,90,
913,75.000000,43.239808,-0.033654,0.659955,75,
914,14.000000,40.315827,0.034343,0.619782,14,
915,43.000000,40.584244,0.012211,0.675700,43,
916,33.000000,39.825820,-0.039189,0.659238,33,
917,15.000000,37.343238,0.157466,0.618301,15,
918,18.000000,35.408914,0.064580,0.655690,18,
919,19.000000,33.768023,0.005982,0.658101,19,
920,127.000000,43.091220,0.006225,0.665769,127,87.000000
921,13.000000,40.082098,-0.071561,0.603420,13,
922,80.000000,44.073889,-0.005763,0.686660,80,
923,37.000000,43.366500,0.016820,0.663462,37,
924,48.000000,43.829850,-0.017017,0.685234,48,
925,17.000000,41.146865,-0.038929,0.651305,17,
926,31.000000,40.132178,0.031431,0.651680,31,
927,36.000000,39.718960,-0.073630,0.650237,36,
928,100.000000,45.747064,-0.012438,0.666557,100,
929,47.000000,45.872358,0.011249,0.640689,47,
930,16.000000,42.885122,-0.042531,0.648045,16,90.000000
931,24.000000,40.996610,-0.028106,0.667142,24,
932,17.000000,38.596949,-0.106679,0.647299,17,
933,56.000000,40.337254,0.012149,0.677929,56,
934,33.000000,39.603529,-0.047442,0.658459,33,
935,46.000000,40.243176,0.004230,0.675072,46,
936,33.000000,39.518858,0.020912,0.643055,33,
937,17.000000,37.266972,-0.017761,0.641835,17,
938,43.000000,37.840275,0.012893,0.654211,43,
939,34.000000,37.456248,0.004325,0.661603,34,
940,16.000000,35.310623,0.099111,0.639431,16,149.000000
941,55.000000,37.279561,-0.001700,0.671186,55,
942,59.000000,39.451605,0.029796,0.648845,59,
943,65.000000,42.006444,0.014549,0.664463,65,
944,30.000000,40.805800,-0.129058,0.643700,30,
945,94.000000,46.125220,-0.008320,0.684815,94,
946,40.000000,45.512698,0.008297,0.665814,40,
947,102.000000,51.161428,-0.014160,0.651616,102,
948,46.000000,50.645285,0.016037,0.666147,46,
949,14.000000,46.980757,0.101484,0.610364,14,
950,20.000000,44.282681,-0.067874,0.632054,20,120.000000
951,27.000000,42.554413,0.008874,0.667214,27,
952,30.000000,41.298972,-0.002820,0.668577,30,
953,63.000000,43.469074,0.000926,0.643096,63,
954,87.000000,47.822167,-0.008466,0.669460,87,
955,20.000000,45.039950,-0.027290,0.655871,20,
956,54.000000,45.935955,0.003429,0.654998,54,
957,31.000000,44.442360,0.016441,0.670896,31,
958,64.000000,46.398124,-0.000454,0.665709,64,
959,14.000000,43.158311,0.055264,0.616427,14,
960,30.000000,41.842480,-0.033346,0.667201,30,90.000000
961,20.000000,39.658232,0.007095,0.660223,20,
962,15.000000,37.192409,0.047688,0.614132,15,
963,32.000000,36.673168,-0.044255,0.651029,32,
964,48.000000,37.805851,-0.011120,0.682431,48,
965,30.000000,37.025266,-0.006942,0.675556,30,
966,29.000000,36.222740,-0.007155,0.641800,29,
967,25.000000,35.100466,0.011635,0.632777,25,
968,56.000000,37.190419,-0.020760,0.656957,56,
969,78.000000,41.271377,0.001317,0.662940,78,
970,95.000000,46.644239,0.005772,0.665421,95,69.000000
971,41.000000,46.079815,0.018746,0.651195,41,
972,46.000000,46.071834,-0.006048,0.655351,46,
973,35.000000,44.964651,-0.057839,0.657806,35,
974,31.000000,43.568185,-0.039839,0.675095,31,
975,41.000000,43.311367,-0.022935,0.660166,41,
976,40.000000,42.980230,-0.036529,0.610587,40,
977,20.000000,40.682207,-0.037268,0.660438,20,
978,29.000000,39.513986,0.012351,0.632608,29,
979,19.000000,37.462588,0.127147,0.605807,19,
980,119.000000,45.616329,-0.004883,0.640656,119,97.000000
981,45.000000,45.554696,-0.024825,0.657561,45,
982,90.000000,49.999227,0.004181,0.655933,90,
983,70.000000,51.999304,-0.001355,0.675453,70,
984,60.000000,52.799373,-0.068585,0.666826,60,
985,90.000000,56.519436,-0.033651,0.662150,90,
986,30.000000,53.867493,-0.012463,0.662432,30,
987,44.000000,52.880743,0.012007,0.646199,44,
988,77.000000,55.292669,-0.046326,0.643390,77,
989,46.000000,54.363402,-0.004812,0.664725,46,
990,52.000000,54.127062,-0.001623,0.679925,52,277.000000
991,44.000000,53.114356,0.003240,0.670913,44,
992,74.000000,55.202920,-0.016081,0.670975,74,
993,64.000000,56.082628,-0.005203,0.662849,64,
994,16.000000,52.074365,0.122311,0.623873,16,
995,78.000000,54.666929,-0.027948,0.655744,78,
996,140.000000,63.200236,-0.019835,0.661000,140,
997,141.000000,70.980212,0.002681,0.667679,141,
998,124.000000,76.282191,-0.016485,0.657382,124,
999,24.000000,71.053972,0.005060,0.636197,24,
1000,38.000000,67.748575,-0.052828,0.654733,38,311.000000
1001,136.000000,74.573717,0.002344,0.672011,136,
1002,55.000000,72.616346,0.000068,0.678430,55,
1003,57.000000,71.054711,-0.012067,0.670633,57,
1004,27.000000,66.649240,0.007417,0.648852,27,
1005,45.000000,64.484316,-0.106915,0.620161,45,
1006,69.000000,64.935884,-0.021159,0.676820,69,
1007,44.000000,62.842296,0.012233,0.651116,44,
1008,59.000000,62.458066,-0.010733,0.676781,59,
1009,80.000000,64.212260,-0.001578,0.652877,80,
1010,154.000000,73.191034,-0.028712,0.641453,154,244.000000
1011,114.000000,77.271930,-0.002316,0.660340,114,
1012,22.000000,71.744737,0.001061,0.642617,22,
1013,82.000000,72.770264,-0.016360,0.635398,82,
1014,30.000000,68.493237,-0.058098,0.658955,30,
1015,12.000000,62.843913,0.187566,0.596387,12,
1016,18.000000,58.359522,-0.068704,0.630230,18,
1017,25.000000,55.023570,-0.054466,0.646904,25,
1018,11.000000,50.621213,0.125015,0.602053,11,
1019,13.000000,46.859092,0.112974,0.615514,13,
1020,46.000000,46.773182,0.006026,0.671095,46,142.000000
1021,71.000000,49.195864,-0.006960,0.662168,71,
1022,32.000000,47.476278,-0.005725,0.646066,32,
1023,55.000000,48.228650,-0.007992,0.661834,55,
1024,16.000000,45.005785,-0.132385,0.611437,16,
1025,31.000000,43.605207,0.001652,0.653674,31,
1026,14.000000,40.644686,-0.007559,0.624565,14,
1027,25.000000,39.080217,-0.013749,0.640855,25,
1028,89.000000,44.072196,0.001984,0.676869,89,
1029,32.000000,42.864976,0.015246,0.630512,32,
1030,131.000000,51.678478,-0.018116,0.663384,131,138.000000
1031,79.000000,54.410631,0.011212,0.666820,79,
1032,70.000000,55.969568,-0.026898,0.660363,70,
1033,15.000000,51.872611,-0.127028,0.625270,15,
1034,28.000000,49.485350,0.001309,0.647725,28,
1035,32.000000,47.736815,0.014242,0.638361,32,
1036,105.000000,53.463133,-0.023529,0.667213,105,
1037,42.000000,52.316820,-0.019243,0.646932,42,
1038,45.000000,51.585138,-0.011032,0.656332,45,
1039,40.000000,50.426624,-0.107114,0.659558,40,
1040,81.000000,53.483962,-0.018076,0.662340,81,225.000000
1041,22.000000,50.335566,0.064829,0.634475,22,
1042,24.000000,47.702009,-0.063940,0.642500,24,
1043,73.000000,50.231808,-0.037056,0.649461,73,
1044,63.000000,51.508627,-0.014200,0.667362,63,
1045,27.000000,49.057765,-0.009548,0.644836,27,
1046,40.000000,48.151988,0.033702,0.639908,40,
1047,18.000000,45.136789,-0.021731,0.626961,18,
1048,36.000000,44.223110,0.003079,0.649635,36,
1049,16.000000,41.400799,-0.028306,0.623081,16,
1050,43.000000,41.560719,-0.057127,0.663821,43,228.000000
1051,29.000000,40.304647,0.035387,0.636149,29,
1052,24.000000,38.674183,0.021756,0.628404,24,
1053,69.000000,41.706764,-0.021665,0.659247,69,
1054,27.000000,40.236088,-0.124120,0.641332,27,
1055,62.000000,42.412479,0.007834,0.657519,62,
1056,67.000000,44.871231,0.008701,0.663140,67,
1057,112.000000,51.584108,-0.005180,0.632685,112,
1058,17.000000,48.125697,0.028577,0.619362,17,
1059,69.000000,50.213128,0.022304,0.667953,69,
1060,17.000000,46.891815,-0.073909,0.612870,17,166.000000
1061,57.000000,47.902633,-0.066911,0.669205,57,
1062,23.000000,45.412370,0.006685,0.650480,23,
1063,48.000000,45.671133,-0.032542,0.652805,48,
1064,43.000000,45.404020,0.012623,0.664947,43,
1065,111.000000,51.963618,-0.014640,0.648062,111,
1066,27.000000,49.467256,0.046726,0.613588,27,
1067,44.000000,48.920530,0.012661,0.653009,44,
1068,57.000000,49.728477,-0.025499,0.644122,57,
1069,55.000000,50.255630,-0.049027,0.656345,55,
1070,100.000000,55.230067,-0.015531,0.661559,100,500.000000
1071,80.000000,57.707060,0.018375,0.651020,80,
1072,85.000000,60.436354,-0.043765,0.665816,85,
1073,93.000000,63.692719,-0.021333,0.668236,93,
1074,14.000000,58.723447,0.001888,0.605945,14,
1075,121.000000,64.951102,-0.014246,0.669076,121,
1076,51.000000,63.555992,-0.043449,0.662482,51,
1077,61.000000,63.300393,-0.031254,0.663271,61,
1078,93.000000,66.270353,-0.033552,0.673421,93,
1079,21.000000,61.743318,0.080264,0.626594,21,
1080,18.000000,57.368986,-0.123529,0.619574,18,197.000000
1081,43.000000,55.932088,0.003732,0.657690,43,
1082,53.000000,55.638879,0.004302,0.667953,53,
1083,24.000000,52.474991,0.035692,0.634099,24,
1084,25.000000,49.727492,-0.041816,0.641301,25,
1085,127.000000,57.454743,-0.006646,0.666370,127,
1086,101.000000,61.809268,-0.001483,0.673592,101,
1087,17.000000,57.328342,-0.041643,0.612692,17,
1088,44.000000,55.995507,-0.050877,0.654973,44,
1089,76.000000,57.995957,-0.014019,0.660185,76,
1090,62.000000,58.396361,-0.058929,0.645564,62,199.000000
1091,36.000000,56.156725,-0.016255,0.651545,36,
1092,19.000000,52.441052,0.016640,0.619252,19,
1093,26.000000,49.796947,0.046200,0.639489,26,
1094,43.000000,49.117252,-0.054963,0.660204,43,
1095,75.000000,51.705527,-0.010582,0.673592,75,
1096,42.000000,50.734974,-0.084473,0.614788,42,
1097,16.000000,47.261477,0.104719,0.606189,16,
1098,35.000000,46.035329,0.033835,0.637706,35,
1099,73.000000,48.731796,-0.028835,0.642274,73,
1100,22.000000,46.058617,-0.062631,0.631936,22,170.000000
1101,70.000000,48.452755,0.015964,0.631230,70,
1102,34.000000,47.007480,-0.003473,0.645476,34,
1103,42.000000,46.506732,-0.008241,0.665342,42,
1104,38.000000,45.656058,-0.080077,0.650141,38,
1105,18.000000,42.890453,-0.009760,0.592410,18,
1106,127.000000,51.301407,-0.012764,0.665452,127,
1107,69.000000,53.071267,0.002309,0.669247,69,
1108,44.000000,52.164140,0.027891,0.647319,44,
1109,39.000000,50.847726,-0.039376,0.653301,39,
1110,62.000000,51.962953,-0.002423,0.641590,62,201.000000
1111,42.000000,50.966658,0.000203,0.630090,42,
1112,40.000000,49.869992,0.012554,0.653864,40,
1113,14.000000,46.282993,0.176463,0.590862,14,
1114,14.000000,43.054694,-0.264634,0.590198,14,
1115,36.000000,42.349224,-0.103570,0.635265,36,
1116,22.000000,40.314302,0.011405,0.630851,22,
1117,65.000000,42.782872,-0.009040,0.667685,65,
1118,77.000000,46.204585,-0.068441,0.662121,77,
1119,81.000000,49.684126,0.020648,0.645024,81,
1120,45.000000,49.215713,-0.074957,0.660693,45,500.000000
1121,52.000000,49.494142,0.001762,0.634730,52,
1122,93.000000,53.844728,0.015136,0.674842,93,
1123,22.000000,50.660255,-0.009088,0.640632,22,
1124,37.000000,49.294230,-0.044679,0.648668,37,
1125,38.000000,48.164807,0.057695,0.639936,38,
1126,20.000000,45.348326,-0.013253,0.618335,20,
1127,48.000000,45.613493,-0.042607,0.618948,48,
1128,156.000000,56.652144,-0.007307,0.644895,156,
1129,48.000000,55.786930,-0.087414,0.625237,48,
1130,10.000000,51.208237,0.169441,0.573168,10,500.000000
1131,37.000000,49.787413,-0.008086,0.643811,37,
1132,19.000000,46.708672,0.049197,0.611356,19,
1133,27.000000,44.737805,-0.005927,0.639819,27,
1134,16.000000,41.864024,0.115543,0.592281,16,
1135,46.000000,42.277622,-0.059391,0.651767,46,
1136,92.000000,47.249860,-0.037310,0.640505,92,
1137,38.000000,46.324874,-0.044062,0.640930,38,
1138,71.000000,48.792386,0.011579,0.656373,71,
1139,49.000000,48.813148,-0.011449,0.658323,49,
1140,87.000000,52.631833,-0.009479,0.658275,87,216.000000
1141,35.000000,50.868650,-0.018543,0.605994,35,
1142,37.000000,49.481785,0.015198,0.632837,37,
1143,32.000000,47.733606,-0.055679,0.652301,32,
1144,88.000000,51.760246,-0.015966,0.643619,88,
1145,18.000000,48.384221,-0.047693,0.614916,18,
1146,96.000000,53.145799,-0.011678,0.640479,96,
1147,15.000000,49.331219,0.049248,0.603166,15,
1148,17.000000,46.098097,0.134016,0.609188,17,
1149,27.000000,44.188287,-0.075881,0.641628,27,
1150,16.000000,41.369459,0.094053,0.608012,16,132.000000
1151,68.000000,44.032513,0.010747,0.673180,68,
1152,59.000000,45.529261,-0.004232,0.666529,59,
1153,65.000000,47.476335,-0.025782,0.623891,65,
1154,148.000000,57.528702,0.009365,0.637838,148,
1155,16.000000,53.375832,0.080957,0.611749,16,
1156,57.000000,53.738248,-0.045301,0.668398,57,
1157,118.000000,60.164424,-0.009639,0.663376,118,
1158,40.000000,58.147981,0.003876,0.657103,40,
1159,22.000000,54.533183,-0.026264,0.635718,22,
1160,50.000000,54.079865,-0.036505,0.660596,50,104.000000
1161,42.000000,52.871878,-0.087059,0.630533,42,
1162,11.000000,48.684691,0.007976,0.588753,11,
1163,48.000000,48.616221,-0.012087,0.671234,48,
1164,59.000000,49.654599,-0.000300,0.656347,59,
1165,99.000000,54.589139,0.002974,0.670922,99,
1166,22.000000,51.330225,-0.182328,0.635009,22,
1167,36.000000,49.797203,-0.016549,0.660163,36,
1168,17.000000,46.517483,0.117288,0.615905,17,
1169,27.000000,44.565734,0.002311,0.647322,27,
1170,27.000000,42.809161,0.005366,0.647336,27,112.000000
1171,47.000000,43.228245,-0.000347,0.653826,47,
1172,60.000000,44.905420,-0.007564,0.639840,60,
1173,31.000000,43.514878,-0.004177,0.657736,31,
1174,35.000000,42.663390,-0.063430,0.654631,35,
1175,44.000000,42.797051,0.002118,0.657943,44,
1176,24.000000,40.917346,-0.036388,0.642072,24,
1177,16.000000,38.425612,0.037133,0.609949,16,
1178,26.000000,37.183050,-0.074186,0.641108,26,
1179,42.000000,37.664745,0.051525,0.634091,42,
1180,52.000000,39.098271,-0.073199,0.662638,52,150.000000
1181,41.000000,39.288444,-0.071744,0.637094,41,
1182,24.000000,37.759599,0.055714,0.635445,24,
1183,18.000000,35.783639,0.048271,0.622895,18,
1184,97.000000,41.905276,-0.003885,0.660475,97,
1185,123.000000,50.014748,0.008126,0.660577,123,
1186,48.000000,49.813273,0.047909,0.641177,48,
1187,27.000000,47.531946,-0.085108,0.629318,27,
1188,64.000000,49.178751,-0.013886,0.669600,64,
1189,78.000000,52.060876,0.007787,0.657366,78,
1190,57.000000,52.554789,-0.041365,0.656843,57,209.000000
1191,146.000000,61.899310,0.003695,0.657611,146,
1192,21.000000,57.809379,-0.143789,0.627436,21,
1193,93.000000,61.328441,-0.015501,0.659794,93,
1194,39.000000,59.095597,0.047833,0.643829,39,
1195,24.000000,55.586037,0.006288,0.592337,24,
1196,15.000000,51.527433,0.172423,0.586927,15,
1197,41.000000,50.474690,0.027225,0.645173,41,
1198,17.000000,47.127221,0.133265,0.602650,17,
1199,24.000000,44.814499,-0.090952,0.628534,24,
1200,10.000000,41.333049,0.059334,0.578061,10,500.000000
1201,16.000000,38.799744,0.053089,0.602102,16,
1202,120.000000,46.919770,0.009226,0.652314,120,
1203,13.000000,43.527793,0.052083,0.580346,13,
1204,28.000000,41.975013,-0.061742,0.624287,28,
1205,146.000000,52.377512,-0.001754,0.646495,146,
1206,106.000000,57.739761,-0.025492,0.636673,106,
1207,27.000000,54.665785,-0.059670,0.616161,27,
1208,61.000000,55.299206,0.015878,0.649624,61,
1209,61.000000,55.869286,-0.018972,0.644330,61,
1210,98.000000,60.082357,-0.025209,0.620563,98,283.000000
1211,148.000000,68.874121,-0.020425,0.651831,148,
1212,23.000000,64.286709,0.078840,0.633634,23,
1213,87.000000,66.558038,-0.044855,0.651897,87,
1214,50.000000,64.902235,-0.029545,0.650562,50,
1215,14.000000,59.812011,0.078337,0.575240,14,
1216,114.000000,65.230810,-0.031484,0.652288,114,
1217,101.000000,68.807729,0.026315,0.671792,101,
1218,65.000000,68.426956,-0.003758,0.647031,65,
1219,13.000000,62.884260,0.203781,0.577292,13,
1220,17.000000,58.295834,0.077263,0.589246,17,500.000000
1221,113.000000,63.766251,-0.019629,0.657054,113,
1222,39.000000,61.289626,-0.099951,0.639328,39,
1223,38.000000,58.960663,-0.017188,0.618880,38,
1224,107.000000,63.764597,-0.024061,0.676373,107,
1225,69.000000,64.288137,-0.035566,0.671238,69,
1226,57.000000,63.559324,-0.005095,0.642875,57,
1227,16.000000,58.803391,-0.090571,0.591503,16,
1228,64.000000,59.323052,-0.053369,0.656551,64,
1229,24.000000,55.790747,-0.032542,0.631017,24,
1230,22.000000,52.411672,-0.094443,0.617220,22,500.000000
1231,123.000000,59.470505,-0.010001,0.652434,123,
1232,124.000000,65.923454,-0.021159,0.654835,124,
1233,13.000000,60.631109,-0.054776,0.603481,13,
1234,77.000000,62.267998,0.022037,0.639341,77,
1235,81.000000,64.141198,-0.028332,0.642225,81,
1236,83.000000,66.027078,-0.004762,0.648779,83,
1237,47.000000,64.124371,-0.019297,0.649940,47,
1238,27.000000,60.411934,0.044869,0.614783,27,
1239,60.000000,60.370740,-0.049220,0.644071,60,
1240,50.000000,59.333666,0.021852,0.654522,50,500.000000
1241,26.000000,56.000300,0.063308,0.612649,26,
1242,49.000000,55.300270,-0.009446,0.633758,49,
1243,14.000000,51.170243,0.122046,0.588328,14,
1244,55.000000,51.553218,-0.034122,0.652085,55,
1245,107.000000,57.097897,0.010931,0.644092,107,
1246,67.000000,58.088107,0.002360,0.648489,67,
1247,16.000000,53.879296,0.103944,0.610188,16,
1248,25.000000,50.991367,0.025776,0.626274,25,
1249,96.000000,55.492230,-0.021139,0.661738,96,
1250,15.000000,51.443007,0.126968,0.592170,15,307.000000
1251,134.000000,59.698706,-0.022504,0.651651,134,
1252,56.000000,59.328836,0.005363,0.643772,56,
1253,73.000000,60.695952,0.007701,0.623118,73,
1254,23.000000,56.926357,0.024550,0.591159,23,
1255,143.000000,65.533721,-0.023287,0.657776,143,
1256,29.000000,61.880349,0.064311,0.627601,29,
1257,58.000000,61.492314,0.021266,0.652758,58,
1258,13.000000,56.643083,-0.040400,0.576768,13,
1259,137.000000,64.678774,-0.040400,0.649022,137,
1260,53.000000,63.510897,0.042448,0.625937,53,204.000000
1261,53.000000,62.459807,-0.009235,0.638990,53,
1262,28.000000,59.013827,-0.013287,0.645018,28,
1263,11.000000,54.212444,0.091330,0.579647,11,
1264,25.000000,51.291200,0.081341,0.606772,25,
1265,37.000000,49.862080,-0.008043,0.636504,37,
1266,116.000000,56.475872,0.004393,0.654003,116,
1267,46.000000,55.428284,-0.054562,0.643613,46,
1268,56.000000,55.485456,-0.041968,0.618083,56,
1269,60.000000,55.936910,-0.000172,0.664531,60,
1270,42.000000,54.543219,0.009174,0.628741,42,170.000000
1271,18.000000,50.888897,0.071383,0.571108,18,
1272,18.000000,47.600008,-0.001383,0.632408,18,
1273,130.000000,55.840007,-0.040427,0.646852,130,
1274,99.000000,60.156006,-0.020873,0.622519,99,
1275,21.000000,56.240406,-0.089250,0.631854,21,
1276,16.000000,52.216365,-0.151225,0.628317,16,
1277,28.000000,49.794729,0.056761,0.639879,28,
1278,45.000000,49.315256,-0.001678,0.652348,45,
1279,11.000000,45.483730,0.194699,0.601490,11,
1280,70.000000,47.935357,-0.088865,0.614251,70,175.000000
1281,107.000000,53.841821,-0.015810,0.674824,107,
1282,28.000000,51.257639,-0.176467,0.651518,28,
1283,95.000000,55.631875,-0.022556,0.640195,95,
1284,94.000000,59.468688,0.002344,0.654231,94,
1285,24.000000,55.921819,-0.008946,0.565463,24,
1286,110.000000,61.329637,-0.007389,0.637841,110,
1287,218.000000,76.996673,-0.000677,0.660174,218,
1288,9.000000,70.197006,-0.026676,0.581819,9,
1289,75.000000,70.677305,-0.020222,0.642450,75,
1290,80.000000,71.609575,-0.034476,0.637878,80,188.000000
1291,88.000000,73.248617,-0.024763,0.651215,88,
1292,24.000000,68.323756,0.047368,0.638821,24,
1293,80.000000,69.491380,-0.030296,0.646519,80,
1294,77.000000,70.242242,-0.032122,0.651278,77,
1295,62.000000,69.418018,0.023542,0.640770,62,
1296,26.000000,65.076216,0.062614,0.635375,26,
1297,49.000000,63.468594,-0.001015,0.651022,49,
1298,69.000000,64.021735,0.016701,0.613148,69,
1299,15.000000,59.119562,0.061666,0.605706,15,
1300,39.000000,57.107605,0.008153,0.611152,39,188.000000
1301,30.000000,54.396845,0.033287,0.644180,30,
1302,36.000000,52.557160,-0.003755,0.647057,36,
1303,97.000000,57.001444,0.019480,0.663665,97,
1304,67.000000,58.001300,-0.042250,0.662331,67,
1305,11.000000,53.301170,-0.023697,0.579237,11,
1306,131.000000,61.071053,-0.004302,0.666823,131,
1307,105.000000,65.463948,-0.003045,0.632752,105,
1308,91.000000,68.017553,-0.034219,0.675475,91,
1309,39.000000,65.115798,-0.046726,0.658582,39,
1310,57.000000,64.304218,-0.001292,0.651732,57,259.000000
1311,53.000000,63.173796,-0.021383,0.620344,53,
1312,47.000000,61.556416,-0.076081,0.630245,47,
1313,94.000000,64.800775,0.002811,0.640831,94,
1314,22.000000,60.520697,-0.004353,0.620837,22,
1315,100.000000,64.468628,-0.006467,0.665126,100,
1316,19.000000,59.921765,0.011365,0.616931,19,
1317,16.000000,55.529588,-0.038390,0.603942,16,
1318,62.000000,56.176630,-0.006879,0.649979,62,
1319,42.000000,54.758967,-0.122485,0.608963,42,
1320,51.000000,54.383070,0.006527,0.637012,51,265.000000
1321,98.000000,58.744763,0.022393,0.655885,98,
1322,55.000000,58.370287,-0.012819,0.656358,55,
1323,32.000000,55.733258,0.004410,0.620813,32,
1324,29.000000,53.059932,0.031471,0.624990,29,
1325,111.000000,58.853939,-0.037941,0.652734,111,
1326,77.000000,60.668545,-0.061810,0.647737,77,
1327,32.000000,57.801691,0.049056,0.636150,32,
1328,11.000000,53.121521,0.122002,0.574232,11,
1329,16.000000,49.409369,0.028756,0.598500,16,
1330,20.000000,46.468432,-0.085821,0.626350,20,193.000000
1331,9.000000,42.721589,-0.070118,0.575943,9,
1332,101.000000,48.549430,0.000384,0.641913,101,
1333,32.000000,46.894487,-0.004327,0.634418,32,
1334,18.000000,44.005039,0.053486,0.617424,18,
1335,80.000000,47.604535,0.011582,0.653804,80,
1336,101.000000,52.944081,0.009320,0.652957,101,
1337,17.000000,49.349673,0.096560,0.614002,17,
1338,34.000000,47.814706,-0.005050,0.619499,34,
1339,76.000000,50.633235,0.029714,0.657654,76,
1340,57.000000,51.269912,-0.022798,0.645907,57,177.000000
1341,36.000000,49.742921,0.019286,0.593549,36,
1342,115.000000,56.268628,-0.021080,0.662907,115,
1343,91.000000,59.741766,-0.023247,0.667184,91,
1344,19.000000,55.667589,-0.026469,0.596597,19,
1345,58.000000,55.900830,0.004600,0.658213,58,
1346,39.000000,54.210747,0.049018,0.651103,39,
1347,100.000000,58.789672,-0.008518,0.662363,100,
1348,111.000000,64.010705,0.042205,0.663446,111,
1349,148.000000,72.409635,-0.011587,0.662732,148,
1350,82.000000,73.368671,-0.051710,0.642049,82,178.000000
1351,50.000000,71.031804,0.021694,0.633982,50,
1352,101.000000,74.028624,-0.009636,0.672067,101,
1353,125.000000,79.125761,-0.049929,0.645909,125,
1354,52.000000,76.413185,-0.009117,0.658556,52,
1355,36.000000,72.371867,-0.000926,0.629700,36,
1356,109.000000,76.034680,-0.001279,0.661407,109,
1357,42.000000,72.631212,-0.018520,0.630251,42,
1358,53.000000,70.668091,0.009059,0.616218,53,
1359,70.000000,70.601282,-0.021238,0.647935,70,
1360,20.000000,65.541154,-0.032973,0.602155,20,500.000000
1361,54.000000,64.387038,0.041448,0.631188,54,
1362,168.000000,74.748334,-0.015470,0.658950,168,
1363,60.000000,73.273501,-0.026957,0.645747,60,
1364,36.000000,69.546151,0.031787,0.630859,36,
1365,110.000000,73.591536,-0.022857,0.658544,110,
1366,27.000000,68.932382,0.024792,0.630340,27,
1367,22.000000,64.239144,0.030098,0.614133,22,
1368,157.000000,73.515230,-0.003814,0.661983,157,
1369,54.000000,71.563707,-0.008607,0.618379,54,
1370,47.000000,69.107336,-0.023629,0.652053,47,406.000000
1371,33.000000,65.496602,-0.032671,0.635304,33,
1372,37.000000,62.646942,0.033160,0.599287,37,
1373,93.000000,65.682248,-0.008440,0.654479,93,
1374,16.000000,60.714023,0.048759,0.581279,16,
1375,31.000000,57.742621,-0.044613,0.628684,31,
1376,147.000000,66.668359,-0.000455,0.656730,147,
1377,24.000000,62.401523,0.063754,0.607585,24,
1378,21.000000,58.261371,0.089851,0.596483,21,
1379,115.000000,63.935234,-0.012163,0.669134,115,
1380,27.000000,60.241710,0.071584,0.612932,27,258.000000
1381,34.000000,57.617539,0.025696,0.626927,34,
1382,82.000000,60.055785,-0.002927,0.653493,82,
1383,37.000000,57.750207,-0.074455,0.646667,37,
1384,35.000000,55.475186,0.019935,0.629160,35,
1385,14.000000,51.327667,-0.045791,0.597016,14,
1386,46.000000,50.794901,-0.044732,0.626199,46,
1387,37.000000,49.415411,-0.027596,0.645819,37,
1388,131.000000,57.573870,-0.000952,0.667804,131,
1389,121.000000,63.916483,0.006978,0.652059,121,
1390,100.000000,67.524834,0.003490,0.639156,100,272.000000
1391,60.000000,66.772351,-0.030143,0.610379,60,
1392,40.000000,64.095116,-0.000463,0.631301,40,
1393,17.000000,59.385604,0.079402,0.579973,17,
1394,22.000000,55.647044,0.071124,0.594765,22,
1395,28.000000,52.882339,0.047386,0.606687,28,
1396,73.000000,54.894105,-0.055388,0.635384,73,
1397,149.000000,64.304695,-0.014056,0.652804,149,
1398,51.000000,62.974225,-0.042609,0.636824,51,
1399,53.000000,61.976803,-0.035228,0.624368,53,
1400,277.000000,83.479123,-0.012690,0.658421,277,500.000000
1401,20.000000,77.131210,0.009744,0.623929,20,
1402,102.000000,79.618089,-0.007153,0.654383,102,
1403,140.000000,85.656280,-0.017283,0.672868,140,
1404,31.000000,80.190652,-0.021837,0.620433,31,
1405,164.000000,88.571587,-0.009472,0.669306,164,
1406,19.000000,81.614428,0.108653,0.611148,19,
1407,70.000000,80.452986,0.013879,0.643997,70,
1408,54.000000,77.807687,-0.001836,0.648575,54,
1409,284.000000,98.426918,-0.013617,0.660655,284,
1410,41.000000,92.684226,-0.039651,0.643705,41,234.000000
1411,19.000000,85.315804,0.008312,0.611137,19,
1412,112.000000,87.984223,-0.003476,0.639200,112,
1413,73.000000,86.485801,-0.025063,0.632297,73,
1414,23.000000,80.137221,-0.127270,0.623819,23,
1415,115.000000,83.623499,-0.028001,0.668504,115,
1416,130.000000,88.261149,0.002103,0.664768,130,
1417,79.000000,87.335034,-0.039746,0.658914,79,
1418,27.000000,81.301531,0.026073,0.628330,27,
1419,139.000000,87.071378,-0.010857,0.662684,139,
1420,44.000000,82.764240,-0.027764,0.624118,44,500.000000
1421,19.000000,76.387816,0.113632,0.606479,19,
1422,104.000000,79.149034,-0.006829,0.667852,104,
1423,49.000000,76.134131,-0.130374,0.630526,49,
1424,50.000000,73.520718,0.036748,0.611987,50,
1425,89.000000,75.068646,-0.015885,0.656312,89,
1426,42.000000,71.761781,0.054878,0.639393,42,
1427,131.000000,77.685603,-0.024642,0.645145,131,
1428,29.000000,72.817043,-0.075422,0.614029,29,
1429,69.000000,72.435339,0.002764,0.647085,69,
1430,31.000000,68.291805,0.072231,0.622325,31,282.000000
1431,23.000000,63.762624,0.050274,0.602830,23,
1432,123.000000,69.686362,-0.001734,0.641806,123,
1433,74.000000,70.117726,-0.047522,0.617229,74,
1434,97.000000,72.805953,0.003741,0.666360,97,
1435,146.000000,80.125358,-0.025010,0.649885,146,
1436,94.000000,81.512822,0.007509,0.629262,94,
1437,53.000000,78.661540,-0.059449,0.638260,53,
1438,44.000000,75.195386,-0.024376,0.637475,44,
1439,20.000000,69.675847,0.033779,0.581416,20,
1440,141.000000,76.808263,-0.005468,0.650082,141,210.000000
1441,100.000000,79.127436,-0.001007,0.662228,100,
1442,54.000000,76.614693,-0.025409,0.644304,54,
1443,93.000000,78.253223,-0.039462,0.634622,93,
1444,70.000000,77.427901,-0.078032,0.643382,70,
1445,96.000000,79.285111,-0.024441,0.661823,96,
1446,102.000000,81.556600,-0.011462,0.657942,102,
1447,61.000000,79.500940,-0.023603,0.644102,61,
1448,64.000000,77.950846,-0.058465,0.617667,64,
1449,64.000000,76.555761,-0.002549,0.633508,64,
1450,107.000000,79.600185,-0.021801,0.657722,107,327.000000
1451,80.000000,79.640167,-0.023137,0.623134,80,
1452,14.000000,73.076150,0.125587,0.585476,14,
1453,69.000000,72.668535,0.068057,0.617589,69,
1454,34.000000,68.801681,-0.025034,0.616163,34,
1455,60.000000,67.921513,0.001427,0.651162,60,
1456,78.000000,68.929362,0.010671,0.657055,78,
1457,126.000000,74.636426,-0.042522,0.664646,126,
1458,58.000000,72.972783,-0.113307,0.623143,58,
1459,121.000000,77.775505,-0.009246,0.651688,121,
1460,63.000000,76.297954,0.011949,0.638633,63,214.000000
1461,123.000000,80.968159,-0.004352,0.667855,123,
1462,15.000000,74.371343,0.198381,0.562631,15,
1463,23.000000,69.234209,-0.042652,0.619706,23,
1464,17.000000,64.010788,0.116849,0.579893,17,
1465,60.000000,63.609709,0.011809,0.641338,60,
1466,86.000000,65.848738,-0.070231,0.652257,86,
1467,17.000000,60.963864,0.028488,0.585887,17,
1468,82.000000,63.067478,0.008249,0.621703,82,
1469,43.000000,61.060730,0.035213,0.630546,43,
1470,9.000000,55.854657,0.311208,0.496625,9,202.000000
1471,47.000000,54.969191,-0.040177,0.654964,47,
1472,43.000000,53.772272,-0.051010,0.640401,43,
1473,24.000000,50.795045,0.066050,0.624215,24,
1474,61.000000,51.815541,0.035707,0.621393,61,
1475,19.000000,48.533986,0.109872,0.597019,19,
1476,64.000000,50.080588,-0.031808,0.629778,64,
1477,21.000000,47.172529,0.002639,0.616983,21,
1478,47.000000,47.155276,-0.020569,0.608590,47,
1479,110.000000,53.439749,0.007328,0.644868,110,
1480,40.000000,52.095774,-0.087063,0.623003,40,500.000000
1481,76.000000,54.486196,-0.049124,0.654467,76,
1482,15.000000,50.537577,-0.028919,0.559706,15,
1483,40.000000,49.483819,0.036078,0.609958,40,
1484,80.000000,52.535437,-0.026695,0.649657,80,
1485,16.000000,48.881893,0.076829,0.595787,16,
1486,72.000000,51.193704,-0.016913,0.652900,72,
1487,36.000000,49.674334,0.033947,0.630548,36,
1488,41.000000,48.806900,-0.061729,0.647067,41,
1489,14.000000,45.326210,0.115798,0.596506,14,
1490,50.000000,45.793589,-0.108406,0.637527,50,177.000000
1491,57.000000,46.914230,-0.047557,0.648269,57,
1492,43.000000,46.522807,-0.072163,0.641981,43,
1493,164.000000,58.270527,0.003527,0.642150,164,
1494,32.000000,55.643474,-0.053132,0.635416,32,
1495,74.000000,57.479127,-0.052657,0.639268,74,
1496,33.000000,55.031214,-0.230840,0.654397,33,
1497,48.000000,54.328092,0.014435,0.660948,48,
1498,11.000000,49.995283,0.282842,0.571657,11,
1499,90.000000,53.995755,-0.011966,0.639963,90,
1500,128.000000,61.396179,-0.002966,0.651583,128,151.000000
1501,23.000000,57.556561,0.020570,0.612551,23,
1502,77.000000,59.500905,-0.017412,0.602647,77,
1503,126.000000,66.150815,0.003962,0.645738,126,
1504,24.000000,61.935733,-0.135843,0.641259,24,
1505,18.000000,57.542160,-0.090025,0.626231,18,
1506,90.000000,60.787944,-0.022036,0.654223,90,
1507,247.000000,79.409150,-0.016216,0.642075,247,
1508,15.000000,72.968235,0.213525,0.542557,15,
1509,121.000000,77.771411,0.001183,0.647081,121,
1510,253.000000,95.294270,-0.016493,0.663342,253,180.000000
1511,21.000000,87.864843,0.054891,0.622237,21,
1512,27.000000,81.778359,-0.023529,0.635531,27,
1513,72.000000,80.800523,0.045084,0.655192,72,
1514,54.000000,78.120471,-0.057702,0.617733,54,
1515,17.000000,72.008424,0.170325,0.569806,17,
1516,106.000000,75.407581,-0.012979,0.643340,106,
1517,79.000000,75.766823,-0.002533,0.657996,79,
1518,28.000000,70.990141,0.056105,0.640434,28,
1519,50.000000,68.891127,-0.043101,0.604797,50,
1520,74.000000,69.402014,-0.013891,0.653806,74,262.000000
1521,29.000000,65.361813,-0.023705,0.635130,29,
1522,25.000000,61.325631,-0.080968,0.615496,25,
1523,18.000000,56.993068,0.085588,0.591029,18,
1524,64.000000,57.693761,-0.009481,0.648472,64,
1525,28.000000,54.724385,0.039965,0.624018,28,
1526,20.000000,51.251947,-0.121662,0.612242,20,
1527,31.000000,49.226752,-0.017184,0.630663,31,
1528,114.000000,55.704077,-0.019639,0.646468,114,
1529,90.000000,59.133669,0.001741,0.660422,90,
1530,27.000000,55.920302,0.014806,0.617606,27,500.000000
1531,14.000000,51.728272,-0.002818,0.577367,14,
1532,18.000000,48.355445,-0.043773,0.603596,18,
1533,72.000000,50.719900,-0.008074,0.645296,72,
1534,51.000000,50.747910,0.045110,0.637576,51,
1535,122.000000,57.873119,-0.071835,0.642409,122,
1536,161.000000,68.185807,0.001774,0.664306,161,
1537,161.000000,77.467227,-0.015735,0.648555,161,
1538,18.000000,71.520504,-0.060168,0.603228,18,
1539,125.000000,76.868454,0.027554,0.650998,125,
1540,60.000000,75.181608,-0.000243,0.646867,60,500.000000
1541,126.000000,80.263447,0.005140,0.630583,126,
1542,50.000000,77.237103,-0.049342,0.647179,50,
1543,50.000000,74.513392,0.026743,0.639068,50,
1544,52.000000,72.262053,-0.019523,0.628863,52,
1545,14.000000,66.435848,0.126845,0.575134,14,
1546,25.000000,62.292263,0.015603,0.611232,25,
1547,29.000000,58.963037,0.013798,0.607379,29,
1548,68.000000,59.866733,0.002904,0.656190,68,
1549,54.000000,59.280060,-0.029471,0.631301,54,
1550,139.000000,67.252054,-0.009307,0.630604,139,500.000000
1551,110.000000,71.526848,-0.004847,0.670490,110,
1552,101.000000,74.474164,-0.059970,0.653944,101,
1553,42.000000,71.226747,0.005329,0.637170,42,
1554,146.000000,78.704072,-0.008904,0.644971,146,
1555,117.000000,82.533665,-0.006731,0.654775,117,
1556,54.000000,79.680299,-0.020191,0.634539,54,
1557,152.000000,86.912269,-0.038217,0.657100,152,
1558,155.000000,93.721042,0.001768,0.644507,155,
1559,37.000000,88.048938,0.040077,0.635377,37,
1560,32.000000,82.444044,-0.011031,0.631438,32,500.000000
1561,195.000000,93.699640,-0.035741,0.649275,195,
1562,58.000000,90.129676,-0.062772,0.636862,58,
1563,17.000000,82.816708,0.003581,0.591311,17,
1564,124.000000,86.935037,-0.003304,0.628479,124,
1565,68.000000,85.041534,0.003388,0.646016,68,
1566,26.000000,79.137380,-0.002750,0.616970,26,
1567,27.000000,73.923642,0.011394,0.614411,27,
1568,12.000000,67.731278,-0.036761,0.575931,12,
1569,126.000000,73.558150,-0.014177,0.646225,126,
1570,46.000000,70.802335,-0.047657,0.640134,46,254.000000
1571,40.000000,67.722102,-0.045514,0.632162,40,
1572,94.000000,70.349891,-0.023780,0.647440,94,
1573,27.000000,66.014902,-0.182152,0.630895,27,
1574,27.000000,62.113412,-0.072674,0.639711,27,
1575,129.000000,68.802071,-0.004738,0.670145,129,
1576,15.000000,63.421864,0.130254,0.550919,15,
1577,17.000000,58.779677,0.107167,0.588616,17,
1578,112.000000,64.101710,0.014909,0.636362,112,
1579,57.000000,63.391539,-0.018500,0.645515,57,
1580,53.000000,62.352385,-0.000881,0.648203,53,267.000000
1581,48.000000,60.917146,0.033363,0.639877,48,
1582,77.000000,62.525432,-0.073563,0.647404,77,
1583,28.000000,59.072889,0.105973,0.613531,28,
1584,50.000000,58.165600,0.007005,0.638857,50,
1585,117.000000,64.049040,-0.033011,0.631713,117,
1586,33.000000,60.944136,-0.022681,0.612457,33,
1587,71.000000,61.949722,-0.021836,0.609376,71,
1588,24.000000,58.154750,-0.018117,0.620970,24,
1589,144.000000,66.739275,-0.021329,0.635327,144,
1590,48.000000,64.865347,0.004876,0.644914,48,406.000000
1591,87.000000,67.078813,-0.080862,0.657358,87,
1592,36.000000,63.970931,-0.038421,0.617168,36,
1593,80.000000,65.573838,-0.005568,0.612011,80,
1594,27.000000,61.716454,0.098044,0.623863,27,
1595,34.000000,58.944809,0.008182,0.622388,34,
1596,41.000000,57.150328,-0.027984,0.624322,41,
1597,132.000000,64.635295,-0.034060,0.666323,132,
1598,83.000000,66.471766,0.012996,0.621933,83,
1599,25.000000,62.324589,0.008392,0.622777,25,
1600,135.000000,69.592130,-0.006610,0.656563,135,321.000000
1601,33.000000,65.932917,-0.021269,0.603350,33,
1602,39.000000,63.239626,-0.088097,0.616673,39,
1603,18.000000,58.715663,-0.028787,0.592289,18,
1604,55.000000,58.344097,-0.006956,0.641364,55,
1605,44.000000,56.909687,-0.057829,0.587224,44,
1606,16.000000,52.818718,0.051413,0.591528,16,
1607,40.000000,51.536846,0.024170,0.628040,40,
1608,82.000000,54.583162,-0.018067,0.656877,82,
1609,96.000000,58.724846,-0.014475,0.652148,96,
1610,31.000000,55.952361,-0.063994,0.602801,31,500.000000
1611,19.000000,52.257125,-0.224943,0.581014,19,
1612,61.000000,53.131412,-0.003161,0.650160,61,
1613,30.000000,50.818271,-0.016833,0.636369,30,
1614,77.000000,53.436444,-0.032320,0.634354,77,
1615,15.000000,49.592800,0.196928,0.563616,15,
1616,37.000000,48.333520,-0.008315,0.612525,37,
1617,180.000000,61.500168,-0.015684,0.648178,180,
1618,97.000000,65.050151,-0.035047,0.640318,97,
1619,109.000000,69.445136,-0.006269,0.657457,109,
1620,46.000000,67.100622,0.005870,0.644170,46,258.000000
1621,32.000000,63.590560,-0.142817,0.641007,32,
1622,71.000000,64.331504,-0.043473,0.645576,71,
1623,43.000000,62.198354,-0.084439,0.651694,43,
1624,46.000000,60.578518,-0.033308,0.617411,46,
1625,15.000000,56.020666,0.196070,0.564123,15,
1626,22.000000,52.618600,0.015261,0.592095,22,
1627,70.000000,54.356740,0.004491,0.641718,70,
1628,26.000000,51.521066,-0.212751,0.614969,26,
1629,66.000000,52.968959,-0.017549,0.654779,66,
1630,104.000000,58.072063,-0.044401,0.622873,104,260.000000
1631,97.000000,61.964857,-0.074311,0.648117,97,
1632,107.000000,66.468371,-0.006286,0.638874,107,
1633,24.000000,62.221534,0.002498,0.632730,24,
1634,30.000000,58.999381,-0.114046,0.625941,30,
1635,32.000000,56.299443,-0.048595,0.616735,32,
1636,47.000000,55.369498,-0.039698,0.626733,47,
1637,89.000000,58.732549,0.003690,0.652922,89,
1638,52.000000,58.059294,-0.072197,0.654143,52,
1639,82.000000,60.453364,-0.013474,0.653789,82,
1640,29.000000,57.308028,-0.037486,0.634594,29,223.000000
1641,97.000000,61.277225,0.006144,0.658469,97,
1642,17.000000,56.849503,0.125753,0.599001,17,
1643,92.000000,60.364552,0.011447,0.657263,92,
1644,19.000000,56.228097,0.007050,0.620386,19,
1645,58.000000,56.405287,0.007477,0.651856,58,
1646,83.000000,59.064759,-0.014639,0.657018,83,
1647,37.000000,56.858283,-0.048862,0.631416,37,
1648,30.000000,54.172455,-0.010072,0.629731,30,
1649,40.000000,52.755209,-0.170589,0.621294,40,
1650,76.000000,55.079688,-0.047085,0.645646,76,248.000000
1651,14.000000,50.971719,0.172223,0.592162,14,
1652,122.000000,58.074547,0.004226,0.626734,122,
1653,97.000000,61.967093,0.033876,0.650627,97,
1654,83.000000,64.070383,0.029277,0.643451,83,
1655,92.000000,66.863345,-0.039243,0.654277,92,
1656,141.000000,74.277011,-0.040654,0.661012,141,
1657,103.000000,77.149309,-0.066567,0.664679,103,
1658,90.000000,78.434379,0.012436,0.664054,90,
1659,138.000000,84.390941,-0.010088,0.621871,138,
1660,34.000000,79.351847,-0.027888,0.619659,34,177.000000
1661,21.000000,73.516662,-0.170025,0.609149,21,
1662,18.000000,67.964996,0.066996,0.569118,18,
1663,138.000000,74.968496,-0.007799,0.639010,138,
1664,136.000000,81.071647,-0.007526,0.662444,136,
1665,118.000000,84.764482,-0.012497,0.627097,118,
1666,86.000000,84.888034,0.016444,0.657236,86,
1667,27.000000,79.099230,-0.000088,0.601827,27,
1668,23.000000,73.489307,-0.092138,0.620256,23,
1669,34.000000,69.540377,0.097478,0.604755,34,
1670,53.000000,67.886339,0.001353,0.647164,53,182.000000
1671,53.000000,66.397705,-0.040049,0.612609,53,
1672,37.000000,63.457935,0.016533,0.633102,37,
1673,15.000000,58.612141,0.022172,0.581948,15,
1674,37.000000,56.450927,-0.085626,0.579361,37,
1675,15.000000,52.305834,-0.144779,0.546269,15,
1676,85.000000,55.575251,-0.052848,0.633278,85,
1677,37.000000,53.717726,0.049603,0.634631,37,
1678,31.000000,51.445953,-0.037707,0.628089,31,
1679,94.000000,55.701358,-0.034645,0.638725,94,
1680,31.000000,53.231222,-0.024947,0.621208,31,409.000000
1681,98.000000,57.708100,-0.044186,0.648672,98,
1682,214.000000,73.337290,-0.012951,0.646890,214,
1683,77.000000,73.703561,-0.004393,0.648689,77,
1684,96.000000,75.933205,0.005472,0.623560,96,
1685,31.000000,71.439884,-0.024149,0.582925,31,
1686,30.000000,67.295896,0.062889,0.621271,30,
1687,49.000000,65.466306,-0.052614,0.625414,49,
1688,56.000000,64.519676,-0.103384,0.637333,56,
1689,82.000000,66.267708,0.009983,0.630798,82,
1690,47.000000,64.340937,0.024515,0.631036,47,500.000000
1691,29.000000,60.806844,-0.001318,0.600659,29,
1692,42.000000,58.926159,-0.007744,0.618787,42,
1693,50.000000,58.033543,-0.004275,0.654145,50,
1694,17.000000,53.930189,-0.097916,0.588123,17,
1695,82.000000,56.737170,-0.004846,0.650658,82,
1696,27.000000,53.763453,-0.067008,0.638057,27,
1697,191.000000,67.487108,-0.014507,0.659545,191,
1698,90.000000,69.738397,-0.017236,0.651117,90,
1699,286.000000,91.364557,-0.003788,0.642344,286,
1700,21.000000,84.328102,0.031550,0.585792,21,500.000000
1701,38.000000,79.695291,-0.026797,0.636411,38,
1702,102.000000,81.925762,-0.010978,0.666377,102,
1703,47.000000,78.433186,-0.041777,0.641520,47,
1704,22.000000,72.789867,0.032064,0.587261,22,
1705,77.000000,73.210881,-0.008456,0.655373,77,
1706,133.000000,79.189793,0.004012,0.661872,133,
1707,125.000000,83.770813,0.001157,0.646921,125,
1708,34.000000,78.793732,-0.101047,0.605333,34,
1709,164.000000,87.314359,-0.011487,0.652222,164,
1710,33.000000,81.882923,0.021694,0.593388,33,500.000000
1711,17.000000,75.394631,-0.107823,0.565174,17,
1712,22.000000,70.055168,0.039903,0.585562,22,
1713,79.000000,70.949651,0.018121,0.629557,79,
1714,86.000000,72.454686,-0.032321,0.634517,86,
1715,39.000000,69.109217,-0.115121,0.636896,39,
1716,182.000000,80.398295,-0.009283,0.656349,182,
1717,23.000000,74.658466,-0.036437,0.615178,23,
1718,13.000000,68.492619,0.149617,0.575723,13,
1719,53.000000,66.943357,-0.003863,0.626680,53,
1720,129.000000,73.149022,0.025068,0.639619,129,309.000000
1721,166.000000,82.434119,-0.031821,0.633239,166,
1722,83.000000,82.490708,-0.015246,0.636411,83,
1723,35.000000,77.741637,-0.004097,0.631134,35,
1724,140.000000,83.967473,0.016241,0.654238,140,
1725,28.000000,78.370726,0.083611,0.616848,28,
1726,73.000000,77.833653,-0.034614,0.627319,73,
1727,81.000000,78.150288,0.031706,0.644562,81,
1728,127.000000,83.035259,-0.010203,0.659355,127,
1729,14.000000,76.131733,0.046810,0.589442,14,
1730,116.000000,80.118560,0.000488,0.667965,116,181.000000
1731,66.000000,78.706704,-0.019185,0.664688,66,
1732,29.000000,73.736033,-0.047833,0.591736,29,
1733,94.000000,75.762430,0.000383,0.613427,94,
1734,39.000000,72.086187,0.017439,0.614153,39,
1735,44.000000,69.277568,-0.058176,0.650958,44,
1736,14.000000,63.749812,-0.048769,0.610122,14,
1737,12.000000,58.574830,-0.166976,0.591461,12,
1738,41.000000,56.817347,-0.073804,0.648600,41,
1739,76.000000,58.735613,-0.003833,0.671795,76,
1740,57.000000,58.562051,-0.023517,0.624513,57,164.000000
1741,13.000000,54.005846,-0.028408,0.579895,13,
1742,42.000000,52.805262,-0.036527,0.598599,42,
1743,66.000000,54.124735,-0.041033,0.636044,66,
1744,15.000000,50.212262,-0.022806,0.607433,15,
1745,92.000000,54.391036,-0.132808,0.629163,92,
1746,83.000000,57.251932,-0.033258,0.624519,83,
1747,33.000000,54.826739,0.006631,0.631416,33,
1748,41.000000,53.444065,-0.064343,0.629543,41,
1749,15.000000,49.599659,0.073796,0.593468,15,
1750,43.000000,48.939693,-0.029359,0.656167,43,157.000000
1751,25.000000,46.545723,-0.006454,0.622772,25,
1752,39.000000,45.791151,0.059985,0.642390,39,
1753,121.000000,53.312036,-0.001746,0.654236,121,
1754,61.000000,54.080832,-0.031199,0.663438,61,
1755,25.000000,51.172749,-0.107190,0.627641,25,
1756,22.000000,48.255474,0.049292,0.602198,22,
1757,44.000000,47.829927,-0.049301,0.632131,44,
1758,128.000000,55.846934,0.000284,0.657049,128,
1759,19.000000,52.162241,0.011357,0.604727,19,
1760,70.000000,53.946017,0.005817,0.661223,70,214.000000
1761,27.000000,51.251415,-0.050167,0.629223,27,
1762,63.000000,52.426273,-0.037384,0.630769,63,
1763,83.000000,55.483646,-0.043944,0.663504,83,
1764,81.000000,58.035282,-0.057144,0.650712,81,
1765,45.000000,56.731753,-0.065892,0.637053,45,
1766,104.000000,61.458578,0.014939,0.621014,104,
1767,87.000000,64.012720,-0.041651,0.638019,87,
1768,26.000000,60.211448,-0.176505,0.608943,26,
1769,109.000000,65.090303,-0.030821,0.622353,109,
1770,43.000000,62.881273,-0.038216,0.632376,43,500.000000
1771,34.000000,59.993146,0.050808,0.628428,34,
1772,71.000000,61.093831,-0.001231,0.619653,71,
1773,34.000000,58.384448,-0.013875,0.635569,34,
1774,11.000000,53.646003,0.334425,0.540769,11,
1775,66.000000,54.881403,-0.009242,0.646029,66,
1776,18.000000,51.193263,0.027220,0.563685,18,
1777,19.000000,47.973936,-0.096534,0.596502,19,
1778,165.000000,59.676543,-0.008333,0.655781,165,
1779,67.000000,60.408888,-0.078625,0.633343,67,
1780,58.000000,60.168000,-0.021275,0.658515,58,175.000000
1781,80.000000,62.151200,0.003024,0.647000,80,
1782,101.000000,66.036080,-0.014115,0.641179,101,
1783,49.000000,64.332472,-0.083127,0.631759,49,
1784,51.000000,62.999225,-0.072387,0.650325,51,
1785,9.000000,57.599302,0.005063,0.537990,9,
1786,16.000000,53.439372,0.040301,0.606579,16,
1787,83.000000,56.395435,0.018422,0.641616,83,
1788,10.000000,51.755891,0.144213,0.569379,10,
1789,121.000000,58.680302,-0.004896,0.664585,121,
1790,106.000000,63.412272,-0.019244,0.639690,106,149.000000
1791,12.000000,58.271045,0.109370,0.583704,12,
1792,99.000000,62.343940,-0.015877,0.637315,99,
1793,28.000000,58.909546,-0.034793,0.639156,28,
1794,81.000000,61.118592,0.023097,0.628604,81,
1795,113.000000,66.306732,-0.018307,0.663826,113,
1796,27.000000,62.376059,-0.127833,0.620131,27,
1797,19.000000,58.038453,0.002623,0.627589,19,
1798,48.000000,57.034608,-0.030495,0.607717,48,
1799,192.000000,70.531147,-0.005085,0.647118,192,
1800,117.000000,75.178032,-0.001924,0.683230,117,145.000000
1801,23.000000,69.960229,-0.108580,0.617132,23,
1802,24.000000,65.364206,0.001991,0.633239,24,
1803,113.000000,70.127786,0.006343,0.632243,113,
1804,43.000000,67.415007,0.000583,0.626866,43,
1805,26.000000,63.273506,-0.086667,0.619387,26,
1806,74.000000,64.346156,-0.050120,0.637203,74,
1807,34.000000,61.311540,0.011671,0.613860,34,
1808,89.000000,64.080386,0.001514,0.657292,89,
1809,47.000000,62.372348,0.044700,0.631866,47,
1810,36.000000,59.735113,-0.026168,0.644147,36,151.000000
1811,21.000000,55.861601,0.009154,0.615781,21,
1812,79.000000,58.175441,-0.006520,0.655135,79,
1813,42.000000,56.557897,0.027022,0.642188,42,
1814,57.000000,56.602107,-0.066831,0.645864,57,
1815,72.000000,58.141897,-0.034036,0.651104,72,
1816,42.000000,56.527707,0.063442,0.627838,42,
1817,77.000000,58.574936,-0.016607,0.646990,77,
1818,115.000000,64.217443,-0.022667,0.668540,115,
1819,121.000000,69.895698,0.007342,0.651599,121,
1820,10.000000,63.906129,-0.157221,0.550406,10,203.000000
1821,97.000000,67.215516,-0.015911,0.653239,97,
1822,35.000000,63.993964,-0.020125,0.628553,35,
1823,37.000000,61.294568,-0.117513,0.615169,37,
1824,82.000000,63.365111,-0.035955,0.630091,82,
1825,97.000000,66.728600,-0.015558,0.671734,97,
1826,91.000000,69.155740,-0.003707,0.635465,91,
1827,36.000000,65.840166,-0.047942,0.646610,36,
1828,12.000000,60.456149,-0.160071,0.579050,12,
1829,26.000000,57.010534,0.040054,0.619350,26,
1830,157.000000,67.009481,0.000677,0.664757,157,259.000000
1831,16.000000,61.908533,0.062490,0.596540,16,
1832,73.000000,63.017680,-0.045883,0.638059,73,
1833,300.000000,86.715912,-0.009684,0.646771,300,
1834,54.000000,83.444320,-0.037148,0.631829,54,
1835,74.000000,82.499888,-0.072141,0.627904,74,
1836,23.000000,76.549900,-0.037154,0.610122,23,
1837,35.000000,72.394910,-0.024905,0.630584,35,
1838,17.000000,66.855419,0.110252,0.573081,17,
1839,16.000000,61.769877,0.123877,0.589373,16,
1840,41.000000,59.692889,0.021907,0.640891,41,267.000000
1841,188.000000,72.523600,-0.006535,0.660693,188,
1842,49.000000,70.171240,-0.000322,0.636209,49,
1843,101.000000,73.254116,-0.007109,0.666658,101,
1844,68.000000,72.728705,-0.002093,0.650957,68,
1845,40.000000,69.455834,-0.034293,0.618520,40,
1846,35.000000,66.010251,-0.097333,0.645613,35,
1847,52.000000,64.609226,0.007925,0.636794,52,
1848,65.000000,64.648303,-0.025058,0.655565,65,
1849,109.000000,69.083473,0.025555,0.623327,109,
1850,128.000000,74.975125,-0.003527,0.678182,128,166.000000
1851,75.000000,74.977613,-0.058697,0.632372,75,
1852,133.000000,80.779852,0.009247,0.679758,133,
1853,14.000000,74.101866,-0.103028,0.579814,14,
1854,11.000000,67.791680,0.049062,0.558659,11,
1855,51.000000,66.112512,-0.020716,0.631781,51,
1856,74.000000,66.901261,0.032481,0.623625,74,
1857,71.000000,67.311135,-0.008547,0.657707,71,
1858,24.000000,62.980021,-0.045001,0.616165,24,
1859,140.000000,70.682019,-0.045414,0.611410,140,
1860,46.000000,68.213817,0.000250,0.622821,46,158.000000
1861,42.000000,65.592435,-0.017902,0.640759,42,
1862,64.000000,65.433192,-0.035984,0.627545,64,
1863,46.000000,63.489873,-0.024341,0.655980,46,
1864,51.000000,62.240885,-0.026103,0.645084,51,
1865,189.000000,74.916797,-0.009404,0.650918,189,
1866,45.000000,71.925117,0.031472,0.641961,45,
1867,183.000000,83.032605,-0.008678,0.652688,183,
1868,50.000000,79.729345,-0.010869,0.644440,50,
1869,39.000000,75.656410,-0.050958,0.641707,39,
1870,39.000000,71.990769,-0.034322,0.606786,39,243.000000
1871,34.000000,68.191692,0.003069,0.629831,34,
1872,29.000000,64.272523,-0.038199,0.616614,29,
1873,84.000000,66.245271,0.011791,0.630233,84,
1874,48.000000,64.420744,-0.031212,0.642294,48,
1875,37.000000,61.678669,-0.061190,0.623574,37,
1876,26.000000,58.110802,-0.029816,0.586365,26,
1877,46.000000,56.899722,-0.035292,0.640986,46,
1878,82.000000,59.409750,-0.015999,0.662060,82,
1879,17.000000,55.168775,0.021164,0.590284,17,
1880,74.000000,57.051898,-0.020329,0.621906,74,250.000000
1881,85.000000,59.846708,-0.045936,0.637818,85,
1882,23.000000,56.162037,-0.102708,0.609429,23,
1883,43.000000,54.845833,-0.096117,0.606539,43,
1884,18.000000,51.161250,-0.088920,0.601987,18,
1885,20.000000,48.045125,0.056829,0.615059,20,
1886,36.000000,46.840612,0.037814,0.643507,36,
1887,171.000000,59.256551,0.003557,0.659366,171,
1888,98.000000,63.130896,-0.007048,0.637268,98,
1889,86.000000,65.417806,-0.031213,0.644525,86,
1890,109.000000,69.776026,-0.042743,0.635810,109,500.000000
1891,64.000000,69.198423,-0.038039,0.640792,64,
1892,19.000000,64.178581,0.021096,0.577064,19,
1893,56.000000,63.360723,-0.004498,0.643814,56,
1894,33.000000,60.324651,-0.073538,0.628918,33,
1895,52.000000,59.492185,0.055791,0.622777,52,
1896,18.000000,55.342967,-0.160728,0.569502,18,
1897,33.000000,53.108670,0.052708,0.615425,33,
1898,145.000000,62.297803,0.008357,0.642622,145,
1899,105.000000,66.568023,-0.023865,0.666000,105,
1900,134.000000,73.311221,-0.025011,0.653938,134,409.000000
1901,55.000000,71.480099,-0.047141,0.645460,55,
1902,90.000000,73.332089,-0.010722,0.667066,90,
1903,20.000000,67.998880,0.120993,0.586636,20,
1904,61.000000,67.298992,-0.016346,0.620557,61,
1905,47.000000,65.269093,-0.020175,0.644731,47,
1906,22.000000,60.942183,0.100295,0.604814,22,
1907,68.000000,61.647965,-0.016632,0.648085,68,
1908,82.000000,63.683169,-0.007409,0.652109,82,
1909,107.000000,68.014852,0.003613,0.631696,107,
1910,38.000000,65.013367,-0.015864,0.629484,38,500.000000
1911,80.000000,66.512030,-0.043469,0.654658,80,
1912,21.000000,61.960827,-0.030016,0.612575,21,
1913,31.000000,58.864744,-0.004561,0.602560,31,
1914,31.000000,56.078270,0.033011,0.618397,31,
1915,13.000000,51.770443,0.239150,0.548079,13,
1916,65.000000,53.093399,-0.033822,0.629078,65,
1917,61.000000,53.884059,-0.086700,0.616177,61,
1918,81.000000,56.595653,-0.015791,0.630928,81,
1919,36.000000,54.536088,-0.060413,0.619900,36,
1920,21.000000,51.182479,-0.107820,0.621125,21,253.000000
1921,107.000000,56.764231,-0.034679,0.631333,107,
1922,41.000000,55.187808,0.003474,0.634551,41,
1923,301.000000,79.769027,0.004940,0.649001,301,
1924,56.000000,77.392124,0.012492,0.624368,56,
1925,110.000000,80.652912,-0.015110,0.649540,110,
1926,52.000000,77.787621,0.019700,0.621183,52,
1927,20.000000,72.008859,-0.034999,0.603085,20,
1928,32.000000,68.007973,-0.082942,0.637912,32,
1929,66.000000,67.807175,-0.013667,0.626909,66,
1930,27.000000,63.726458,-0.010443,0.630447,27,241.000000
1931,32.000000,60.553812,-0.121410,0.631125,32,
1932,107.000000,65.198431,-0.024501,0.631974,107,
1933,41.000000,62.778588,0.024111,0.634385,41,
1934,87.000000,65.200729,-0.012229,0.628090,87,
1935,28.000000,61.480656,0.012979,0.611141,28,
1936,26.000000,57.932591,-0.036875,0.618228,26,
1937,87.000000,60.839331,-0.096554,0.636476,87,
1938,17.000000,56.455398,-0.096145,0.563656,17,
1939,107.000000,61.509858,-0.014127,0.668503,107,
1940,31.000000,58.458873,-0.009877,0.618432,31,247.000000
1941,14.000000,54.012985,-0.262300,0.568395,14,
1942,102.000000,58.811687,0.006155,0.645101,102,
1943,33.000000,56.230518,-0.029175,0.610801,33,
1944,60.000000,56.607466,-0.058221,0.648029,60,
1945,62.000000,57.146720,-0.007193,0.625520,62,
1946,81.000000,59.532048,-0.041291,0.640958,81,
1947,50.000000,58.578843,-0.058028,0.600618,50,
1948,112.000000,63.920959,-0.006450,0.641054,112,
1949,110.000000,68.528863,-0.018849,0.634215,110,
1950,25.000000,64.175977,0.052042,0.574875,25,169.000000
1951,29.000000,60.658379,-0.095702,0.619352,29,
1952,14.000000,55.992541,-0.038206,0.590238,14,
1953,154.000000,65.793287,0.001223,0.640422,154,
1954,17.000000,60.913958,0.025621,0.597524,17,
1955,58.000000,60.622562,-0.001079,0.659695,58,
1956,59.000000,60.460306,-0.019201,0.649900,59,
1957,69.000000,61.314276,0.022703,0.622238,69,
1958,30.000000,58.182848,0.074726,0.610287,30,
1959,56.000000,57.964563,-0.050467,0.641526,56,
1960,59.000000,58.068107,-0.124514,0.637981,59,237.000000
1961,23.000000,54.561296,0.004647,0.595087,23,
1962,68.000000,55.905167,0.021676,0.633814,68,
1963,92.000000,59.514650,-0.007297,0.667405,92,
1964,86.000000,62.163185,-0.048575,0.639789,86,
1965,77.000000,63.646866,-0.006991,0.651090,77,
1966,73.000000,64.582180,-0.019823,0.615271,73,
1967,24.000000,60.523962,-0.006026,0.606163,24,
1968,35.000000,57.971566,0.017578,0.609706,35,
1969,16.000000,53.774409,0.152013,0.582653,16,
1970,16.000000,49.996968,0.063505,0.577383,16,500.000000
1971,195.000000,64.497271,0.003175,0.665299,195,
1972,55.000000,63.547544,0.069131,0.609786,55,
1973,22.000000,59.392790,-0.074372,0.613731,22,
1974,31.000000,56.553511,-0.007532,0.616237,31,
1975,32.000000,54.098160,0.024544,0.617139,32,
1976,78.000000,56.488344,-0.035306,0.667997,78,
1977,71.000000,57.939509,-0.056303,0.646301,71,
1978,37.000000,55.845558,-0.035476,0.649600,37,
1979,60.000000,56.261003,-0.073170,0.642724,60,
1980,91.000000,59.734902,-0.026076,0.620547,91,500.000000
1981,66.000000,60.361412,-0.011075,0.647091,66,
1982,96.000000,63.925271,-0.012022,0.635480,96,
1983,86.000000,66.132744,0.011206,0.654770,86,
1984,38.000000,63.319469,0.016984,0.631780,38,
1985,49.000000,61.887522,-0.095149,0.641270,49,
1986,30.000000,58.698770,-0.013354,0.624480,30,
1987,50.000000,57.828893,0.023627,0.632125,50,
1988,158.000000,67.846004,-0.009989,0.670129,158,
1989,171.000000,78.161403,-0.044429,0.656803,171,
1990,77.000000,78.045263,-0.007119,0.620512,77,500.000000
1991,123.000000,82.540737,-0.029158,0.647586,123,
1992,80.000000,82.286663,0.012890,0.648018,80,
1993,34.000000,77.457997,-0.011354,0.619665,34,
1994,59.000000,75.612197,-0.001791,0.619014,59,
1995,104.000000,78.450977,-0.033269,0.632703,104,
1996,46.000000,75.205880,-0.077191,0.611644,46,
1997,80.000000,75.685292,-0.019394,0.664518,80,
1998,180.000000,86.116763,-0.021558,0.645171,180,
1999,78.000000,85.305086,-0.024591,0.654019,78,
2000,79.000000,84.674578,-0.040561,0.636384,79,339.000000
2001,58.000000,82.007120,-0.019987,0.613300,58,
2002,68.000000,80.606408,-0.027383,0.605370,68,
2003,101.000000,82.645767,0.005768,0.658950,101,
2004,72.000000,81.581190,-0.010962,0.638823,72,
2005,20.000000,75.423071,-0.126295,0.609714,20,
2006,33.000000,71.180764,0.033192,0.603144,33,
2007,31.000000,67.162688,0.014045,0.614636,31,
2008,30.000000,63.446419,-0.131873,0.636029,30,
2009,171.000000,74.201777,0.035463,0.627875,171,
2010,67.000000,73.481599,-0.010987,0.640504,67,254.000000
2011,103.000000,76.433439,-0.020598,0.647667,103,
2012,97.000000,78.490096,-0.021646,0.633742,97,
2013,158.000000,86.441086,0.011401,0.650994,158,
2014,32.000000,80.996977,-0.106575,0.620779,32,
2015,31.000000,75.997280,0.079851,0.608128,31,
2016,40.000000,72.397552,-0.104630,0.626756,40,
2017,31.000000,68.257797,0.004391,0.607963,31,
2018,118.000000,73.232017,-0.014693,0.620711,118,
2019,75.000000,73.408815,0.016670,0.650141,75,
2020,23.000000,68.367934,-0.097206,0.623785,23,198.000000
2021,151.000000,76.631140,-0.035830,0.634266,151,
2022,43.000000,73.268026,-0.088917,0.642330,43,
2023,11.000000,67.041224,0.235502,0.550387,11,
2024,17.000000,62.037101,0.110908,0.598504,17,
2025,131.000000,68.933391,-0.042509,0.622249,131,
2026,196.000000,81.640052,-0.003506,0.678347,196,
2027,145.000000,87.976047,-0.020871,0.626887,145,
2028,51.000000,84.278442,0.027113,0.640551,51,
2029,15.000000,77.350598,0.072302,0.554702,15,
2030,60.000000,75.615538,-0.013050,0.643566,60,205.000000
2031,81.000000,76.153984,-0.016428,0.631041,81,
2032,94.000000,77.938586,-0.034086,0.650067,94,
2033,52.000000,75.344727,-0.090186,0.616248,52,
2034,124.000000,80.210255,0.001459,0.676603,124,
2035,103.000000,82.489229,0.007705,0.666591,103,
2036,89.000000,83.140306,-0.038811,0.638245,89,
2037,51.000000,79.926276,-0.015572,0.639794,51,
2038,86.000000,80.533648,-0.047885,0.645937,86,
2039,75.000000,79.980283,-0.038733,0.641861,75,
2040,39.000000,75.882255,0.010368,0.649265,39,214.000000
2041,23.000000,70.594029,0.101123,0.605433,23,
2042,196.000000,83.134626,-0.009868,0.646197,196,
2043,103.000000,85.121164,-0.006332,0.666703,103,
2044,67.000000,83.309047,-0.020752,0.660714,67,
2045,114.000000,86.378143,0.001136,0.662609,114,
2046,57.000000,83.440328,0.017678,0.656509,57,
2047,157.000000,90.796296,-0.019668,0.647038,157,
2048,34.000000,85.116666,-0.085354,0.632750,34,
2049,34.000000,80.004999,-0.013269,0.594660,34,
2050,98.000000,81.804499,-0.009421,0.662125,98,264.000000
2051,40.000000,77.624050,0.009725,0.634745,40,
2052,55.000000,75.361645,-0.008117,0.646057,55,
2053,38.000000,71.625480,0.027475,0.644325,38,
2054,50.000000,69.462932,0.036835,0.610619,50,
2055,57.000000,68.216639,-0.082231,0.621416,57,
2056,113.000000,72.694975,-0.025912,0.644923,113,
2057,71.000000,72.525478,-0.009633,0.641781,71,
2058,73.000000,72.572930,-0.004497,0.646479,73,
2059,110.000000,76.315637,-0.026023,0.653466,110,
2060,175.000000,86.184073,-0.013281,0.663735,175,374.000000
2061,24.000000,79.965666,-0.004603,0.578192,24,
2062,96.000000,81.569099,-0.001040,0.657856,96,
2063,120.000000,85.412189,-0.017022,0.654296,120,
2064,64.000000,83.270970,0.011005,0.633091,64,
2065,31.000000,78.043873,-0.143165,0.619912,31,
2066,58.000000,76.039486,0.026710,0.604506,58,
2067,156.000000,84.035537,-0.029704,0.646573,156,
2068,79.000000,83.531984,-0.029758,0.650471,79,
2069,24.000000,77.578785,0.005285,0.606986,24,
2070,99.000000,79.720907,-0.014934,0.666231,99,500.000000
2071,175.000000,89.248816,-0.020423,0.657979,175,
2072,30.000000,83.323934,-0.057252,0.631848,30,
2073,18.000000,76.791541,-0.141723,0.596873,18,
2074,50.000000,74.112387,-0.018919,0.633049,50,
2075,36.000000,70.301148,-0.102084,0.627977,36,
2076,263.000000,89.571033,-0.007544,0.637050,263,
2077,124.000000,93.013930,-0.010111,0.662908,124,
2078,31.000000,86.812537,-0.044184,0.628166,31,
2079,27.000000,80.831283,-0.028516,0.614247,27,
2080,45.000000,77.248155,-0.005869,0.644592,45,433.000000
2081,22.000000,71.723340,-0.021039,0.579545,22,
2082,22.000000,66.751006,0.031810,0.589802,22,
2083,46.000000,64.675905,0.023608,0.615153,46,
2084,60.000000,64.208315,-0.051369,0.637771,60,
2085,65.000000,64.287483,-0.062766,0.657188,65,
2086,14.000000,59.258735,0.022785,0.584990,14,
2087,57.000000,59.032861,-0.016629,0.629956,57,
2088,16.000000,54.729575,0.021840,0.573459,16,
2089,66.000000,55.856618,-0.020058,0.631097,66,
2090,36.000000,53.870956,-0.013257,0.642890,36,500.000000
2091,105.000000,58.983860,-0.003651,0.655864,105,
2092,82.000000,61.285474,-0.063697,0.625897,82,
2093,125.000000,67.656927,-0.032246,0.637849,125,
2094,56.000000,66.491234,0.052465,0.608778,56,
2095,63.000000,66.142111,-0.041524,0.632899,63,
2096,62.000000,65.727900,-0.009727,0.631082,62,
2097,91.000000,68.255110,-0.007213,0.655817,91,
2098,16.000000,63.029599,-0.156105,0.568974,16,
2099,26.000000,59.326639,0.054403,0.620808,26,
2100,56.000000,58.993975,-0.001195,0.658828,56,500.000000
2101,29.000000,55.994577,-0.116733,0.633229,29,
2102,76.000000,57.995120,0.034362,0.641247,76,
2103,72.000000,59.395608,0.023111,0.649602,72,
2104,74.000000,60.856047,-0.013796,0.631467,74,
2105,72.000000,61.970442,-0.056948,0.632589,72,
2106,39.000000,59.673398,-0.042058,0.626572,39,
2107,21.000000,55.806058,0.044359,0.593003,21,
2108,39.000000,54.125452,0.005631,0.627674,39,
2109,73.000000,56.012907,-0.005647,0.640461,73,
2110,173.000000,67.711616,-0.011441,0.657772,173,238.000000
2111,30.000000,63.940455,0.080386,0.620666,30,
2112,14.000000,58.946409,0.100724,0.570131,14,
2113,23.000000,55.351768,-0.018333,0.621634,23,
2114,12.000000,51.016592,-0.355728,0.556882,12,
2115,23.000000,48.214932,-0.083654,0.593295,23,
2116,108.000000,54.193439,-0.026219,0.649042,108,
2117,19.000000,50.674095,0.054187,0.595457,19,
2118,120.000000,57.606686,-0.021197,0.650970,120,
2119,39.000000,55.746017,-0.116261,0.630351,39,
2120,27.000000,52.871415,0.008181,0.601944,27,157.000000
2121,62.000000,53.784274,-0.065726,0.592605,62,
2122,34.000000,51.805847,-0.199766,0.647529,34,
2123,80.000000,54.625262,-0.020135,0.637145,80,
2124,50.000000,54.162736,-0.012298,0.649047,50,
2125,70.000000,55.746462,0.002288,0.644247,70,
2126,16.000000,51.771816,0.044361,0.590166,16,
2127,66.000000,53.194634,-0.012229,0.663816,66,
2128,58.000000,53.675171,-0.001798,0.638799,58,
2129,18.000000,50.107654,0.078563,0.603086,18,
2130,11.000000,46.196888,-0.097005,0.579164,11,132.000000
2131,18.000000,43.377200,0.058560,0.608617,18,
2132,64.000000,45.439480,0.007806,0.635875,64,
2133,86.000000,49.495532,0.017526,0.607204,86,
2134,18.000000,46.345978,-0.003584,0.611773,18,
2135,56.000000,47.311381,-0.014660,0.656771,56,
2136,93.000000,51.880243,-0.027910,0.608088,93,
2137,41.000000,50.792218,-0.063219,0.659640,41,
2138,66.000000,52.312996,-0.018843,0.667348,66,
2139,17.000000,48.781697,0.040805,0.608923,17,
2140,24.000000,46.303527,0.021138,0.636647,24,108.000000
2141,52.000000,46.873174,-0.067080,0.626684,52,
2142,27.000000,44.885857,-0.069506,0.585432,27,
2143,85.000000,48.897271,0.006890,0.659710,85,
2144,40.000000,48.007544,0.063049,0.610542,40,
2145,40.000000,47.206790,0.074256,0.622416,40,
2146,30.000000,45.486111,0.008743,0.621682,30,
2147,23.000000,43.237500,0.051186,0.619773,23,
2148,79.000000,46.813750,0.009255,0.629418,79,
2149,36.000000,45.732375,-0.018026,0.641964,36,
2150,42.000000,45.359137,0.026912,0.646427,42,140.000000
2151,44.000000,45.223224,-0.007596,0.643208,44,
2152,93.000000,50.000901,-0.009401,0.661936,93,
2153,58.000000,50.800811,-0.032746,0.656941,58,
2154,47.000000,50.420730,0.018341,0.641713,47,
2155,19.000000,47.278657,0.019331,0.586037,19,
2156,163.000000,58.850791,-0.006202,0.645908,163,
2157,41.000000,57.065712,-0.058422,0.646520,41,
2158,43.000000,55.659141,-0.049238,0.645517,43,
2159,32.000000,53.293227,0.001453,0.617541,32,
2160,41.000000,52.063904,-0.034145,0.639204,41,371.000000
2161,60.000000,52.857514,-0.071599,0.653734,60,
2162,65.000000,54.071762,-0.014839,0.633832,65,
2163,13.000000,49.964586,0.200486,0.554967,13,
2164,175.000000,62.468128,-0.011156,0.675992,175,
2165,73.000000,63.521315,-0.059676,0.652142,73,
2166,30.000000,60.169183,0.030176,0.607813,30,
2167,41.000000,58.252265,0.011425,0.625700,41,
2168,81.000000,60.527038,-0.024222,0.656484,81,
2169,45.000000,58.974335,-0.027640,0.613396,45,
2170,107.000000,63.776901,-0.007467,0.619947,107,209.000000
2171,84.000000,65.799211,-0.016148,0.633050,84,
2172,178.000000,77.019290,-0.013536,0.631227,178,
2173,82.000000,77.517361,-0.022129,0.645186,82,
2174,41.000000,73.865625,0.048481,0.644517,41,
2175,28.000000,69.279062,0.094553,0.582033,28,
2176,133.000000,75.651156,-0.013486,0.660286,133,
2177,123.000000,80.386041,-0.019472,0.639865,123,
2178,96.000000,81.947436,-0.019649,0.647113,96,
2179,35.000000,77.252693,-0.007481,0.632907,35,
2180,137.000000,83.227424,-0.029931,0.620277,137,204.000000
2181,169.000000,91.804681,0.018940,0.648468,169,
2182,90.000000,91.624213,-0.053504,0.640264,90,
2183,11.000000,83.561792,0.124666,0.557468,11,
2184,133.000000,88.505613,-0.006129,0.659634,133,
2185,63.000000,85.955051,0.029290,0.628044,63,
2186,15.000000,78.859546,0.082243,0.604970,15,
2187,15.000000,72.473592,-0.029889,0.594845,15,
2188,111.000000,76.326232,-0.001458,0.658286,111,
2189,113.000000,79.993609,-0.024937,0.670240,113,
2190,23.000000,74.294248,0.051204,0.598673,23,180.000000
2191,178.000000,84.664823,-0.010068,0.672279,178,
2192,88.000000,84.998341,-0.028766,0.664074,88,
2193,52.000000,81.698507,-0.001405,0.592909,52,
2194,72.000000,80.728656,-0.067083,0.640420,72,
2195,96.000000,82.255791,-0.013018,0.670249,96,
2196,44.000000,78.430212,-0.058014,0.624926,44,
2197,134.000000,83.987190,-0.027678,0.626555,134,
2198,25.000000,78.088471,0.047148,0.615039,25,
2199,16.000000,71.879624,0.032453,0.603916,16,
2200,79.000000,72.591662,-0.007168,0.665543,79,171.000000
2201,108.000000,76.132496,0.003043,0.656677,108,
2202,114.000000,79.919246,-0.007805,0.649088,114,
2203,71.000000,79.027321,-0.009404,0.640019,71,
2204,16.000000,72.724589,0.109511,0.589169,16,
2205,21.000000,67.552130,0.094313,0.605694,21,
2206,87.000000,69.496917,0.034743,0.664071,87,
2207,18.000000,64.347226,0.086392,0.601108,18,
2208,51.000000,63.012503,0.002996,0.619404,51,
2209,174.000000,74.111253,-0.002157,0.666980,174,
2210,106.000000,77.300127,-0.009604,0.648926,106,162.000000
2211,33.000000,72.870115,-0.035886,0.590561,33,
2212,63.000000,71.883103,0.023360,0.655786,63,
2213,51.000000,69.794793,0.002322,0.652253,51,
2214,54.000000,68.215314,-0.015023,0.640348,54,
2215,80.000000,69.393782,-0.014588,0.669111,80,
2216,75.000000,69.954404,-0.008940,0.644159,75,
2217,39.000000,66.858964,-0.059325,0.600882,39,
2218,164.000000,76.573067,-0.010290,0.654213,164,
2219,56.000000,74.515761,0.010126,0.609006,56,
2220,49.000000,71.964184,0.029753,0.622726,49,157.000000
2221,44.000000,69.167766,0.021763,0.643384,44,
2222,16.000000,63.850989,0.066702,0.555924,16,
2223,166.000000,74.065890,-0.017532,0.650701,166,
2224,15.000000,68.159301,0.203163,0.556202,15,
2225,33.000000,64.643371,-0.085931,0.651957,33,
2226,93.000000,67.479034,-0.023774,0.637713,93,
2227,53.000000,66.031131,0.025264,0.624966,53,
2228,97.000000,69.128018,0.004307,0.626027,97,
2229,55.000000,67.715216,-0.015038,0.661207,55,
2230,13.000000,62.243694,0.212534,0.584530,13,170.000000
2231,70.000000,63.019325,-0.026815,0.618602,70,
2232,117.000000,68.417392,0.030627,0.663374,117,
2233,23.000000,63.875653,-0.019544,0.613162,23,
2234,117.000000,69.188088,0.001675,0.641383,117,
2235,86.000000,70.869279,-0.022544,0.635682,86,
2236,111.000000,74.882351,0.013433,0.669502,111,
2237,152.000000,82.594116,-0.003963,0.641816,152,
2238,20.000000,76.334704,-0.138074,0.600859,20,
2239,69.000000,75.601234,-0.021326,0.658158,69,
2240,16.000000,69.641111,0.043344,0.587202,16,171.000000
2241,142.000000,76.877000,-0.017650,0.667651,142,
2242,30.000000,72.189300,0.068741,0.625800,30,
2243,33.000000,68.270370,0.023837,0.639852,33,
2244,148.000000,76.243333,-0.002881,0.639423,148,
2245,21.000000,70.718999,-0.096334,0.628760,21,
2246,98.000000,73.447099,-0.051856,0.654578,98,
2247,77.000000,73.802390,-0.057165,0.624291,77,
2248,212.000000,87.622151,-0.001042,0.637137,212,
2249,15.000000,80.359936,-0.060568,0.599244,15,
2250,114.000000,83.723942,-0.005863,0.669106,114,191.000000
2251,18.000000,77.151548,0.122379,0.603064,18,
2252,65.000000,75.936393,-0.004576,0.646260,65,
2253,25.000000,70.842754,0.032407,0.603254,25,
2254,213.000000,85.058478,-0.010222,0.640411,213,
2255,123.000000,88.852630,-0.036805,0.637212,123,
2256,40.000000,83.967367,-0.059617,0.641253,40,
2257,37.000000,79.270631,-0.041833,0.610808,37,
2258,51.000000,76.443568,-0.045132,0.646914,51,
2259,19.000000,70.699211,0.059902,0.609079,19,
2260,58.000000,69.429290,-0.017196,0.627148,58,215.000000
2261,52.000000,67.686361,-0.049991,0.641093,52,
2262,83.000000,69.217725,-0.019751,0.641199,83,
2263,19.000000,64.195952,0.021968,0.589075,19,
2264,116.000000,69.376357,-0.004966,0.637104,116,
2265,78.000000,70.238721,0.021958,0.660389,78,
2266,107.000000,73.914849,0.009005,0.647329,107,
2267,44.000000,70.923364,0.018125,0.644587,44,
2268,17.000000,65.531028,-0.020057,0.589317,17,
2269,14.000000,60.377925,0.076486,0.570150,14,
2270,49.000000,59.240133,-0.020473,0.633117,49,271.000000
2271,354.000000,88.716119,-0.013740,0.655120,354,
2272,82.000000,88.044507,-0.003110,0.648183,82,
2273,31.000000,82.340057,-0.078485,0.621737,31,
2274,96.000000,83.706051,-0.025348,0.655242,96,
2275,80.000000,83.335446,-0.014586,0.633009,80,
2276,58.000000,80.801901,-0.045086,0.649024,58,
2277,79.000000,80.621711,-0.013792,0.634859,79,
2278,88.000000,81.359540,-0.010322,0.648279,88,
2279,168.000000,90.023586,-0.027319,0.657815,168,
2280,63.000000,87.321227,-0.008202,0.619784,63,369.000000
2281,90.000000,87.589105,-0.029531,0.654232,90,
2282,56.000000,84.430194,0.026456,0.636849,56,
2283,49.000000,80.887175,-0.038829,0.631334,49,
2284,60.000000,78.798457,-0.006229,0.633318,60,
2285,110.000000,81.918612,-0.086542,0.660707,110,
2286,44.000000,78.126750,0.038548,0.634984,44,
2287,141.000000,84.414075,-0.002760,0.670574,141,
2288,24.000000,78.372668,0.008690,0.577218,24,
2289,73.000000,77.835401,-0.013278,0.649909,73,
2290,87.000000,78.751861,0.001625,0.658023,87,357.000000
2291,113.000000,82.176675,-0.003221,0.657090,113,
2292,59.000000,79.859007,-0.048492,0.645829,59,
2293,135.000000,85.373107,-0.012474,0.661790,135,
2294,95.000000,86.335796,-0.003072,0.645258,95,
2295,116.000000,89.302216,0.013026,0.648575,116,
2296,45.000000,84.871995,-0.051358,0.645621,45,
2297,50.000000,81.384795,0.023534,0.601239,50,
2298,76.000000,80.846316,0.015014,0.628622,76,
2299,73.000000,80.061684,0.018501,0.643291,73,
2300,58.000000,77.855516,0.032233,0.637132,58,500.000000
2301,38.000000,73.869964,0.002975,0.647125,38,
2302,70.000000,73.482968,-0.001274,0.644099,70,
2303,15.000000,67.634671,0.188795,0.566418,15,
2304,42.000000,65.071204,0.000019,0.625492,42,
2305,97.000000,68.264083,-0.006172,0.643125,97,
2306,13.000000,62.737675,0.208633,0.563232,13,
2307,56.000000,62.063908,0.028781,0.625435,56,
2308,85.000000,64.357517,0.008450,0.659748,85,
2309,81.000000,66.021765,0.002199,0.648996,81,
2310,108.000000,70.219589,0.005779,0.622700,108,295.000000
2311,34.000000,66.597630,-0.042706,0.622796,34,
2312,90.000000,68.937867,0.016653,0.624502,90,
2313,90.000000,71.044080,-0.029062,0.642293,90,
2314,180.000000,81.939672,-0.023934,0.655477,180,
2315,36.000000,77.345705,-0.085740,0.642962,36,
2316,70.000000,76.611134,-0.019192,0.650550,70,
2317,57.000000,74.650021,0.005079,0.657581,57,
2318,52.000000,72.385019,-0.050311,0.634431,52,
2319,118.000000,76.946517,-0.013971,0.645154,118,
2320,29.000000,72.151865,0.110783,0.607259,29,500.000000
2321,70.000000,71.936679,0.003481,0.639452,70,
2322,57.000000,70.443011,-0.019722,0.636809,57,
2323,21.000000,65.498710,-0.221315,0.617022,21,
2324,209.000000,79.848839,-0.018281,0.629340,209,
2325,122.000000,84.063955,-0.032387,0.653560,122,
2326,99.000000,85.557559,0.007265,0.658982,99,
2327,24.000000,79.401803,-0.047193,0.588445,24,
2328,94.000000,80.861623,-0.054623,0.639947,94,
2329,42.000000,76.975461,-0.016996,0.638414,42,
2330,93.000000,78.577915,-0.015625,0.644594,93,313.000000
2331,108.000000,81.520123,-0.016292,0.630760,108,
2332,55.000000,78.868111,-0.037251,0.649807,55,
2333,129.000000,83.881300,-0.018347,0.667547,129,
2334,22.000000,77.693170,-0.116005,0.584513,22,
2335,16.000000,71.523853,-0.018785,0.572998,16,
2336,17.000000,66.071468,-0.081839,0.600009,17,
2337,17.000000,61.164321,0.012310,0.611210,17,
2338,35.000000,58.547889,0.039225,0.622822,35,
2339,33.000000,55.993100,-0.046624,0.639848,33,
2340,110.000000,61.393790,-0.035101,0.667878,110,199.000000
2341,53.000000,60.554411,-0.001996,0.626319,53,
2342,28.000000,57.298970,0.053135,0.603130,28,
2343,60.000000,57.569073,-0.055327,0.631623,60,
2344,21.000000,53.912166,-0.288358,0.598468,21,
2345,77.000000,56.220949,-0.064885,0.661836,77,
2346,12.000000,51.798854,0.188830,0.565570,12,
2347,109.000000,57.518969,-0.001128,0.633457,109,
2348,76.000000,59.367072,-0.026631,0.654025,76,
2349,27.000000,56.130365,-0.061508,0.604371,27,
2350,126.000000,63.117328,-0.009449,0.668327,126,173.000000
2351,30.000000,59.805595,-0.101317,0.648023,30,
2352,22.000000,56.025036,0.014998,0.585687,22,
2353,89.000000,59.322532,0.051923,0.602978,89,
2354,28.000000,56.190279,0.101979,0.618354,28,
2355,34.000000,53.971251,0.025140,0.632299,34,
2356,66.000000,55.174126,-0.132857,0.645066,66,
2357,21.000000,51.756713,0.043973,0.622305,21,
2358,77.000000,54.281042,-0.006838,0.648718,77,
2359,97.000000,58.552938,-0.005091,0.614499,97,
2360,63.000000,58.997644,-0.004032,0.629204,63,167.000000
2361,22.000000,55.297880,-0.102297,0.596211,22,
2362,35.000000,53.268092,-0.037296,0.629890,35,
2363,16.000000,49.541283,-0.002441,0.592362,16,
2364,103.000000,54.887154,-0.005717,0.664185,103,
2365,29.000000,52.298439,-0.189968,0.640282,29,
2366,49.000000,51.968595,0.029228,0.600919,49,
2367,62.000000,52.971735,0.037588,0.604796,62,
2368,48.000000,52.474562,0.009310,0.634823,48,
2369,120.000000,59.227106,-0.013014,0.677857,120,
2370,47.000000,58.004395,-0.044151,0.663538,47,152.000000
2371,108.000000,63.003956,-0.011167,0.640333,108,
2372,20.000000,58.703560,-0.146791,0.548991,20,
2373,64.000000,59.233204,-0.053569,0.659110,64,
2374,20.000000,55.309884,-0.053190,0.609989,20,
2375,40.000000,53.778895,-0.066669,0.640034,40,
2376,70.000000,55.401006,0.016501,0.631213,70,
2377,128.000000,62.660905,0.006045,0.669117,128,
2378,94.000000,65.794815,-0.004634,0.630078,94,
2379,52.000000,64.415333,-0.009628,0.628077,52,
2380,30.000000,60.973800,-0.059901,0.587532,30,156.000000
2381,35.000000,58.376420,0.051841,0.647688,35,
2382,78.000000,60.338778,-0.058688,0.623138,78,
2383,112.000000,65.504900,-0.002614,0.635071,112,
2384,23.000000,61.254410,0.030027,0.611092,23,
2385,54.000000,60.528969,-0.116835,0.633856,54,
2386,53.000000,59.776072,0.030064,0.633761,53,
2387,74.000000,61.198465,-0.047696,0.646862,74,
2388,41.000000,59.178618,-0.043236,0.644705,41,
2389,86.000000,61.860757,-0.009646,0.661285,86,
2390,84.000000,64.074681,0.000064,0.676226,84,134.000000
2391,39.000000,61.567213,0.046532,0.648294,39,
2392,11.000000,56.510492,0.260425,0.581472,11,
2393,93.000000,60.159442,-0.052426,0.650188,93,
2394,13.000000,55.443498,-0.002754,0.595967,13,
2395,30.000000,52.899148,0.005990,0.624173,30,
2396,135.000000,61.109234,-0.010190,0.641608,135,
2397,57.000000,60.698310,-0.028995,0.643664,57,
2398,75.000000,62.128479,0.020888,0.595260,75,
2399,45.000000,60.415631,0.003127,0.669202,45,
2400,70.000000,61.374068,-0.028913,0.660471,70,121.000000
2401,59.000000,61.136661,0.000359,0.661528,59,
2402,125.000000,67.522995,0.002610,0.663838,125,
2403,122.000000,72.970696,-0.024010,0.645564,122,
2404,87.000000,74.373626,0.008822,0.654449,87,
2405,123.000000,79.236263,-0.000899,0.649924,123,
2406,101.000000,81.412637,0.007544,0.676154,101,
2407,45.000000,77.771373,0.049859,0.648000,45,
2408,13.000000,71.294236,-0.092009,0.619295,13,
2409,76.000000,71.764812,-0.035009,0.666122,76,
2410,15.000000,66.088331,0.051278,0.622755,15,136.000000
2411,54.000000,64.879498,0.009381,0.658845,54,
2412,114.000000,69.791548,-0.004527,0.620759,114,
2413,256.000000,88.412393,-0.015537,0.639244,256,
2414,40.000000,83.571154,-0.058053,0.662375,40,
2415,83.000000,83.514039,-0.063104,0.610399,83,
2416,70.000000,82.162635,0.003575,0.641158,70,
2417,66.000000,80.546371,-0.088117,0.645273,66,
2418,64.000000,78.891734,-0.062351,0.636142,64,
2419,50.000000,76.002561,-0.003289,0.629814,50,
2420,26.000000,71.002305,0.039767,0.567360,26,174.000000
2421,108.000000,74.702074,0.016643,0.648216,108,
2422,47.000000,71.931867,-0.020650,0.644949,47,
2423,18.000000,66.538680,0.044509,0.579739,18,
2424,52.000000,65.084812,-0.005617,0.628996,52,
2425,48.000000,63.376331,0.006617,0.656809,48,
2426,43.000000,61.338698,0.019440,0.641716,43,
2427,30.000000,58.204828,0.007984,0.601843,30,
2428,12.000000,53.584345,-0.252757,0.566570,12,
2429,64.000000,54.625911,0.005544,0.636778,64,
2430,29.000000,52.063320,0.049121,0.630370,29,200.000000
2431,48.000000,51.656988,0.011214,0.630012,48,
2432,49.000000,51.391289,-0.014970,0.652248,49,
2433,71.000000,53.352160,0.020670,0.647876,71,
2434,188.000000,66.816944,-0.027949,0.647873,188,
2435,53.000000,65.435250,-0.008807,0.639577,53,
2436,13.000000,60.191725,0.232909,0.569859,13,
2437,57.000000,59.872552,0.026502,0.653012,57,
2438,94.000000,63.285297,0.029640,0.654366,94,
2439,11.000000,58.056767,0.088428,0.563371,11,
2440,114.000000,63.651091,-0.010476,0.642591,114,202.000000
2441,122.000000,69.485981,-0.026371,0.669127,122,
2442,52.000000,67.737383,0.036474,0.632160,52,
2443,27.000000,63.663645,0.073702,0.608129,27,
2444,22.000000,59.497281,0.047054,0.560272,22,
2445,29.000000,56.447552,0.038879,0.590575,29,
2446,52.000000,56.002797,0.022889,0.636598,52,
2447,112.000000,61.602517,-0.003944,0.652437,112,
2448,36.000000,59.042266,-0.005286,0.590789,36,
2449,76.000000,60.738039,-0.022404,0.627097,76,
2450,50.000000,59.664235,-0.043050,0.633916,50,183.000000
2451,108.000000,64.497812,-0.002896,0.667520,108,
2452,220.000000,80.048031,-0.013990,0.649447,220,
2453,20.000000,74.043227,0.062812,0.603148,20,
2454,55.000000,72.138905,-0.016907,0.644211,55,
2455,51.000000,70.025014,-0.029922,0.618633,51,
2456,130.000000,76.022513,-0.016068,0.636771,130,
2457,18.000000,70.220262,0.011347,0.614306,18,
2458,26.000000,65.798235,-0.072818,0.629950,26,
2459,62.000000,65.418412,0.013904,0.647592,62,
2460,94.000000,68.276571,-0.030787,0.616941,94,192.000000
2461,44.000000,65.848914,0.021517,0.643509,44,
2462,94.000000,68.664022,-0.005636,0.652373,94,
2463,19.000000,63.697620,-0.082871,0.612474,19,
2464,101.000000,67.427858,-0.024464,0.664959,101,
2465,98.000000,70.485072,0.004684,0.665507,98,
2466,66.000000,70.036565,0.026486,0.643707,66,
2467,163.000000,79.332908,-0.007032,0.642833,163,
2468,91.000000,80.499618,-0.051765,0.625428,91,
2469,124.000000,84.849656,-0.005183,0.664448,124,
2470,48.000000,81.164690,0.036487,0.584981,48,500.000000
2471,141.000000,87.148221,0.002180,0.658661,141,
2472,53.000000,83.733399,-0.039119,0.650725,53,
2473,28.000000,78.160059,-0.125766,0.624098,28,
2474,64.000000,76.744053,-0.021654,0.647127,64,
2475,38.000000,72.869648,-0.034989,0.634668,38,
2476,105.000000,76.082683,-0.007820,0.653905,105,
2477,39.000000,72.374415,0.013760,0.631295,39,
2478,48.000000,69.936973,-0.033588,0.641059,48,
2479,73.000000,70.243276,-0.018481,0.651037,73,
2480,88.000000,72.018948,0.000180,0.647563,88,246.000000
2481,94.000000,74.217054,0.000341,0.653471,94,
2482,35.000000,70.295348,-0.042428,0.627616,35,
2483,34.000000,66.665813,0.009014,0.618591,34,
2484,108.000000,70.799232,-0.011856,0.632262,108,
2485,34.000000,67.119309,-0.104042,0.612229,34,
2486,28.000000,63.207378,0.026901,0.596785,28,
2487,62.000000,63.086640,0.015672,0.652349,62,
2488,40.000000,60.777976,-0.045961,0.607140,40,
2489,130.000000,67.700179,-0.007017,0.666098,130,
2490,151.000000,76.030161,-0.016454,0.655429,151,316.000000
2491,26.000000,71.027145,0.038968,0.600303,26,
2492,71.000000,71.024430,0.037926,0.628411,71,
2493,116.000000,75.521987,-0.040220,0.639151,116,
2494,199.000000,87.869788,-0.012784,0.635192,199,
2495,30.000000,82.082810,0.016438,0.612224,30,
2496,80.000000,81.874529,-0.007557,0.636556,80,
2497,48.000000,78.487076,0.002937,0.622522,48,
2498,53.000000,75.938368,-0.029072,0.635382,53,
2499,93.000000,77.644531,0.009505,0.652120,93,
2500,49.000000,74.780078,0.035634,0.647100,49,500.000000
2501,119.000000,79.202070,-0.002364,0.620845,119,
2502,81.000000,79.381863,-0.009872,0.647140,81,
2503,29.000000,74.343677,-0.022891,0.612902,29,
2504,122.000000,79.109309,-0.007879,0.651999,122,
2505,51.000000,76.298378,-0.040776,0.631005,51,
2506,19.000000,70.568541,-0.202097,0.582071,19,
2507,140.000000,77.511686,-0.020404,0.654447,140,
2508,17.000000,71.460518,-0.267438,0.596877,17,
2509,14.000000,65.714466,0.141363,0.577494,14,
2510,118.000000,70.943019,-0.040622,0.645217,118,258.000000
2511,34.000000,67.248718,-0.026314,0.624627,34,
2512,47.000000,65.223846,0.050242,0.638954,47,
2513,30.000000,61.701461,-0.004315,0.641994,30,
2514,17.000000,57.231315,0.063388,0.572078,17,
2515,41.000000,55.608184,-0.018809,0.652146,41,
2516,33.000000,53.347365,-0.054596,0.631492,33,
2517,19.000000,49.912629,0.013466,0.598524,19,
2518,120.000000,56.921366,-0.005177,0.671012,120,
2519,64.000000,57.629229,0.003960,0.660225,64,
2520,67.000000,58.566306,0.019139,0.627024,67,197.000000
2521,33.000000,56.009676,0.020015,0.629619,33,
2522,67.000000,57.108708,0.002894,0.613501,67,
2523,76.000000,58.997837,-0.066648,0.666932,76,
2524,66.000000,59.698054,-0.012473,0.643234,66,
2525,25.000000,56.228248,-0.023653,0.611365,25,
2526,39.000000,54.505423,-0.135481,0.629457,39,
2527,73.000000,56.354881,0.030462,0.643132,73,
2528,14.000000,52.119393,0.143255,0.574834,14,
2529,71.000000,54.007454,0.009001,0.636496,71,
2530,75.000000,56.106708,-0.016870,0.655512,75,203.000000
2531,40.000000,54.496037,-0.042928,0.612683,40,
2532,26.000000,51.646434,-0.093564,0.643379,26,
2533,32.000000,49.681790,0.044438,0.627958,32,
2534,60.000000,50.713611,-0.009785,0.609807,60,
2535,180.000000,63.642250,-0.012086,0.665025,180,
2536,92.000000,66.478025,-0.022465,0.649332,92,
2537,27.000000,62.530223,-0.140179,0.616151,27,
2538,88.000000,65.077200,-0.044514,0.647575,88,
2539,16.000000,60.169480,0.020964,0.573838,16,
2540,49.000000,59.052532,0.009820,0.643515,49,500.000000
2541,18.000000,54.947279,-0.003364,0.583688,18,
2542,101.000000,59.552551,0.004625,0.645627,101,
2543,61.000000,59.697296,-0.034229,0.646248,61,
2544,46.000000,58.327566,-0.073709,0.640648,46,
2545,50.000000,57.494810,-0.036268,0.627009,50,
2546,105.000000,62.245329,0.003694,0.642914,105,
2547,77.000000,63.720796,0.013451,0.646916,77,
2548,103.000000,67.648716,0.020815,0.658776,103,
2549,125.000000,73.383845,-0.009105,0.654327,125,
2550,99.000000,75.945460,0.039171,0.658328,99,284.000000
2551,37.000000,72.050914,-0.079592,0.635895,37,
2552,159.000000,80.745823,-0.002074,0.654323,159,
2553,108.000000,83.471241,0.027435,0.648741,108,
2554,110.000000,86.124116,0.008859,0.654066,110,
2555,82.000000,85.711705,-0.010945,0.649252,82,
2556,48.000000,81.940534,-0.119725,0.647412,48,
2557,75.000000,81.246481,-0.089863,0.642312,75,
2558,48.000000,77.921833,0.037315,0.599271,48,
2559,142.000000,84.329650,0.002449,0.669960,142,
2560,62.000000,82.096685,-0.011753,0.621652,62,500.000000
2561,72.000000,81.087016,0.004163,0.617378,72,
2562,125.000000,85.478315,-0.009374,0.666285,125,
2563,83.000000,85.230483,-0.041347,0.634531,83,
2564,64.000000,83.107435,-0.016719,0.623412,64,
2565,23.000000,77.096691,-0.020083,0.611141,23,
2566,19.000000,71.287022,0.011903,0.597768,19,
2567,73.000000,71.458320,0.000866,0.655047,73,
2568,26.000000,66.912488,-0.005334,0.621163,26,
2569,58.000000,66.021239,-0.008108,0.645547,58,
2570,19.000000,61.319115,-0.174087,0.583787,19,310.000000
2571,20.000000,57.187204,0.006720,0.608545,20,
2572,27.000000,54.168483,-0.033512,0.617570,27,
2573,145.000000,63.251635,0.001419,0.645765,145,
2574,78.000000,64.726472,-0.032525,0.635143,78,
2575,24.000000,60.653824,0.008067,0.612883,24,
2576,24.000000,56.988442,-0.150775,0.617375,24,
2577,40.000000,55.289598,-0.015517,0.628904,40,
2578,14.000000,51.160638,0.135602,0.564131,14,
2579,75.000000,53.544574,-0.013523,0.640645,75,
2580,72.000000,55.390117,-0.015489,0.650385,72,331.000000
2581,93.000000,59.151105,-0.060636,0.606895,93,
2582,17.000000,54.935995,0.118730,0.592815,17,
2583,20.000000,51.442395,-0.092322,0.581575,20,
2584,90.000000,55.298156,-0.010531,0.659441,90,
2585,70.000000,56.768340,-0.006414,0.652352,70,
2586,126.000000,63.691506,-0.014903,0.640351,126,
2587,26.000000,59.922355,-0.014972,0.588040,26,
2588,104.000000,64.330120,-0.087286,0.652010,104,
2589,32.000000,61.097108,-0.085436,0.577129,32,
2590,87.000000,63.687397,-0.009877,0.626057,87,206.000000
2591,67.000000,64.018657,-0.011749,0.616042,67,
2592,54.000000,63.016792,0.017267,0.648991,54,
2593,23.000000,59.015112,0.117144,0.593736,23,
2594,121.000000,65.213601,-0.000744,0.643183,121,
2595,11.000000,59.792241,0.136841,0.566274,11,
2596,115.000000,65.313017,-0.001421,0.642228,115,
2597,112.000000,69.981715,-0.017337,0.648027,112,
2598,104.000000,73.383544,-0.002484,0.662997,104,
2599,19.000000,67.945189,0.105202,0.605443,19,
2600,84.000000,69.550670,0.038379,0.647730,84,185.000000
2601,178.000000,80.395603,-0.008556,0.660434,178,
2602,38.000000,76.156043,0.037816,0.642395,38,
2603,94.000000,77.940439,0.008192,0.656540,94,
2604,80.000000,78.146395,0.028638,0.629438,80,
2605,22.000000,72.531755,0.001104,0.614416,22,
2606,55.000000,70.778580,-0.048327,0.643260,55,
2607,95.000000,73.200722,0.005942,0.645150,95,
2608,122.000000,78.080650,0.002830,0.667658,122,
2609,44.000000,74.672585,0.009813,0.644958,44,
2610,38.000000,71.005326,-0.012513,0.622404,38,207.000000
2611,29.000000,66.804794,0.026976,0.618439,29,
2612,44.000000,64.524314,-0.047448,0.657458,44,
2613,51.000000,63.171883,-0.018222,0.629239,51,
2614,109.000000,67.754695,0.021920,0.659677,109,
2615,28.000000,63.779225,-0.007980,0.609946,28,
2616,25.000000,59.901303,-0.036624,0.615355,25,
2617,73.000000,61.211172,-0.012083,0.646748,73,
2618,41.000000,59.190055,-0.128430,0.627944,41,
2619,17.000000,54.971050,0.145269,0.583725,17,
2620,70.000000,56.473945,0.005574,0.659323,70,500.000000
2621,18.000000,52.626550,0.062516,0.584654,18,
2622,28.000000,50.163895,-0.094569,0.629687,28,
2623,91.000000,54.247506,0.022323,0.634267,91,
2624,14.000000,50.222755,0.093331,0.538483,14,
2625,181.000000,63.300480,-0.020700,0.646094,181,
2626,119.000000,68.870432,-0.019290,0.644952,119,
2627,138.000000,75.783388,-0.016958,0.661228,138,
2628,71.000000,75.305050,-0.016215,0.653290,71,
2629,64.000000,74.174545,0.010514,0.642511,64,
2630,271.000000,93.857090,-0.011227,0.658169,271,226.000000
2631,55.000000,89.971381,-0.051875,0.624761,55,
2632,70.000000,87.974243,-0.032464,0.625553,70,
2633,29.000000,82.076819,-0.173145,0.629872,29,
2634,43.000000,78.169137,-0.064927,0.618408,43,
2635,205.000000,90.852223,-0.008745,0.652438,205,
2636,82.000000,89.967001,-0.013759,0.660608,82,
2637,45.000000,85.470301,-0.008817,0.650404,45,
2638,38.000000,80.723271,-0.011694,0.631849,38,
2639,41.000000,76.750944,-0.079864,0.640616,41,
2640,25.000000,71.575849,0.039093,0.580582,25,290.000000
2641,62.000000,70.618264,-0.050203,0.624639,62,
2642,143.000000,77.856438,-0.000059,0.623825,143,
2643,14.000000,71.470794,-0.116523,0.565415,14,
2644,29.000000,67.223715,-0.027160,0.596085,29,
2645,53.000000,65.801343,0.011445,0.647607,53,
2646,16.000000,60.821209,-0.025947,0.586787,16,
2647,31.000000,57.839088,-0.030777,0.634293,31,
2648,33.000000,55.355179,-0.016820,0.623149,33,
2649,69.000000,56.719661,-0.000579,0.645771,69,
2650,58.000000,56.847695,0.027722,0.615925,58,309.000000
2651,103.000000,61.462926,0.009717,0.662750,103,
2652,139.000000,69.216633,-0.012921,0.664558,139,
2653,179.000000,80.194970,-0.031147,0.670069,179,
2654,11.000000,73.275473,0.241436,0.544086,11,
2655,38.000000,69.747926,-0.142133,0.611285,38,
2656,140.000000,76.773133,-0.010667,0.667008,140,
2657,117.000000,80.795820,-0.007199,0.644039,117,
2658,62.000000,78.916238,-0.069254,0.628286,62,
2659,65.000000,77.524614,0.002828,0.644137,65,
2660,205.000000,90.272153,-0.018625,0.641896,205,184.000000
2661,68.000000,88.044937,-0.042519,0.646905,68,
2662,51.000000,84.340444,-0.065128,0.650478,51,
2663,66.000000,82.506399,0.008421,0.649012,66,
2664,69.000000,81.155759,-0.030353,0.659348,69,
2665,45.000000,77.540183,-0.148254,0.614275,45,
2666,63.000000,76.086165,-0.061429,0.642036,63,
2667,127.000000,81.177549,-0.020833,0.654090,127,
2668,156.000000,88.659794,0.000811,0.637043,156,
2669,38.000000,83.593814,-0.034374,0.640030,38,
2670,42.000000,79.434433,-0.012915,0.581892,42,193.000000
2671,77.000000,79.190990,-0.021229,0.661779,77,
2672,31.000000,74.371891,0.034370,0.635212,31,
2673,140.000000,80.934702,-0.051378,0.644659,140,
2674,20.000000,74.841231,-0.052169,0.581954,20,
2675,66.000000,73.957108,-0.005648,0.639476,66,
2676,106.000000,77.161397,0.001152,0.653732,106,
2677,82.000000,77.645258,-0.056935,0.652305,82,
2678,129.000000,82.780732,-0.044416,0.632815,129,
2679,61.000000,80.602659,-0.015203,0.636015,61,
2680,32.000000,75.742393,-0.078602,0.625143,32,260.000000
2681,22.000000,70.368154,-0.066737,0.593879,22,
2682,62.000000,69.531338,0.003160,0.626157,62,
2683,17.000000,64.278204,0.007636,0.562883,17,
2684,72.000000,65.050384,-0.065094,0.639448,72,
2685,196.000000,78.145346,-0.028581,0.636916,196,
2686,25.000000,72.830811,0.050118,0.606056,25,
2687,50.000000,70.547730,-0.022880,0.638022,50,
2688,126.000000,76.092957,-0.000798,0.664726,126,
2689,87.000000,77.183661,-0.055910,0.645398,87,
2690,95.000000,78.965295,-0.036514,0.629518,95,500.000000
2691,89.000000,79.968766,-0.028400,0.662609,89,
2692,20.000000,73.971889,0.102007,0.594120,20,
2693,168.000000,83.374700,-0.011587,0.650226,168,
2694,258.000000,100.837230,-0.017968,0.625654,258,
2695,17.000000,92.453507,-0.186597,0.595559,17,
2696,85.000000,91.708156,-0.000143,0.652878,85,
2697,78.000000,90.337341,-0.018267,0.606306,78,
2698,64.000000,87.703607,0.014069,0.631841,64,
2699,56.000000,84.533246,-0.013773,0.625497,56,
2700,118.000000,87.879921,0.005180,0.661716,118,263.000000
2701,50.000000,84.091929,-0.008013,0.613740,50,
2702,28.000000,78.482736,0.046318,0.604554,28,
2703,81.000000,78.734463,-0.001236,0.639268,81,
2704,26.000000,73.461016,0.026875,0.621525,26,
2705,17.000000,67.814915,0.027600,0.578642,17,
2706,85.000000,69.533423,-0.021274,0.655717,85,
2707,137.000000,76.280081,-0.016560,0.659295,137,
2708,67.000000,75.352073,-0.062667,0.638452,67,
2709,63.000000,74.116866,-0.018112,0.645808,63,
2710,28.000000,69.505179,0.064308,0.610292,28,183.000000
2711,46.000000,67.154661,-0.060546,0.634806,46,
2712,68.000000,67.239195,-0.014785,0.600546,68,
2713,70.000000,67.515276,-0.058324,0.661395,70,
2714,80.000000,68.763748,-0.016036,0.596734,80,
2715,25.000000,64.387373,0.025545,0.610442,25,
2716,24.000000,60.348636,-0.022122,0.573907,24,
2717,37.000000,58.013772,-0.052336,0.641383,37,
2718,25.000000,54.712395,-0.011736,0.621389,25,
2719,116.000000,60.841156,-0.004249,0.668905,116,
2720,171.000000,71.857040,-0.016997,0.664279,171,180.000000
2721,71.000000,71.771336,0.021683,0.664218,71,
2722,140.000000,78.594202,0.000664,0.642870,140,
2723,225.000000,93.234782,-0.021713,0.646777,225,
2724,35.000000,87.411304,-0.044183,0.607706,35,
2725,146.000000,93.270174,-0.009280,0.633158,146,
2726,35.000000,87.443156,-0.012941,0.643116,35,
2727,25.000000,81.198841,0.013176,0.628066,25,
2728,172.000000,90.278957,-0.020556,0.637503,172,
2729,52.000000,86.451061,-0.051880,0.640761,52,
2730,61.000000,83.905955,-0.003906,0.620059,61,198.000000
2731,64.000000,81.915359,0.000659,0.664240,64,
2732,197.000000,93.423823,-0.020151,0.663871,197,
2733,34.000000,87.481441,-0.045787,0.642063,34,
2734,62.000000,84.933297,-0.001943,0.635838,62,
2735,37.000000,80.139967,-0.011837,0.641391,37,
2736,13.000000,73.425971,0.240443,0.539736,13,
2737,142.000000,80.283373,-0.006348,0.634939,142,
2738,53.000000,77.555036,0.020690,0.627794,53,
2739,21.000000,71.899533,0.092466,0.614368,21,
2740,39.000000,68.609579,0.040920,0.639746,39,274.000000
2741,24.000000,64.148621,0.019696,0.566595,24,
2742,54.000000,63.133759,-0.002126,0.632693,54,
2743,25.000000,59.320383,-0.009933,0.613625,25,
2744,26.000000,55.988345,-0.074185,0.613120,26,
2745,118.000000,62.189510,0.010454,0.660818,118,
2746,13.000000,57.270559,0.068760,0.568740,13,
2747,91.000000,60.643503,-0.033713,0.643565,91,
2748,92.000000,63.779153,-0.021836,0.647928,92,
2749,110.000000,68.401238,0.011039,0.641109,110,
2750,64.000000,67.961114,-0.054618,0.642335,64,500.000000
2751,41.000000,65.265003,-0.111765,0.608513,41,
2752,97.000000,68.438502,0.057238,0.644931,97,
2753,18.000000,63.394652,0.098660,0.599241,18,
2754,47.000000,61.755187,-0.015084,0.624018,47,
2755,103.000000,65.879668,0.005218,0.658009,103,
2756,129.000000,72.191701,-0.001954,0.635189,129,
2757,26.000000,67.572531,0.015141,0.588409,26,
2758,21.000000,62.915278,0.123915,0.600157,21,
2759,17.000000,58.323750,0.087469,0.587255,17,
2760,21.000000,54.591375,0.083814,0.586682,21,388.000000
2761,36.000000,52.732238,0.004991,0.625026,36,
2762,85.000000,55.959014,0.003682,0.652353,85,
2763,74.000000,57.763113,0.000310,0.639660,74,
2764,31.000000,55.086801,-0.078453,0.607777,31,
2765,86.000000,58.178121,0.011101,0.627324,86,
2766,126.000000,64.960309,-0.012109,0.659604,126,
2767,38.000000,62.264278,0.063722,0.579931,38,
2768,55.000000,61.537850,0.038480,0.651836,55,
2769,111.000000,66.484065,-0.001556,0.655726,111,
2770,63.000000,66.135659,-0.093033,0.645016,63,500.000000
2771,37.000000,63.222093,-0.069760,0.638312,37,
2772,95.000000,66.399884,-0.024444,0.642824,95,
2773,73.000000,67.059895,0.023686,0.655839,73,
2774,200.000000,80.353906,-0.016126,0.670339,200,
2775,12.000000,73.518515,0.063606,0.568465,12,
2776,31.000000,69.266664,-0.037676,0.630109,31,
2777,73.000000,69.639997,0.013580,0.657945,73,
2778,143.000000,76.975998,-0.013013,0.633188,143,
2779,37.000000,72.978398,-0.027732,0.631654,37,
2780,140.000000,79.680558,-0.008810,0.653119,140,212.000000
2781,68.000000,78.512502,-0.039622,0.648602,68,
2782,88.000000,79.461252,0.040901,0.647901,88,
2783,94.000000,80.915127,-0.055629,0.666912,94,
2784,74.000000,80.223614,-0.074173,0.649440,74,
2785,21.000000,74.301253,-0.205680,0.614176,21,
2786,208.000000,87.671127,-0.008909,0.659427,208,
2787,69.000000,85.804015,-0.030035,0.633648,69,
2788,31.000000,80.323613,0.034201,0.636516,31,
2789,60.000000,78.291252,-0.002733,0.646367,60,
2790,116.000000,82.062127,-0.018481,0.652250,116,271.000000
2791,124.000000,86.255914,-0.012430,0.659961,124,
2792,44.000000,82.030323,-0.033651,0.639738,44,
2793,111.000000,84.927290,-0.037371,0.646070,111,
2794,213.000000,97.734561,-0.022126,0.643405,213,
2795,85.000000,96.461105,0.037857,0.647644,85,
2796,36.000000,90.414995,0.000137,0.613018,36,
2797,85.000000,89.873495,-0.032788,0.648719,85,
2798,28.000000,83.686146,0.011570,0.629885,28,
2799,65.000000,81.817531,-0.047308,0.647063,65,
2800,50.000000,78.635778,-0.033766,0.640170,50,500.000000
2801,12.000000,71.972200,0.221767,0.534592,12,
2802,93.000000,74.074980,-0.003196,0.662880,93,
2803,134.000000,80.067482,-0.015567,0.661439,134,
2804,11.000000,73.160734,0.083622,0.556632,11,
2805,44.000000,70.244661,-0.048647,0.621610,44,
2806,132.000000,76.420195,-0.029998,0.642706,132,
2807,57.000000,74.478175,-0.005691,0.629271,57,
2808,35.000000,70.530358,-0.034546,0.639322,35,
2809,84.000000,71.877322,-0.051773,0.635973,84,
2810,72.000000,71.889590,-0.005797,0.646072,72,500.000000
2811,18.000000,66.500631,-0.108188,0.577124,18,
2812,44.000000,64.250568,-0.064392,0.614404,44,
2813,134.000000,71.225511,-0.000176,0.648808,134,
2814,19.000000,66.002960,0.111332,0.599356,19,
2815,105.000000,69.902664,-0.003604,0.661196,105,
2816,36.000000,66.512397,-0.037021,0.625179,36,
2817,105.000000,70.361158,-0.014177,0.656168,105,
2818,47.000000,68.025042,0.111556,0.611325,47,
2819,118.000000,73.022538,0.005513,0.637411,118,
2820,83.000000,74.020284,-0.004142,0.633028,83,310.000000
2821,137.000000,80.318256,-0.013399,0.656582,137,
2822,79.000000,80.186430,0.004696,0.647864,79,
2823,40.000000,76.167787,-0.082052,0.613093,40,
2824,175.000000,86.051008,-0.039548,0.642148,175,
2825,41.000000,81.545907,0.101068,0.625839,41,
2826,28.000000,76.191317,-0.210234,0.581409,28,
2827,21.000000,70.672185,-0.019713,0.615832,21,
2828,77.000000,71.304967,-0.011124,0.657307,77,
2829,26.000000,66.774470,-0.086674,0.606304,26,
2830,80.000000,68.097023,0.022457,0.648332,80,235.000000
2831,56.000000,66.887321,-0.044744,0.645150,56,
2832,37.000000,63.898589,0.005324,0.610695,37,
2833,131.000000,70.608730,-0.003603,0.675955,131,
2834,24.000000,65.947857,-0.032819,0.631385,24,
2835,108.000000,70.153071,-0.008398,0.665610,108,
2836,24.000000,65.537764,-0.095843,0.600350,24,
2837,52.000000,64.183988,0.029806,0.643079,52,
2838,49.000000,62.665589,-0.055715,0.613692,49,
2839,11.000000,57.499030,0.092249,0.562004,11,
2840,39.000000,55.649127,0.019291,0.654560,39,183.000000
2841,133.000000,63.384214,-0.009332,0.659260,133,
2842,20.000000,59.045793,0.023443,0.587900,20,
2843,35.000000,56.641214,0.042925,0.648455,35,
2844,37.000000,54.677092,-0.042939,0.604324,37,
2845,43.000000,53.509383,0.002471,0.640231,43,
2846,46.000000,52.758445,-0.027686,0.653337,46,
2847,32.000000,50.682600,0.075000,0.592956,32,
2848,53.000000,50.914340,-0.001784,0.659835,53,
2849,12.000000,47.022906,-0.073274,0.592983,12,
2850,147.000000,57.020616,-0.000978,0.643378,147,156.000000
2851,24.000000,53.718554,-0.058400,0.634195,24,
2852,16.000000,49.946699,0.118777,0.618261,16,
2853,16.000000,46.552029,0.111404,0.566788,16,
2854,25.000000,44.396826,0.011832,0.587493,25,
2855,21.000000,42.057143,-0.004738,0.632306,21,
2856,104.000000,48.251429,-0.020596,0.676639,104,
2857,80.000000,51.426286,0.078709,0.609036,80,
2858,73.000000,53.583657,-0.018076,0.656063,73,
2859,43.000000,52.525292,0.000039,0.569519,43,
2860,17.000000,48.972763,-0.014304,0.627279,17,152.000000
2861,185.000000,62.575486,0.018247,0.629772,185,
2862,150.000000,71.317938,-0.035740,0.652354,150,
2863,14.000000,65.586144,0.054899,0.594301,14,
2864,33.000000,62.327529,0.006498,0.648996,33,
2865,150.000000,71.094777,-0.024718,0.636738,150,
2866,52.000000,69.185299,0.014796,0.660843,52,
2867,109.000000,73.166769,-0.041919,0.664967,109,
2868,20.000000,67.850092,-0.050202,0.607598,20,
2869,53.000000,66.365083,-0.042743,0.658072,53,
2870,14.000000,61.128575,0.161962,0.587900,14,164.000000
2871,24.000000,57.415717,0.017803,0.623689,24,
2872,178.000000,69.474145,-0.008954,0.643792,178,
2873,28.000000,65.326731,-0.086210,0.646068,28,
2874,81.000000,66.894058,-0.011507,0.631624,81,
2875,74.000000,67.604652,0.014878,0.637980,74,
2876,80.000000,68.844187,-0.024511,0.641736,80,
2877,132.000000,75.159768,-0.008381,0.654222,132,
2878,38.000000,71.443791,0.028928,0.650401,38,
2879,26.000000,66.899412,-0.060261,0.606641,26,
2880,46.000000,64.809471,-0.021839,0.636226,46,192.000000
2881,63.000000,64.628524,-0.021510,0.624712,63,
2882,94.000000,67.565671,-0.033411,0.652628,94,
2883,44.000000,65.209104,-0.029331,0.631929,44,
2884,71.000000,65.788194,0.029650,0.630934,71,
2885,41.000000,63.309375,-0.018552,0.651928,41,
2886,97.000000,66.678437,-0.018574,0.653369,97,
2887,16.000000,61.610593,-0.026273,0.561675,16,
2888,131.000000,68.549534,0.000369,0.658453,131,
2889,77.000000,69.394581,-0.024958,0.637978,77,
2890,13.000000,63.755123,0.222553,0.537718,13,214.000000
2891,34.000000,60.779610,0.027924,0.623504,34,
2892,103.000000,65.001649,-0.003349,0.661962,103,
2893,40.000000,62.501484,-0.106054,0.604871,40,
2894,99.000000,66.151336,-0.044672,0.634605,99,
2895,89.000000,68.436202,-0.042406,0.650955,89,
2896,15.000000,63.092582,0.035684,0.566866,15,
2897,42.000000,60.983324,0.003885,0.634110,42,
2898,82.000000,63.084991,-0.045036,0.652987,82,
2899,19.000000,58.676492,0.000984,0.587116,19,
2900,33.000000,56.108843,-0.009305,0.631199,33,302.000000
2901,162.000000,66.697959,-0.028408,0.651259,162,
2902,16.000000,61.628163,0.082581,0.566353,16,
2903,47.000000,60.165347,-0.001383,0.641430,47,
2904,94.000000,63.548812,-0.021700,0.664696,94,
2905,111.000000,68.293931,-0.011380,0.637010,111,
2906,107.000000,72.164538,-0.055880,0.622407,107,
2907,149.000000,79.848084,-0.001387,0.648881,149,
2908,30.000000,74.863276,-0.056294,0.587307,30,
2909,29.000000,70.276948,0.015205,0.611425,29,
2910,40.000000,67.249253,0.003337,0.617605,40,344.000000
2911,118.000000,72.324328,0.008566,0.653809,118,
2912,45.000000,69.591895,-0.026113,0.622999,45,
2913,20.000000,64.632706,0.099943,0.594101,20,
2914,34.000000,61.569435,-0.060973,0.608539,34,
2915,116.000000,67.012492,0.005186,0.651118,116,
2916,120.000000,72.311242,-0.004278,0.660684,120,
2917,165.000000,81.580118,-0.010431,0.655134,165,
2918,17.000000,75.122106,0.019879,0.562810,17,
2919,35.000000,71.109896,-0.021225,0.603409,35,
2920,150.000000,78.998906,-0.011109,0.656295,150,266.000000
2921,130.000000,84.099016,-0.024394,0.646762,130,
2922,106.000000,86.289114,-0.000832,0.657794,106,
2923,48.000000,82.460203,0.018234,0.650936,48,
2924,43.000000,78.514182,-0.024177,0.649412,43,
2925,191.000000,89.762764,-0.042761,0.644686,191,
2926,288.000000,109.586488,-0.020738,0.663016,288,
2927,25.000000,101.127839,-0.061505,0.615984,25,
2928,104.000000,101.415055,0.016730,0.639426,104,
2929,26.000000,93.873550,0.020691,0.597894,26,
2930,39.000000,88.386195,-0.036759,0.613684,39,500.000000
2931,15.000000,81.047575,0.111590,0.584892,15,
2932,72.000000,80.142818,-0.027834,0.649384,72,
2933,91.000000,81.228536,-0.006547,0.663178,91,
2934,72.000000,80.305682,-0.015213,0.628369,72,
2935,79.000000,80.175114,0.006204,0.665339,79,
2936,186.000000,90.757603,-0.017557,0.646252,186,
2937,127.000000,94.381842,-0.023801,0.636201,127,
2938,35.000000,88.443658,-0.014322,0.632096,35,
2939,56.000000,85.199292,-0.052870,0.642227,56,
2940,22.000000,78.879363,-0.084894,0.605151,22,417.000000
2941,56.000000,76.591427,-0.030618,0.646703,56,
2942,29.000000,71.832284,-0.001492,0.633406,29,
2943,20.000000,66.649056,0.065408,0.581220,20,
2944,207.000000,80.684150,0.000942,0.667364,207,
2945,22.000000,74.815735,-0.069079,0.609365,22,
2946,21.000000,69.434162,-0.054940,0.594282,21,
2947,123.000000,74.790745,-0.042396,0.637479,123,
2948,65.000000,73.811671,-0.018211,0.632327,65,
2949,95.000000,75.930504,-0.009958,0.637935,95,
2950,81.000000,76.437453,-0.032377,0.654166,81,251.000000
2951,15.000000,70.293708,0.131771,0.583346,15,
2952,81.000000,71.364337,-0.008178,0.656633,81,
2953,73.000000,71.527904,-0.047643,0.633750,73,
2954,34.000000,67.775113,0.072698,0.598185,34,
2955,100.000000,70.997602,-0.008672,0.632331,100,
2956,70.000000,70.897842,-0.015083,0.657280,70,
2957,75.000000,71.308058,-0.099617,0.621191,75,
2958,60.000000,70.177252,0.013501,0.659042,60,
2959,199.000000,83.059527,-0.004484,0.674372,199,
2960,20.000000,76.753574,0.008813,0.610477,20,154.000000
2961,88.000000,77.878217,-0.015376,0.655601,88,
2962,114.000000,81.490395,0.005958,0.630096,114,
2963,138.000000,87.141355,-0.026128,0.655683,138,
2964,58.000000,84.227220,-0.023777,0.634299,58,
2965,53.000000,81.104498,0.043796,0.618047,53,
2966,26.000000,75.594048,0.026238,0.590581,26,
2967,12.000000,69.234643,0.070940,0.589403,12,
2968,19.000000,64.211179,0.107513,0.605927,19,
2969,32.000000,60.990061,-0.010449,0.642846,32,
2970,71.000000,61.991055,-0.027860,0.667749,71,152.000000
2971,66.000000,62.391949,-0.034129,0.625119,66,
2972,57.000000,61.852755,-0.035914,0.609913,57,
2973,77.000000,63.367479,0.015784,0.640025,77,
2974,58.000000,62.830731,-0.000739,0.663122,58,
2975,190.000000,75.547658,-0.006996,0.656037,190,
2976,166.000000,84.592892,-0.014295,0.661549,166,
2977,117.000000,87.833603,0.003850,0.638568,117,
2978,155.000000,94.550243,0.022523,0.626548,155,
2979,57.000000,90.795218,-0.023245,0.653821,57,
2980,58.000000,87.515697,0.001239,0.651007,58,192.000000
2981,93.000000,88.064127,-0.034392,0.637447,93,
2982,56.000000,84.857714,-0.006084,0.638516,56,
2983,54.000000,81.771943,-0.019935,0.624773,54,
2984,13.000000,74.894749,0.199445,0.562177,13,
2985,40.000000,71.405274,0.017586,0.633717,40,
2986,42.000000,68.464746,-0.030982,0.602762,42,
2987,218.000000,83.418272,-0.006538,0.656279,218,
2988,73.000000,82.376445,-0.008047,0.639160,73,
2989,15.000000,75.638800,0.126873,0.556342,15,
2990,93.000000,77.374920,-0.010197,0.640423,93,243.000000
2991,48.000000,74.437428,-0.030307,0.635973,48,
2992,64.000000,73.393685,-0.007722,0.646213,64,
2993,104.000000,76.454317,-0.031643,0.635954,104,
2994,111.000000,79.908885,0.017680,0.620768,111,
2995,179.000000,89.817997,-0.013083,0.645384,179,
2996,92.000000,90.036197,0.000872,0.642652,92,
2997,99.000000,90.932577,-0.018853,0.662676,99,
2998,90.000000,90.839319,-0.012368,0.657099,90,
2999,93.000000,91.055388,-0.021200,0.639033,93,
3000,18.000000,83.749849,0.016276,0.567917,18,500.000000
3001,13.000000,76.674864,0.204169,0.549142,13,
3002,17.000000,70.707378,0.136050,0.583731,17,
3003,56.000000,69.236640,-0.009367,0.626101,56,
3004,127.000000,75.012976,0.005025,0.649655,127,
3005,19.000000,69.411678,-0.002571,0.590421,19,
3006,99.000000,72.370510,0.009741,0.625284,99,
3007,35.000000,68.633459,-0.000441,0.641459,35,
3008,124.000000,74.170113,-0.024925,0.642280,124,
3009,23.000000,69.053102,0.027169,0.621286,23,
3010,24.000000,64.547792,-0.035053,0.611709,24,275.000000
3011,20.000000,60.093013,-0.057821,0.598456,20,
3012,81.000000,62.183711,0.015469,0.604381,81,
3013,81.000000,64.065340,-0.057364,0.597565,81,
3014,61.000000,63.758806,-0.002312,0.616708,61,
3015,75.000000,64.882926,0.045184,0.632892,75,
3016,85.000000,66.894633,-0.027737,0.650197,85,
3017,120.000000,72.205170,0.004175,0.662279,120,
3018,43.000000,69.284653,-0.029698,0.638866,43,
3019,141.000000,76.456187,0.001232,0.644341,141,
3020,110.000000,79.810569,0.000012,0.653482,110,487.000000
3021,103.000000,82.129512,-0.013364,0.634492,103,
3022,36.000000,77.516561,-0.028519,0.622711,36,
3023,155.000000,85.264905,-0.000910,0.636399,155,
3024,16.000000,78.338414,0.064261,0.580456,16,
3025,33.000000,73.804573,0.005388,0.605589,33,
3026,200.000000,86.424115,0.005162,0.647890,200,
3027,44.000000,82.181704,0.022466,0.588045,44,
3028,55.000000,79.463534,-0.049355,0.631848,55,
3029,71.000000,78.617180,-0.009708,0.644729,71,
3030,40.000000,74.755462,0.036987,0.627172,40,500.000000
3031,32.000000,70.479916,-0.012754,0.610741,32,
3032,36.000000,67.031924,0.011163,0.631438,36,
3033,21.000000,62.428732,-0.106614,0.589470,21,
3034,133.000000,69.485859,0.000127,0.658795,133,
3035,45.000000,67.037273,-0.000869,0.639201,45,
3036,35.000000,63.833546,-0.126297,0.614125,35,
3037,69.000000,64.350191,-0.001274,0.613878,69,
3038,81.000000,66.015172,-0.074766,0.624153,81,
3039,59.000000,65.313655,0.008895,0.635994,59,
3040,126.000000,71.382289,-0.005352,0.630091,126,213.000000
3041,33.000000,67.544060,-0.082049,0.598763,33,
3042,15.000000,62.289654,-0.066856,0.590060,15,
3043,130.000000,69.060689,-0.024908,0.666477,130,
3044,12.000000,63.354620,-0.197419,0.590387,12,
3045,208.000000,77.819158,-0.014061,0.651368,208,
3046,65.000000,76.537242,0.014297,0.641512,65,
3047,23.000000,71.183518,0.110960,0.590192,23,
3048,25.000000,66.565166,0.064282,0.616074,25,
3049,183.000000,78.208650,-0.004471,0.654826,183,
3050,42.000000,74.587785,0.074135,0.595999,42,166.000000
3051,19.000000,69.029006,-0.274910,0.599747,19,
3052,111.000000,73.226106,0.001985,0.675649,111,
3053,15.000000,67.403495,0.184922,0.540171,15,
3054,97.000000,70.363145,-0.003463,0.656620,97,
3055,25.000000,65.826831,-0.037880,0.603779,25,
3056,100.000000,69.244148,0.004927,0.653157,100,
3057,85.000000,70.819733,-0.021994,0.661445,85,
3058,112.000000,74.937760,-0.053384,0.654124,112,
3059,152.000000,82.643984,-0.023014,0.654941,152,
3060,86.000000,82.979585,-0.030008,0.615914,86,265.000000
3061,52.000000,79.881627,-0.059318,0.649089,52,
3062,25.000000,74.393464,0.065444,0.608844,25,
3063,56.000000,72.554118,0.009236,0.651104,56,
3064,266.000000,91.898706,0.030026,0.650498,266,
3065,12.000000,83.908835,0.197842,0.544422,12,
3066,10.000000,76.517952,0.216204,0.534986,10,
3067,66.000000,75.466157,0.002848,0.624553,66,
3068,38.000000,71.719541,0.017766,0.624774,38,
3069,100.000000,74.547587,-0.025066,0.651008,100,
3070,37.000000,70.792828,-0.064718,0.637091,37,268.000000
3071,91.000000,72.813545,0.017849,0.651804,91,
3072,38.000000,69.332191,-0.178478,0.640091,38,
3073,14.000000,63.798972,-0.087422,0.548960,14,
3074,86.000000,66.019075,-0.047777,0.630747,86,
3075,41.000000,63.517167,0.013682,0.628273,41,
3076,107.000000,67.865450,-0.017611,0.651723,107,
3077,33.000000,64.378905,-0.075581,0.608750,33,
3078,64.000000,64.341015,0.045237,0.627350,64,
3079,14.000000,59.306913,0.000805,0.593146,14,
3080,54.000000,58.776222,-0.031497,0.659864,54,183.000000
3081,68.000000,59.698600,0.004363,0.619892,68,
3082,35.000000,57.228740,-0.078808,0.612163,35,
3083,13.000000,52.805866,0.073393,0.592366,13,
3084,34.000000,50.925279,-0.093199,0.606200,34,
3085,34.000000,49.232751,0.090204,0.606688,34,
3086,27.000000,47.009476,0.055172,0.632245,27,
3087,146.000000,56.908529,-0.013397,0.677518,146,
3088,58.000000,57.017676,-0.020655,0.664125,58,
3089,144.000000,65.715908,0.004937,0.636146,144,
3090,133.000000,72.444317,-0.028358,0.632332,133,167.000000
3091,76.000000,72.799886,-0.029077,0.630307,76,
3092,62.000000,71.719897,-0.064738,0.622863,62,
3093,24.000000,66.947907,0.026240,0.623202,24,
3094,80.000000,68.253117,-0.050535,0.620203,80,
3095,84.000000,69.827805,-0.076075,0.647013,84,
3096,166.000000,79.445024,-0.008882,0.646628,166,
3097,41.000000,75.600522,-0.039697,0.651815,41,
3098,21.000000,70.140470,0.144739,0.609342,21,
3099,40.000000,67.126423,0.009521,0.588372,40,
3100,121.000000,72.513781,-0.024385,0.658486,121,172.000000
3101,112.000000,76.462402,-0.015022,0.644191,112,
3102,171.000000,85.916162,0.032534,0.630140,171,
3103,140.000000,91.324546,-0.024427,0.668390,140,
3104,80.000000,90.192091,0.015220,0.642451,80,
3105,94.000000,90.572882,-0.009007,0.661522,94,
3106,190.000000,100.515594,-0.044604,0.656583,190,
3107,113.000000,101.764035,0.003735,0.637649,113,
3108,42.000000,95.787631,-0.062420,0.604047,42,
3109,198.000000,106.008868,-0.002153,0.647824,198,
3110,268.000000,122.207981,0.005863,0.644075,268,178.000000
3111,21.000000,112.087183,-0.033547,0.608730,21,
3112,67.000000,107.578465,0.038452,0.605777,67,
3113,49.000000,101.720618,-0.070828,0.633418,49,
3114,35.000000,95.048557,-0.049874,0.644610,35,
3115,65.000000,92.043701,-0.033096,0.648438,65,
3116,45.000000,87.339331,0.019491,0.647177,45,
3117,50.000000,83.605398,-0.033869,0.612237,50,
3118,22.000000,77.444858,0.066750,0.585670,22,
3119,119.000000,81.600372,0.031242,0.624847,119,
3120,143.000000,87.740335,-0.007125,0.666452,143,233.000000
3121,111.000000,90.066301,-0.009440,0.650323,111,
3122,45.000000,85.559671,-0.031739,0.632667,45,
3123,126.000000,89.603704,-0.017116,0.669335,126,
3124,23.000000,82.943334,0.035240,0.585019,23,
3125,42.000000,78.849000,-0.060012,0.631343,42,
3126,129.000000,83.864100,0.006037,0.650736,129,
3127,103.000000,85.777690,0.020551,0.638439,103,
3128,87.000000,85.899921,-0.033167,0.644302,87,
3129,49.000000,82.209929,-0.006018,0.639411,49,
3130,109.000000,84.888936,0.020041,0.603313,109,251.000000
3131,125.000000,88.900043,-0.034761,0.618608,125,
3132,58.000000,85.810038,-0.058269,0.639471,58,
3133,26.000000,79.829035,0.005196,0.601071,26,
3134,127.000000,84.546131,-0.024834,0.658715,127,
3135,91.000000,85.191518,-0.028163,0.627563,91,
3136,51.000000,81.772366,-0.044090,0.604352,51,
3137,108.000000,84.395130,-0.023127,0.664061,108,
3138,100.000000,85.955617,0.001553,0.672091,100,
3139,44.000000,81.760055,0.029051,0.641219,44,
3140,112.000000,84.784049,-0.005770,0.649253,112,188.000000
3141,90.000000,85.305644,-0.003977,0.647162,90,
3142,97.000000,86.475080,0.005131,0.638650,97,
3143,63.000000,84.127572,0.035716,0.622121,63,
3144,129.000000,88.614815,-0.018899,0.668171,129,
3145,87.000000,88.453333,-0.018021,0.642399,87,
3146,86.000000,88.208000,-0.039474,0.653224,86,
3147,83.000000,87.687200,-0.005384,0.664122,83,
3148,122.000000,91.118480,-0.018091,0.666716,122,
3149,109.000000,92.906632,-0.020217,0.635206,109,
3150,35.000000,87.115969,0.048069,0.642909,35,184.000000
3151,112.000000,89.604372,-0.019396,0.662274,112,
3152,73.000000,87.943935,0.011501,0.609098,73,
3153,31.000000,82.249541,-0.128046,0.607731,31,
3154,48.000000,78.824587,0.022176,0.614025,48,
3155,54.000000,76.342128,-0.086965,0.637373,54,
3156,33.000000,72.007916,0.028409,0.627579,33,
3157,74.000000,72.207124,-0.023975,0.646770,74,
3158,27.000000,67.686412,0.015795,0.629415,27,
3159,19.000000,62.817770,0.017640,0.588375,19,
3160,51.000000,61.635993,-0.064445,0.642301,51,196.000000
3161,16.000000,57.072394,-0.269131,0.554768,16,
3162,97.000000,61.065155,-0.007677,0.660391,97,
3163,91.000000,64.058639,-0.028954,0.644217,91,
3164,126.000000,70.252775,0.004795,0.673373,126,
3165,78.000000,71.027498,-0.038373,0.653384,78,
3166,19.000000,65.824748,-0.120528,0.574334,19,
3167,66.000000,65.842273,0.033628,0.627536,66,
3168,54.000000,64.658046,-0.032750,0.633351,54,
3169,44.000000,62.592241,0.017344,0.649885,44,
3170,73.000000,63.633017,-0.040058,0.655627,73,190.000000
3171,42.000000,61.469715,-0.017663,0.634153,42,
3172,35.000000,58.822744,0.002476,0.608502,35,
3173,88.000000,61.740469,-0.049707,0.653195,88,
3174,98.000000,65.366423,-0.019897,0.663151,98,
3175,52.000000,64.029780,0.013428,0.627596,52,
3176,102.000000,67.826802,0.022787,0.633010,102,
3177,143.000000,75.344122,0.006574,0.667554,143,
3178,15.000000,69.309710,-0.003123,0.571250,15,
3179,117.000000,74.078739,0.015231,0.654128,117,
3180,48.000000,71.470865,0.019356,0.638103,48,204.000000
3181,28.000000,67.123778,-0.031680,0.593678,28,
3182,25.000000,62.911401,-0.038853,0.604171,25,
3183,73.000000,63.920261,-0.037833,0.640435,73,
3184,25.000000,60.028235,0.042067,0.599650,25,
3185,65.000000,60.525411,-0.023955,0.644958,65,
3186,51.000000,59.572870,-0.012316,0.609730,51,
3187,55.000000,59.115583,0.003783,0.632394,55,
3188,24.000000,55.604025,-0.035566,0.591633,24,
3189,131.000000,63.143622,-0.001927,0.635234,131,
3190,161.000000,72.929260,-0.018975,0.673597,161,279.000000
3191,114.000000,77.036334,0.006180,0.670538,114,
3192,18.000000,71.132701,0.000162,0.590539,18,
3193,24.000000,66.419431,0.046252,0.585638,24,
3194,26.000000,62.377487,-0.050678,0.627159,26,
3195,36.000000,59.739739,-0.008108,0.597659,36,
3196,85.000000,62.265765,0.012442,0.637567,85,
3197,128.000000,68.839188,-0.008576,0.650650,128,
3198,34.000000,65.355270,-0.014512,0.634300,34,
3199,12.000000,60.019743,0.089944,0.569613,12,
3200,116.000000,65.617768,-0.023902,0.626101,116,357.000000
3201,94.000000,68.455991,-0.029741,0.652031,94,
3202,41.000000,65.710392,-0.095430,0.623822,41,
3203,38.000000,62.939353,-0.008554,0.628472,38,
3204,78.000000,64.445418,-0.027514,0.617613,78,
3205,19.000000,59.900876,0.065139,0.607815,19,
3206,40.000000,57.910788,-0.032523,0.625646,40,
3207,49.000000,57.019710,-0.015631,0.594374,49,
3208,29.000000,54.217739,-0.035615,0.618892,29,
3209,108.000000,59.595965,0.001617,0.633312,108,
3210,147.000000,68.336368,-0.007868,0.642875,147,183.000000
3211,18.000000,63.302731,0.032453,0.564280,18,
3212,76.000000,64.572458,-0.022115,0.645478,76,
3213,22.000000,60.315212,-0.074200,0.613309,22,
3214,23.000000,56.583691,-0.142287,0.617037,23,
3215,52.000000,56.125322,-0.025281,0.635335,52,
3216,75.000000,58.012790,-0.040013,0.646338,75,
3217,163.000000,68.511511,0.000189,0.659017,163,
3218,26.000000,64.260360,0.052267,0.614058,26,
3219,46.000000,62.434324,-0.036478,0.615218,46,
3220,52.000000,61.390891,-0.035089,0.648818,52,341.000000
3221,68.000000,62.051802,-0.041386,0.647005,68,
3222,87.000000,64.546622,-0.030116,0.608125,87,
3223,90.000000,67.091960,-0.004963,0.667100,90,
3224,40.000000,64.382764,0.010262,0.616622,40,
3225,73.000000,65.244487,-0.040487,0.653009,73,
3226,15.000000,60.220039,-0.067403,0.591996,15,
3227,87.000000,62.898035,0.013937,0.660778,87,
3228,43.000000,60.908231,-0.026587,0.634392,43,
3229,116.000000,66.417408,-0.006418,0.663754,116,
3230,43.000000,64.075667,-0.040768,0.637070,43,440.000000
3231,81.000000,65.768101,0.047832,0.636545,81,
3232,11.000000,60.291291,-0.171096,0.554091,11,
3233,138.000000,68.062162,-0.009071,0.654638,138,
3234,125.000000,73.755945,-0.023681,0.646878,125,
3235,164.000000,82.780351,0.001745,0.649298,164,
3236,63.000000,80.802316,0.014996,0.643339,63,
3237,63.000000,79.022084,0.008146,0.643449,63,
3238,51.000000,76.219876,-0.037404,0.648084,51,
3239,188.000000,87.397888,-0.043109,0.628204,188,
3240,150.000000,93.658099,-0.007772,0.667517,150,500.000000
3241,85.000000,92.792289,-0.022529,0.642549,85,
3242,123.000000,95.813060,-0.010100,0.643290,123,
3243,20.000000,88.231754,0.037531,0.591062,20,
3244,25.000000,81.908579,0.113113,0.569811,25,
3245,21.000000,75.817721,-0.172488,0.553721,21,
3246,109.000000,79.135949,-0.012216,0.649611,109,
3247,47.000000,75.922354,0.016502,0.601017,47,
3248,100.000000,78.330119,-0.007681,0.655491,100,
3249,32.000000,73.697107,0.014442,0.603484,32,
3250,53.000000,71.627396,-0.027768,0.637723,53,500.000000
3251,77.000000,72.164657,-0.048784,0.640420,77,
3252,80.000000,72.948191,0.003172,0.649316,80,
3253,81.000000,73.753372,-0.011249,0.636171,81,
3254,38.000000,70.178035,0.021057,0.594077,38,
3255,24.000000,65.560231,0.028400,0.602976,24,
3256,17.000000,60.704208,0.054507,0.566945,17,
3257,104.000000,65.033787,-0.020086,0.622893,104,
3258,30.000000,61.530409,-0.023346,0.585479,30,
3259,47.000000,60.077368,-0.031578,0.623127,47,
3260,58.000000,59.869631,0.027274,0.615795,58,206.000000
3261,52.000000,59.082668,-0.045478,0.634862,52,
3262,45.000000,57.674401,-0.099570,0.630084,45,
3263,16.000000,53.506961,-0.040636,0.582664,16,
3264,43.000000,52.456265,-0.105128,0.621993,43,
3265,57.000000,52.910638,-0.037204,0.610281,57,
3266,89.000000,56.519575,0.030937,0.640601,89,
3267,194.000000,70.267617,-0.010954,0.635723,194,
3268,25.000000,65.740855,-0.032470,0.633647,25,
3269,29.000000,62.066770,0.047606,0.600306,29,
3270,90.000000,64.860093,-0.021008,0.637169,90,169.000000
3271,98.000000,68.174084,0.008819,0.655465,98,
3272,125.000000,73.856675,-0.029094,0.678412,125,
3273,79.000000,74.371008,0.009252,0.632676,79,
3274,101.000000,77.033907,-0.015707,0.623590,101,
3275,59.000000,75.230516,-0.017697,0.655351,59,
3276,23.000000,70.007465,0.028515,0.593386,23,
3277,84.000000,71.406718,-0.058576,0.618579,84,
3278,30.000000,67.266046,0.011944,0.624221,30,
3279,21.000000,62.639442,-0.074668,0.614693,21,
3280,53.000000,61.675498,-0.022241,0.656451,53,185.000000
3281,81.000000,63.607948,-0.073421,0.642497,81,
3282,131.000000,70.347153,0.008605,0.641564,131,
3283,57.000000,69.012438,0.028393,0.611589,57,
3284,64.000000,68.511194,0.003058,0.630269,64,
3285,126.000000,74.260075,-0.019553,0.650552,126,
3286,63.000000,73.134067,-0.052159,0.640623,63,
3287,67.000000,72.520660,-0.008640,0.654822,67,
3288,62.000000,71.468594,-0.072785,0.632212,62,
3289,51.000000,69.421735,0.010202,0.633213,51,
3290,24.000000,64.879561,-0.071621,0.563063,24,250.000000
3291,25.000000,60.891605,-0.025381,0.623962,25,
3292,47.000000,59.502445,0.062563,0.630515,47,
3293,11.000000,54.652200,0.202582,0.537949,11,
3294,89.000000,58.086980,-0.023448,0.645667,89,
3295,75.000000,59.778282,-0.009326,0.649870,75,
3296,127.000000,66.500454,-0.000861,0.655973,127,
3297,30.000000,62.850409,0.012648,0.612384,30,
3298,28.000000,59.365368,-0.031855,0.610645,28,
3299,76.000000,61.028831,0.019618,0.641290,76,
3300,90.000000,63.925948,-0.079532,0.643071,90,307.000000
3301,16.000000,59.133353,-0.181355,0.599531,16,
3302,41.000000,57.320018,0.043284,0.637598,41,
3303,28.000000,54.388016,0.029620,0.604907,28,
3304,106.000000,59.549214,0.005416,0.659166,106,
3305,30.000000,56.594293,-0.033087,0.621736,30,
3306,83.000000,59.234864,-0.024687,0.641985,83,
3307,37.000000,57.011377,-0.031538,0.630238,37,
3308,28.000000,54.110240,-0.074029,0.627147,28,
3309,95.000000,58.199216,-0.038257,0.644226,95,
3310,116.000000,63.979294,-0.031065,0.649700,116,405.000000
3311,98.000000,67.381365,-0.023494,0.665134,98,
3312,45.000000,65.143228,0.012672,0.641901,45,
3313,31.000000,61.728905,-0.025703,0.603535,31,
3314,30.000000,58.556015,0.031103,0.607461,30,
3315,170.000000,69.700413,-0.011466,0.665563,170,
3316,56.000000,68.330372,0.030523,0.639143,56,
3317,39.000000,65.397335,0.082486,0.621796,39,
3318,86.000000,67.457601,0.038366,0.639348,86,
3319,94.000000,70.111841,-0.041901,0.657095,94,
3320,54.000000,68.500657,-0.019721,0.638738,54,500.000000
3321,19.000000,63.550591,0.084611,0.583022,19,
3322,149.000000,72.095532,-0.010436,0.635329,149,
3323,129.000000,77.785979,-0.008479,0.655032,129,
3324,49.000000,74.907381,-0.021644,0.633315,49,
3325,113.000000,78.716643,-0.012273,0.641479,113,
3326,234.000000,94.244979,-0.008586,0.650050,234,
3327,129.000000,97.720481,0.018864,0.643809,129,
3328,113.000000,99.248433,-0.010345,0.669140,113,
3329,98.000000,99.123589,0.001454,0.662872,98,
3330,53.000000,94.511231,-0.029894,0.635156,53,500.000000
3331,45.000000,89.560107,0.044052,0.610898,45,
3332,14.000000,82.004097,0.100237,0.549658,14,
3333,121.000000,85.903687,-0.006624,0.626035,121,
3334,59.000000,83.213318,-0.047101,0.630368,59,
3335,58.000000,80.691987,0.049952,0.633995,58,
3336,160.000000,88.622788,-0.010781,0.645432,160,
3337,122.000000,91.960509,-0.032270,0.619019,122,
3338,41.000000,86.864458,-0.109363,0.625173,41,
3339,73.000000,85.478012,-0.056047,0.624566,73,
3340,64.000000,83.330211,-0.001829,0.643761,64,207.000000
3341,84.000000,83.397190,-0.066731,0.624439,84,
3342,79.000000,82.957471,-0.008263,0.636253,79,
3343,63.000000,80.961724,0.017652,0.634962,63,
3344,131.000000,85.965552,-0.013781,0.658388,131,
3345,98.000000,87.168996,-0.027208,0.651640,98,
3346,69.000000,85.352097,-0.020688,0.646227,69,
3347,14.000000,78.216887,0.028462,0.544932,14,
3348,17.000000,72.095198,0.077841,0.569943,17,
3349,15.000000,66.385679,-0.061570,0.576828,15,
3350,104.000000,70.147111,-0.003569,0.665213,104,294.000000
3351,20.000000,65.132400,0.065223,0.591411,20,
3352,31.000000,61.719160,0.010466,0.613099,31,
3353,71.000000,62.647244,0.016784,0.605826,71,
3354,68.000000,63.182519,-0.045194,0.623702,68,
3355,223.000000,79.164267,-0.018875,0.635838,223,
3356,86.000000,79.847841,-0.020568,0.650080,86,
3357,21.000000,73.963057,-0.059683,0.604785,21,
3358,32.000000,69.766751,-0.052704,0.630695,32,
3359,14.000000,64.190076,0.089769,0.580621,14,
3360,63.000000,64.071068,0.001238,0.649918,63,215.000000
3361,53.000000,62.963961,0.004219,0.629571,53,
3362,27.000000,59.367565,-0.351442,0.634368,27,
3363,68.000000,60.230809,0.005978,0.648755,68,
3364,86.000000,62.807728,0.022696,0.635788,86,
3365,11.000000,57.626955,0.404050,0.494508,11,
3366,19.000000,53.764260,0.117913,0.596321,19,
3367,18.000000,50.187834,0.052445,0.598195,18,
3368,56.000000,50.769050,-0.012824,0.645581,56,
3369,33.000000,48.992145,-0.020231,0.634974,33,
3370,77.000000,51.792931,-0.001984,0.662103,77,192.000000
3371,39.000000,50.513638,-0.031103,0.641713,39,
3372,89.000000,54.362274,-0.003216,0.644108,89,
3373,88.000000,57.726046,-0.056316,0.618309,88,
3374,63.000000,58.253442,-0.006549,0.647680,63,
3375,49.000000,57.328098,-0.046625,0.636105,49,
3376,55.000000,57.095288,-0.018763,0.644685,55,
3377,113.000000,62.685759,-0.035116,0.653677,113,
3378,32.000000,59.617183,-0.056686,0.608894,32,
3379,161.000000,69.755465,0.006322,0.660687,161,
3380,61.000000,68.879918,-0.006481,0.662630,61,182.000000
3381,57.000000,67.691927,-0.015756,0.639305,57,
3382,65.000000,67.422734,-0.018087,0.650005,65,
3383,73.000000,67.980461,-0.007463,0.638221,73,
3384,70.000000,68.182414,-0.013717,0.669286,70,
3385,56.000000,66.964173,-0.052266,0.656917,56,
3386,35.000000,63.767756,-0.003928,0.630759,35,
3387,89.000000,66.290980,0.013459,0.640969,89,
3388,92.000000,68.861882,0.004894,0.675695,92,
3389,72.000000,69.175694,0.004136,0.665463,72,
3390,86.000000,70.858125,-0.020051,0.639061,86,203.000000
3391,82.000000,71.972312,0.001513,0.645987,82,
3392,73.000000,72.075081,-0.012844,0.634143,73,
3393,67.000000,71.567573,-0.090129,0.647246,67,
3394,62.000000,70.610815,-0.065500,0.616420,62,
3395,53.000000,68.849734,-0.025792,0.661544,53,
3396,33.000000,65.264761,0.015011,0.616623,33,
3397,37.000000,62.438284,-0.007424,0.618989,37,
3398,103.000000,66.494456,0.020690,0.641426,103,
3399,68.000000,66.645010,-0.082271,0.615579,68,
3400,62.000000,66.180509,-0.013016,0.617951,62,209.000000
3401,68.000000,66.362458,-0.071488,0.641477,68,
3402,55.000000,65.226213,-0.001524,0.635565,55,
3403,23.000000,61.003591,0.016611,0.615920,23,
3404,114.000000,66.303232,-0.036318,0.627693,114,
3405,54.000000,65.072909,-0.012189,0.641043,54,
3406,23.000000,60.865618,0.034029,0.610862,23,
3407,21.000000,56.879056,0.065353,0.601937,21,
3408,52.000000,56.391151,0.002168,0.655290,52,
3409,124.000000,63.152036,-0.012039,0.664275,124,
3410,43.000000,61.136832,-0.025953,0.639692,43,207.000000
3411,16.000000,56.623149,0.033814,0.586704,16,
3412,85.000000,59.460834,-0.002884,0.666277,85,
3413,56.000000,59.114751,-0.000947,0.614761,56,
3414,20.000000,55.203275,-0.180469,0.600433,20,
3415,132.000000,62.882948,-0.035448,0.652521,132,
3416,60.000000,62.594653,-0.059903,0.621599,60,
3417,28.000000,59.135188,-0.042055,0.611381,28,
3418,29.000000,56.121669,-0.027038,0.629314,29,
3419,48.000000,55.309502,0.076228,0.615690,48,
3420,10.000000,50.778552,0.240887,0.488732,10,241.000000
3421,20.000000,47.700697,0.056786,0.613578,20,
3422,33.000000,46.230627,-0.050348,0.639473,33,
3423,37.000000,45.307564,0.029864,0.626693,37,
3424,36.000000,44.376808,0.028782,0.586806,36,
3425,192.000000,59.139127,-0.009973,0.652925,192,
3426,172.000000,70.425214,-0.018629,0.644791,172,
3427,105.000000,73.882693,-0.002318,0.663807,105,
3428,52.000000,71.694424,0.015977,0.612507,52,
3429,39.000000,68.424981,-0.080930,0.595739,39,
3430,50.000000,66.582483,-0.006102,0.629720,50,407.000000
3431,42.000000,64.124235,-0.114528,0.602954,42,
3432,74.000000,65.111811,-0.022304,0.655822,74,
3433,31.000000,61.700630,-0.051176,0.614239,31,
3434,58.000000,61.330567,-0.048458,0.643318,58,
3435,28.000000,57.997510,0.024965,0.585068,28,
3436,86.000000,60.797759,-0.033775,0.639320,86,
3437,91.000000,63.817983,-0.027791,0.657601,91,
3438,81.000000,65.536185,-0.062808,0.628882,81,
3439,291.000000,88.082567,-0.012254,0.664641,291,
3440,28.000000,82.074310,-0.094268,0.612902,28,500.000000
3441,112.000000,85.066879,-0.085229,0.615263,112,
3442,49.000000,81.460191,-0.024568,0.640882,49,
3443,18.000000,75.114172,-0.022467,0.567252,18,
3444,129.000000,80.502755,0.000555,0.654823,129,
3445,34.000000,75.852479,-0.135531,0.625415,34,
3446,32.000000,71.467231,-0.037857,0.609589,32,
3447,28.000000,67.120508,-0.027502,0.609308,28,
3448,156.000000,76.008457,0.004048,0.672202,156,
3449,20.000000,70.407612,-0.008949,0.603388,20,
3450,48.000000,68.166850,0.011665,0.645591,48,261.000000
3451,17.000000,63.050165,-0.105645,0.594875,17,
3452,17.000000,58.445149,0.052003,0.590654,17,
3453,159.000000,68.500634,-0.008424,0.660669,159,
3454,18.000000,63.450571,-0.008802,0.590022,18,
3455,86.000000,65.705514,-0.006674,0.661302,86,
3456,49.000000,64.034962,-0.005322,0.625521,49,
3457,87.000000,66.331466,-0.017213,0.653295,87,
3458,16.000000,61.298319,0.071162,0.573237,16,
3459,57.000000,60.868487,-0.024024,0.627908,57,
3460,105.000000,65.281639,-0.027790,0.642101,105,500.000000
3461,93.000000,68.053475,-0.027129,0.666153,93,
3462,173.000000,78.548127,-0.014383,0.674740,173,
3463,54.000000,76.093315,-0.035962,0.638146,54,
3464,40.000000,72.483983,-0.004877,0.632704,40,
3465,53.000000,70.535585,-0.021709,0.610263,53,
3466,126.000000,76.082026,-0.009742,0.659719,126,
3467,35.000000,71.973824,-0.013459,0.610043,35,
3468,24.000000,67.176441,0.007224,0.572730,24,
3469,35.000000,63.958797,0.009160,0.611986,35,
3470,76.000000,65.162917,-0.074212,0.649639,76,500.000000
3471,63.000000,64.946626,-0.010246,0.627097,63,
3472,105.000000,68.951963,-0.015055,0.668070,105,
3473,37.000000,65.756767,-0.034403,0.628857,37,
3474,110.000000,70.181090,-0.009166,0.663017,110,
3475,155.000000,78.662981,-0.011076,0.645846,155,
3476,138.000000,84.596683,-0.006186,0.650203,138,
3477,53.000000,81.437015,-0.007443,0.616093,53,
3478,86.000000,81.893313,-0.032627,0.661064,86,
3479,27.000000,76.403982,0.057700,0.598896,27,
3480,14.000000,70.163584,-0.094717,0.571573,14,207.000000
3481,107.000000,73.847225,0.000859,0.665186,107,
3482,114.000000,77.862503,-0.000131,0.671251,114,
3483,42.000000,74.276253,-0.128370,0.609267,42,
3484,25.000000,69.348627,-0.043016,0.592955,25,
3485,109.000000,73.313765,-0.025559,0.641074,109,
3486,71.000000,73.082388,-0.027405,0.625125,71,
3487,18.000000,67.574149,0.140929,0.579280,18,
3488,180.000000,78.816734,-0.002842,0.649648,180,
3489,28.000000,73.735061,-0.073626,0.606542,28,
3490,175.000000,83.861555,-0.022755,0.652821,175,218.000000
3491,48.000000,80.275399,0.009889,0.636744,48,
3492,48.000000,77.047859,0.015648,0.607637,48,
3493,55.000000,74.843073,0.028030,0.653815,55,
3494,146.000000,81.958766,-0.013416,0.651473,146,
3495,35.000000,77.262890,-0.000134,0.635645,35,
3496,87.000000,78.236601,-0.012026,0.643690,87,
3497,100.000000,80.412941,-0.045671,0.662767,100,
3498,12.000000,73.571646,0.157080,0.554405,12,
3499,74.000000,73.614482,-0.016244,0.639381,74,
3500,21.000000,68.353034,-0.035897,0.609816,21,217.000000
3501,18.000000,63.317730,0.079757,0.577985,18,
3502,107.000000,67.685957,0.035540,0.633185,107,
3503,19.000000,62.817362,0.076848,0.567818,19,
3504,111.000000,67.635625,0.005881,0.651555,111,
3505,63.000000,67.172063,0.004514,0.651317,63,
3506,14.000000,61.854857,0.139546,0.569083,14,
3507,28.000000,58.469371,0.031230,0.590928,28,
3508,180.000000,70.622434,-0.001267,0.655400,180,
3509,46.000000,68.160190,0.034286,0.612519,46,
3510,37.000000,65.044171,-0.074379,0.625630,37,205.000000
3511,264.000000,84.939754,-0.009575,0.640359,264,
3512,80.000000,84.445779,0.005701,0.637722,80,
3513,36.000000,79.601201,-0.005769,0.614641,36,
3514,67.000000,78.341081,-0.029595,0.650366,67,
3515,130.000000,83.506973,0.000696,0.657202,130,
3516,20.000000,77.156275,-0.053017,0.597548,20,
3517,68.000000,76.240648,-0.005890,0.658139,68,
3518,15.000000,70.116583,0.176583,0.581493,15,
3519,107.000000,73.804925,-0.005659,0.638756,107,
3520,56.000000,72.024432,-0.065451,0.631557,56,215.000000
3521,82.000000,73.021989,0.004152,0.653095,82,
3522,24.000000,68.119790,-0.060592,0.632020,24,
3523,73.000000,68.607811,0.025144,0.645428,73,
3524,43.000000,66.047030,-0.003801,0.609595,43,
3525,212.000000,80.642327,0.009744,0.645006,212,
3526,24.000000,74.978094,-0.038507,0.616339,24,
3527,45.000000,71.980285,-0.025667,0.648599,45,
3528,179.000000,82.682256,-0.003806,0.665523,179,
3529,13.000000,75.714031,0.093300,0.573662,13,
3530,106.000000,78.742628,-0.031481,0.657802,106,404.000000
3531,21.000000,72.968365,-0.005316,0.601123,21,
3532,52.000000,70.871528,-0.078083,0.624344,52,
3533,154.000000,79.184376,-0.008537,0.654605,154,
3534,68.000000,78.065938,-0.026389,0.638668,68,
3535,184.000000,88.659344,-0.007435,0.647297,184,
3536,42.000000,83.993410,-0.049227,0.645107,42,
3537,26.000000,78.194069,-0.027474,0.617225,26,
3538,33.000000,73.674662,-0.050267,0.625495,33,
3539,185.000000,84.807196,-0.035105,0.641121,185,
3540,40.000000,80.326476,0.009551,0.609613,40,308.000000
3541,96.000000,81.893829,-0.003286,0.646140,96,
3542,76.000000,81.304446,-0.005747,0.638903,76,
3543,95.000000,82.674001,-0.025808,0.619673,95,
3544,31.000000,77.506601,-0.029119,0.629373,31,
3545,97.000000,79.455941,-0.027035,0.661867,97,
3546,105.000000,82.010347,0.010210,0.664315,105,
3547,42.000000,78.009312,-0.008440,0.639360,42,
3548,179.000000,88.108381,0.014025,0.640855,179,
3549,92.000000,88.497543,-0.006756,0.637575,92,
3550,140.000000,93.647789,-0.025109,0.633070,140,297.000000
3551,78.000000,92.083010,-0.061234,0.638810,78,
3552,23.000000,85.174709,0.027747,0.613989,23,
3553,66.000000,83.257238,-0.038397,0.642293,66,
3554,45.000000,79.431514,-0.018709,0.639556,45,
3555,17.000000,73.188363,0.131671,0.572633,17,
3556,64.000000,72.269526,-0.049512,0.637694,64,
3557,39.000000,68.942574,-0.041849,0.642443,39,
3558,18.000000,63.848316,-0.048060,0.589239,18,
3559,73.000000,64.763485,-0.008130,0.626099,73,
3560,97.000000,67.987136,-0.015825,0.660491,97,308.000000
3561,116.000000,72.788423,-0.048275,0.643478,116,
3562,39.000000,69.409580,-0.021187,0.616075,39,
3563,57.000000,68.168622,-0.024925,0.642905,57,
3564,84.000000,69.751760,-0.025984,0.652271,84,
3565,15.000000,64.276584,0.029827,0.580300,15,
3566,124.000000,70.248926,0.046206,0.638713,124,
3567,144.000000,77.624033,0.015419,0.640705,144,
3568,98.000000,79.661630,-0.050341,0.663389,98,
3569,39.000000,75.595467,-0.062105,0.632225,39,
3570,67.000000,74.735920,0.034474,0.650268,67,277.000000
3571,40.000000,71.262328,0.009487,0.586744,40,
3572,78.000000,71.936095,-0.049462,0.664405,78,
3573,19.000000,66.642486,0.023920,0.582182,19,
3574,106.000000,70.578237,0.000239,0.667419,106,
3575,94.000000,72.920413,-0.021953,0.639593,94,
3576,45.000000,70.128372,0.012137,0.629040,45,
3577,35.000000,66.615535,-0.066168,0.621370,35,
3578,21.000000,62.053981,0.006917,0.582955,21,
3579,40.000000,59.848583,-0.042715,0.639811,40,
3580,126.000000,66.463725,-0.020730,0.652156,126,500.000000
3581,29.000000,62.717352,-0.027805,0.630778,29,
3582,141.000000,70.545617,-0.034798,0.654778,141,
3583,45.000000,67.991055,-0.113542,0.620527,45,
3584,45.000000,65.691950,-0.032937,0.623263,45,
3585,134.000000,72.522755,-0.013054,0.660006,134,
3586,121.000000,77.370479,-0.061894,0.644311,121,
3587,199.000000,89.533432,-0.001553,0.661077,199,
3588,78.000000,88.380088,-0.040368,0.631884,78,
3589,46.000000,84.142080,-0.109407,0.638008,46,
3590,20.000000,77.727872,-0.010271,0.599568,20,401.000000
3591,95.000000,79.455084,-0.034368,0.625539,95,
3592,191.000000,90.609576,-0.013901,0.659036,191,
3593,308.000000,112.348618,-0.017352,0.652396,308,
3594,61.000000,107.213757,-0.018913,0.603530,61,
3595,193.000000,115.792381,-0.067298,0.636691,193,
3596,107.000000,114.913143,-0.022886,0.642196,107,
3597,24.000000,105.821829,0.028009,0.604888,24,
3598,41.000000,99.339646,0.010159,0.639683,41,
3599,128.000000,102.205681,-0.030965,0.662246,128,
3600,59.000000,97.885113,0.021560,0.635992,59,500.000000
3601,101.000000,98.196602,-0.038923,0.659772,101,
3602,74.000000,95.776942,-0.002941,0.631554,74,
3603,130.000000,99.199247,-0.011254,0.651379,130,
3604,73.000000,96.579323,-0.034084,0.654188,73,
3605,20.000000,88.921390,0.030190,0.588513,20,
3606,17.000000,81.729251,0.159214,0.572146,17,
3607,73.000000,80.856326,-0.038075,0.645614,73,
3608,115.000000,84.270694,0.004514,0.662934,115,
3609,37.000000,79.543624,0.002875,0.619295,37,
3610,34.000000,74.989262,-0.149058,0.630581,34,365.000000
3611,81.000000,75.590336,0.010407,0.638857,81,
3612,14.000000,69.431302,0.124756,0.577559,14,
3613,93.000000,71.788172,-0.008735,0.658214,93,
3614,82.000000,72.809355,-0.031586,0.649197,82,
3615,149.000000,80.428419,-0.043972,0.620970,149,
3616,171.000000,89.485577,0.006690,0.623521,171,
3617,28.000000,83.337020,-0.092341,0.619599,28,
3618,31.000000,78.103318,0.100357,0.583923,31,
3619,105.000000,80.792986,-0.032074,0.645765,105,
3620,80.000000,80.713687,-0.029663,0.667983,80,192.000000
3621,102.000000,82.842319,0.005157,0.652585,102,
3622,243.000000,98.858087,0.000310,0.661730,243,
3623,46.000000,93.572278,-0.001749,0.635341,46,
3624,116.000000,95.815050,0.002802,0.645811,116,
3625,63.000000,92.533545,-0.031450,0.641526,63,
3626,41.000000,87.380191,0.007835,0.620323,41,
3627,33.000000,81.942172,-0.019972,0.612184,33,
3628,31.000000,76.847954,0.020574,0.631313,31,
3629,18.000000,70.963159,-0.140683,0.589891,18,
3630,33.000000,67.166843,-0.049328,0.622519,33,199.000000
3631,27.000000,63.150159,-0.008426,0.625054,27,
3632,169.000000,73.735143,-0.028166,0.640877,169,
3633,37.000000,70.061629,-0.052828,0.643698,37,
3634,22.000000,65.255466,0.099124,0.608321,22,
3635,85.000000,67.229919,-0.003225,0.644162,85,
3636,66.000000,67.106927,-0.008831,0.659858,66,
3637,28.000000,63.196235,-0.038723,0.601537,28,
3638,16.000000,58.476611,-0.108483,0.596981,16,
3639,61.000000,58.728950,-0.012962,0.627871,61,
3640,107.000000,63.556055,-0.059436,0.659487,107,228.000000
3641,63.000000,63.500449,-0.030472,0.637039,63,
3642,149.000000,72.050405,-0.007677,0.642744,149,
3643,94.000000,74.245364,-0.057305,0.638653,94,
3644,139.000000,80.720828,-0.033914,0.657569,139,
3645,90.000000,81.648745,-0.003517,0.635014,90,
3646,29.000000,76.383870,0.036357,0.623208,29,
3647,35.000000,72.245483,0.082438,0.601373,35,
3648,13.000000,66.320935,0.006974,0.556747,13,
3649,83.000000,67.988842,-0.018687,0.639723,83,
3650,114.000000,72.589957,-0.010451,0.659219,114,383.000000
3651,24.000000,67.730962,0.043226,0.592023,24,
3652,137.000000,74.657865,-0.030326,0.638518,137,
3653,90.000000,76.192079,-0.011184,0.661777,90,
3654,22.000000,70.772871,-0.021613,0.595015,22,
3655,77.000000,71.395584,-0.028484,0.634779,77,
3656,67.000000,70.956026,-0.052175,0.641811,67,
3657,103.000000,74.160423,-0.028541,0.647668,103,
3658,162.000000,82.944381,-0.037016,0.627057,162,
3659,28.000000,77.449943,0.011321,0.603338,28,
3660,15.000000,71.204948,0.173653,0.554129,15,482.000000
3661,241.000000,88.184454,-0.027966,0.632123,241,
3662,51.000000,84.466008,-0.025546,0.617810,51,
3663,73.000000,83.319407,0.022226,0.649349,73,
3664,44.000000,79.387467,-0.069794,0.642105,44,
3665,88.000000,80.248720,-0.018448,0.634159,88,
3666,182.000000,90.423848,0.012161,0.656069,182,
3667,88.000000,90.181463,-0.007531,0.635409,88,
3668,57.000000,86.863317,0.017978,0.644698,57,
3669,44.000000,82.576985,0.001721,0.631326,44,
3670,36.000000,77.919287,-0.064628,0.617861,36,396.000000
3671,57.000000,75.827358,-0.032101,0.652827,57,
3672,147.000000,82.944622,-0.011209,0.659819,147,
3673,111.000000,85.750160,-0.023802,0.645046,111,
3674,54.000000,82.575144,-0.034049,0.630670,54,
3675,206.000000,94.917630,-0.042473,0.653763,206,
3676,80.000000,93.425867,-0.011612,0.645560,80,
3677,72.000000,91.283280,-0.055156,0.637847,72,
3678,168.000000,98.954952,-0.001084,0.631977,168,
3679,169.000000,105.959457,-0.038960,0.628329,169,
3680,191.000000,114.463511,-0.023418,0.661242,191,266.000000
3681,16.000000,104.617160,0.012598,0.577368,16,
3682,110.000000,105.155444,-0.020044,0.641291,110,
3683,71.000000,101.739900,-0.020508,0.615332,71,
3684,58.000000,97.365910,-0.022541,0.623509,58,
3685,23.000000,89.929319,-0.151794,0.615251,23,
3686,35.000000,84.436387,0.063752,0.609936,35,
3687,62.000000,82.192748,0.036496,0.636887,62,
3688,78.000000,81.773473,-0.048155,0.623569,78,
3689,58.000000,79.396126,0.002499,0.647999,58,
3690,21.000000,73.556513,0.104561,0.602400,21,213.000000
3691,62.000000,72.400862,-0.081179,0.657161,62,
3692,85.000000,73.660776,0.002579,0.632835,85,
3693,141.000000,80.394698,-0.022483,0.631781,141,
3694,65.000000,78.855228,-0.013516,0.633279,65,
3695,16.000000,72.569706,-0.023702,0.571578,16,
3696,13.000000,66.612735,0.026931,0.573699,13,
3697,43.000000,64.251462,0.009548,0.617599,43,
3698,114.000000,69.226315,-0.040963,0.636750,114,
3699,77.000000,70.003684,-0.009608,0.642300,77,
3700,21.000000,65.103315,0.039848,0.627623,21,170.000000
3701,32.000000,61.792984,0.017546,0.620887,32,
3702,70.000000,62.613686,0.015328,0.652152,70,
3703,63.000000,62.652317,-0.014636,0.649422,63,
3704,44.000000,60.787085,0.015306,0.656750,44,
3705,102.000000,64.908377,-0.018078,0.652718,102,
3706,92.000000,67.617539,-0.023683,0.611871,92,
3707,97.000000,70.555785,0.000426,0.640101,97,
3708,220.000000,85.500207,-0.028605,0.651033,220,
3709,43.000000,81.250186,0.002677,0.607867,43,
3710,43.000000,77.425167,-0.096607,0.607136,43,162.000000
3711,28.000000,72.482651,-0.128324,0.618001,28,
3712,73.000000,72.534386,-0.018881,0.655251,73,
3713,22.000000,67.480947,-0.097930,0.634542,22,
3714,19.000000,62.632852,0.042069,0.614098,19,
3715,22.000000,58.569567,0.074878,0.630954,22,
3716,27.000000,55.412610,-0.122363,0.636784,27,
3717,34.000000,53.271349,-0.114702,0.637266,34,
3718,43.000000,52.244214,-0.026228,0.619685,43,
3719,173.000000,64.319793,-0.008606,0.671030,173,
3720,115.000000,69.387814,-0.034983,0.640795,115,188.000000
3721,31.000000,65.549032,-0.135323,0.647533,31,
3722,213.000000,80.294129,0.034734,0.640472,213,
3723,36.000000,75.864716,-0.046162,0.610849,36,
3724,98.000000,78.078245,-0.042516,0.617709,98,
3725,60.000000,76.270420,-0.040176,0.631313,60,
3726,46.000000,73.243378,-0.081058,0.590814,46,
3727,131.000000,79.019040,-0.003895,0.643786,131,
3728,285.000000,99.617136,0.004266,0.641299,285,
3729,18.000000,91.455423,-0.038225,0.571148,18,
3730,30.000000,85.309880,-0.102104,0.638290,30,299.000000
3731,31.000000,79.878892,-0.056636,0.602446,31,
3732,24.000000,74.291003,-0.027011,0.607203,24,
3733,64.000000,73.261903,-0.012875,0.645126,64,
3734,200.000000,85.935713,-0.005175,0.654222,200,
3735,27.000000,80.042141,-0.032978,0.609706,27,
3736,33.000000,75.337927,-0.128522,0.639483,33,
3737,29.000000,70.704134,-0.064594,0.587626,29,
3738,83.000000,71.933721,-0.007830,0.620677,83,
3739,13.000000,66.040349,0.113979,0.542651,13,
3740,52.000000,64.636314,-0.139257,0.657942,52,311.000000
3741,24.000000,60.572683,0.013852,0.603940,24,
3742,45.000000,59.015414,-0.050666,0.643748,45,
3743,82.000000,61.313873,-0.016967,0.633313,82,
3744,120.000000,67.182486,-0.008557,0.643319,120,
3745,78.000000,68.264237,0.015342,0.658963,78,
3746,116.000000,73.037813,-0.008299,0.653534,116,
3747,54.000000,71.134032,0.029174,0.610014,54,
3748,33.000000,67.320629,0.038239,0.616151,33,
3749,59.000000,66.488566,0.029809,0.648594,59,
3750,50.000000,64.839709,-0.088577,0.638963,50,500.000000
3751,112.000000,69.555738,-0.005499,0.624687,112,
3752,71.000000,69.700165,0.009539,0.622555,71,
3753,131.000000,75.830148,-0.002014,0.665621,131,
3754,78.000000,76.047133,-0.023995,0.628140,78,
3755,88.000000,77.242420,-0.010898,0.654876,88,
3756,63.000000,75.818178,-0.061783,0.642202,63,
3757,13.000000,69.536360,-0.028766,0.569344,13,
3758,18.000000,64.382724,-0.018026,0.561550,18,
3759,177.000000,75.644452,-0.021023,0.665930,177,
3760,60.000000,74.080007,-0.054129,0.653439,60,465.000000
3761,50.000000,71.672006,-0.047188,0.650836,50,
3762,139.000000,78.404805,0.010464,0.671578,139,
3763,20.000000,72.564325,0.025370,0.594005,20,
3764,62.000000,71.507892,-0.021157,0.623160,62,
3765,78.000000,72.157103,-0.022049,0.600192,78,
3766,54.000000,70.341393,-0.019292,0.611632,54,
3767,89.000000,72.207253,-0.027252,0.649842,89,
3768,140.000000,78.986528,-0.035423,0.637261,140,
3769,108.000000,81.887875,-0.015512,0.662466,108,
3770,19.000000,75.599088,-0.108454,0.605826,19,500.000000
3771,112.000000,79.239179,-0.006892,0.643212,112,
3772,107.000000,82.015261,0.006465,0.663306,107,
3773,29.000000,76.713735,-0.102737,0.606698,29,
3774,88.000000,77.842362,-0.033700,0.651022,88,
3775,26.000000,72.658125,-0.030881,0.620042,26,
3776,119.000000,77.292313,0.000922,0.666960,119,
3777,89.000000,78.463082,-0.015485,0.641845,89,
3778,82.000000,78.816773,-0.030585,0.618955,82,
3779,36.000000,74.535096,0.068698,0.623916,36,
3780,27.000000,69.781586,-0.055353,0.633461,27,304.000000
3781,47.000000,67.503428,0.015049,0.629773,47,
3782,25.000000,63.253085,-0.031741,0.630876,25,
3783,40.000000,60.927777,0.012150,0.638622,40,
3784,119.000000,66.734999,-0.007132,0.653982,119,
3785,11.000000,61.161499,0.156576,0.533602,11,
3786,149.000000,69.945349,-0.015742,0.653039,149,
3787,28.000000,65.750814,-0.033363,0.592982,28,
3788,70.000000,66.175733,-0.091275,0.611637,70,
3789,11.000000,60.658159,0.120213,0.559433,11,
3790,63.000000,60.892344,-0.048820,0.622932,63,194.000000
3791,25.000000,57.303109,-0.016386,0.566717,25,
3792,188.000000,70.372798,-0.007024,0.664095,188,
3793,44.000000,67.735518,0.021247,0.648673,44,
3794,61.000000,67.061967,-0.036418,0.659690,61,
3795,21.000000,62.455770,0.007676,0.623284,21,
3796,36.000000,59.810193,-0.026686,0.648772,36,
3797,43.000000,58.129174,0.003541,0.624165,43,
3798,258.000000,78.116256,-0.009483,0.640272,258,
3799,33.000000,73.604631,-0.063144,0.560324,33,
3800,145.000000,80.744168,0.010193,0.644992,145,167.000000
3801,159.000000,88.569751,-0.021948,0.635073,159,
3802,101.000000,89.812776,-0.009513,0.639848,101,
3803,34.000000,84.231498,-0.051759,0.565608,34,
3804,170.000000,92.808348,-0.016743,0.660563,170,
3805,122.000000,95.727514,0.010616,0.643878,122,
3806,111.000000,97.254762,0.002646,0.662920,111,
3807,73.000000,94.829286,0.007844,0.663880,73,
3808,59.000000,91.246357,-0.073276,0.630601,59,
3809,94.000000,91.521722,-0.026157,0.667872,94,
3810,23.000000,84.669549,0.019467,0.621675,23,161.000000
3811,35.000000,79.702595,-0.012585,0.644574,35,
3812,33.000000,75.032335,-0.092802,0.646012,33,
3813,40.000000,71.529102,-0.001758,0.657251,40,
3814,44.000000,68.776191,-0.048000,0.639877,44,
3815,46.000000,66.498572,-0.016048,0.655493,46,
3816,75.000000,67.348715,-0.010746,0.666118,75,
3817,21.000000,62.713844,-0.020789,0.603072,21,
3818,20.000000,58.442459,0.109156,0.594656,20,
3819,28.000000,55.398213,-0.024007,0.615642,28,
3820,107.000000,60.558392,0.019734,0.645681,107,194.000000
3821,28.000000,57.302553,0.012479,0.629498,28,
3822,27.000000,54.272297,-0.023076,0.604966,27,
3823,15.000000,50.345068,0.132027,0.591710,15,
3824,144.000000,59.710561,0.007186,0.648385,144,
3825,51.000000,58.839505,-0.073168,0.648381,51,
3826,112.000000,64.155554,-0.001129,0.668840,112,
3827,85.000000,66.239999,0.000323,0.644664,85,
3828,129.000000,72.515999,0.011754,0.642288,129,
3829,17.000000,66.964399,0.072881,0.563241,17,
3830,38.000000,64.067959,-0.061444,0.601527,38,192.000000
3831,51.000000,62.761163,0.059280,0.619200,51,
3832,105.000000,66.985047,-0.028486,0.652158,105,
3833,15.000000,61.786542,-0.140768,0.585970,15,
3834,99.000000,65.507888,-0.003655,0.658371,99,
3835,46.000000,63.557099,-0.054287,0.636997,46,
3836,43.000000,61.501389,0.027919,0.646741,43,
3837,15.000000,56.851250,0.122216,0.550183,15,
3838,118.000000,62.966125,0.002848,0.657548,118,
3839,172.000000,73.869513,-0.000847,0.650298,172,
3840,66.000000,73.082562,-0.002685,0.643162,66,197.000000
3841,109.000000,76.674305,-0.009111,0.637296,109,
3842,192.000000,88.206875,-0.003552,0.653381,192,
3843,87.000000,88.086187,-0.009116,0.635395,87,
3844,60.000000,85.277569,0.048701,0.639579,60,
3845,33.000000,80.049812,-0.045770,0.632744,33,
3846,34.000000,75.444831,-0.088632,0.628891,34,
3847,29.000000,70.800348,-0.069778,0.629902,29,
3848,17.000000,65.420313,-0.199854,0.566042,17,
3849,140.000000,72.878281,-0.032415,0.670558,140,
3850,97.000000,75.290453,0.006028,0.660653,97,248.000000
3851,16.000000,69.361408,0.102315,0.581474,16,
3852,58.000000,68.225267,0.011566,0.592943,58,
3853,51.000000,66.502740,0.013201,0.633764,51,
3854,49.000000,64.752466,-0.014649,0.639968,49,
3855,34.000000,61.677220,-0.098414,0.634464,34,
3856,111.000000,66.609498,-0.008291,0.653094,111,
3857,62.000000,66.148548,0.057673,0.625551,62,
3858,20.000000,61.533693,0.121054,0.604310,20,
3859,132.000000,68.580324,-0.006650,0.665418,132,
3860,21.000000,63.822292,0.026109,0.607040,21,215.000000
3861,39.000000,61.340062,-0.033147,0.612195,39,
3862,122.000000,67.406056,0.003889,0.644264,122,
3863,91.000000,69.765451,0.042465,0.620805,91,
3864,82.000000,70.988905,0.058211,0.616953,82,
3865,118.000000,75.690015,-0.042794,0.652074,118,
3866,50.000000,73.121013,-0.037587,0.642801,50,
3867,53.000000,71.108912,-0.046656,0.623598,53,
3868,79.000000,71.898021,0.007607,0.630400,79,
3869,37.000000,68.408219,-0.078535,0.605254,37,
3870,56.000000,67.167397,0.027313,0.622816,56,195.000000
3871,45.000000,64.950657,-0.017482,0.649480,45,
3872,12.000000,59.655591,0.104038,0.582760,12,
3873,15.000000,55.190032,0.093370,0.570651,15,
3874,45.000000,54.171029,0.041161,0.632887,45,
3875,113.000000,60.053926,-0.063750,0.659154,113,
3876,150.000000,69.048534,-0.003505,0.623559,150,
3877,20.000000,64.143680,0.069334,0.564366,20,
3878,91.000000,66.829312,-0.006794,0.633347,91,
3879,96.000000,69.746381,-0.028442,0.659978,96,
3880,77.000000,70.471743,0.013149,0.663099,77,167.000000
3881,189.000000,82.324569,-0.020627,0.653437,189,
3882,49.000000,78.992112,0.031632,0.620724,49,
3883,90.000000,80.092901,-0.075430,0.655067,90,
3884,94.000000,81.483611,-0.039964,0.623571,94,
3885,53.000000,78.635249,-0.063679,0.606594,53,
3886,19.000000,72.671725,0.013400,0.600496,19,
3887,13.000000,66.704552,-0.158008,0.575096,13,
3888,24.000000,62.434097,0.063148,0.628607,24,
3889,208.000000,76.990687,0.004089,0.656747,208,
3890,136.000000,82.891618,-0.001637,0.640219,136,174.000000
3891,17.000000,76.302457,-0.034352,0.613582,17,
3892,55.000000,74.172211,0.034027,0.632971,55,
3893,55.000000,72.254990,-0.029084,0.631369,55,
3894,133.000000,78.329491,-0.009789,0.643529,133,
3895,24.000000,72.896542,0.003341,0.592062,24,
3896,133.000000,78.906888,0.021854,0.632956,133,
3897,12.000000,72.216199,0.135455,0.561121,12,
3898,30.000000,67.994579,0.027164,0.626620,30,
3899,115.000000,72.695121,0.005430,0.640124,115,
3900,180.000000,83.425609,0.000763,0.659031,180,191.000000
3901,107.000000,85.783048,0.001534,0.646998,107,
3902,72.000000,84.404743,0.019002,0.618838,72,
3903,29.000000,78.864269,-0.016850,0.585932,29,
3904,51.000000,76.077842,-0.008502,0.656935,51,
3905,77.000000,76.170058,0.028932,0.628387,77,
3906,99.000000,78.453052,-0.030176,0.644997,99,
3907,190.000000,89.607747,-0.019088,0.632974,190,
3908,12.000000,81.846972,-0.011077,0.561230,12,
3909,137.000000,87.362275,-0.026396,0.640815,137,
3910,27.000000,81.326047,0.058743,0.613710,27,198.000000
3911,84.000000,81.593443,0.018189,0.657337,84,
3912,52.000000,78.634098,-0.014197,0.647211,52,
3913,85.000000,79.270689,-0.008455,0.626169,85,
3914,101.000000,81.443620,-0.020367,0.606135,101,
3915,30.000000,76.299258,0.009204,0.579369,30,
3916,91.000000,77.769332,-0.039308,0.607947,91,
3917,141.000000,84.092399,-0.062133,0.641263,141,
3918,79.000000,83.583159,-0.110095,0.638197,79,
3919,47.000000,79.924843,-0.005917,0.626233,47,
3920,64.000000,78.332359,0.008760,0.649655,64,246.000000
3921,31.000000,73.599123,0.026195,0.619364,31,
3922,48.000000,71.039211,0.001263,0.612732,48,
3923,32.000000,67.135290,-0.047434,0.603981,32,
3924,14.000000,61.821761,0.116832,0.574434,14,
3925,77.000000,63.339584,-0.018363,0.643650,77,
3926,16.000000,58.605626,0.102957,0.585794,16,
3927,138.000000,66.545063,-0.024027,0.639908,138,
3928,25.000000,62.390557,0.064060,0.599982,25,
3929,65.000000,62.651501,-0.002337,0.620975,65,
3930,19.000000,58.286351,-0.081494,0.620559,19,275.000000
3931,217.000000,74.157716,-0.028055,0.662125,217,
3932,39.000000,70.641945,-0.064458,0.612867,39,
3933,19.000000,65.477750,-0.041870,0.607895,19,
3934,74.000000,66.329975,-0.043681,0.663205,74,
3935,21.000000,61.796978,-0.054185,0.600825,21,
3936,38.000000,59.417280,-0.014012,0.603670,38,
3937,100.000000,63.475552,0.021661,0.650549,100,
3938,36.000000,60.727997,-0.016988,0.635929,36,
3939,36.000000,58.255197,0.027744,0.636619,36,
3940,75.000000,59.929677,-0.015749,0.646833,75,184.000000
3941,74.000000,61.336710,-0.023892,0.650471,74,
3942,83.000000,63.503039,-0.024565,0.655607,83,
3943,35.000000,60.652735,0.013704,0.621195,35,
3944,12.000000,55.787461,0.027472,0.581089,12,
3945,115.000000,61.708715,-0.019165,0.643037,115,
3946,53.000000,60.837844,0.010343,0.658971,53,
3947,120.000000,66.754059,-0.020092,0.656836,120,
3948,35.000000,63.578653,-0.027223,0.641890,35,
3949,50.000000,62.220788,-0.053410,0.657258,50,
3950,110.000000,66.998709,0.002886,0.637037,110,162.000000
3951,22.000000,62.498838,0.014404,0.610438,22,
3952,104.000000,66.648954,0.026601,0.665236,104,
3953,39.000000,63.884059,-0.026732,0.630143,39,
3954,40.000000,61.495653,-0.112937,0.638208,40,
3955,120.000000,67.346088,-0.015823,0.665162,120,
3956,48.000000,65.411479,0.003819,0.658357,48,
3957,15.000000,60.370331,-0.007663,0.592486,15,
3958,16.000000,55.933298,0.151395,0.537518,16,
3959,27.000000,53.039968,0.064177,0.623280,27,
3960,30.000000,50.735971,-0.030573,0.634128,30,182.000000
3961,24.000000,48.062374,-0.063644,0.592403,24,
3962,269.000000,70.156137,-0.013528,0.653400,269,
3963,17.000000,64.840523,-0.057730,0.605903,17,
3964,32.000000,61.556471,-0.021146,0.583559,32,
3965,15.000000,56.900824,0.174222,0.583562,15,
3966,103.000000,61.510741,-0.010028,0.657623,103,
3967,24.000000,57.759667,-0.074828,0.603715,24,
3968,91.000000,61.083701,-0.040229,0.660795,91,
3969,65.000000,61.475330,-0.063498,0.665721,65,
3970,117.000000,67.027797,0.001864,0.638364,117,210.000000
3971,30.000000,63.325018,0.007731,0.620523,30,
3972,49.000000,61.892516,0.043980,0.619975,49,
3973,11.000000,56.803264,0.145228,0.556435,11,
3974,82.000000,59.322938,-0.009127,0.633433,82,
3975,84.000000,61.790644,-0.017053,0.667099,84,
3976,34.000000,59.011580,-0.007216,0.565436,34,
3977,15.000000,54.610422,0.017456,0.586324,15,
3978,21.000000,51.249380,0.073548,0.616379,21,
3979,70.000000,53.124442,-0.005274,0.635626,70,
3980,33.000000,51.111997,-0.019325,0.629123,33,204.000000
3981,124.000000,58.400798,-0.011136,0.661363,124,
3982,15.000000,54.060718,0.117261,0.580855,15,
3983,89.000000,57.554646,-0.014323,0.652365,89,
3984,58.000000,57.599182,-0.083965,0.648024,58,
3985,97.000000,61.539263,-0.018675,0.646973,97,
3986,26.000000,57.985337,-0.060936,0.624081,26,
3987,35.000000,55.686803,0.026941,0.645888,35,
3988,52.000000,55.318123,-0.015809,0.643985,52,
3989,15.000000,51.286311,-0.155813,0.591046,15,
3990,121.000000,58.257680,0.025344,0.626255,121,195.000000
3991,138.000000,66.231912,-0.008566,0.652533,138,
3992,106.000000,70.208720,-0.031371,0.651804,106,
3993,15.000000,64.687848,-0.147614,0.581201,15,
3994,31.000000,61.319064,-0.129760,0.627050,31,
3995,52.000000,60.387157,0.000644,0.636726,52,
3996,13.000000,55.648442,0.228438,0.561173,13,
3997,113.000000,61.383597,-0.003329,0.657836,113,
3998,27.000000,57.945238,-0.130570,0.612056,27,
3999,18.000000,53.950714,0.048043,0.586576,18,
4000,14.000000,49.955642,0.118824,0.580983,14,203.000000
4001,21.000000,47.060078,0.054159,0.611771,21,
4002,36.000000,45.954070,-0.075345,0.607254,36,
4003,21.000000,43.458663,0.043553,0.582538,21,
4004,61.000000,45.212797,0.009874,0.637119,61,
4005,127.000000,53.391517,-0.016620,0.639482,127,
4006,116.000000,59.652366,-0.007277,0.631682,116,
4007,22.000000,55.887129,-0.001191,0.621654,22,
4008,36.000000,53.898416,0.018636,0.640520,36,
4009,42.000000,52.708575,0.026677,0.638197,42,
4010,119.000000,59.337717,-0.003219,0.653005,119,177.000000
4011,42.000000,57.603945,0.012843,0.602994,42,
4012,54.000000,57.243551,0.014504,0.601922,54,
4013,59.000000,57.419196,-0.021634,0.622183,59,
4014,223.000000,73.977276,0.008738,0.644679,223,
4015,87.000000,75.279549,-0.021045,0.650631,87,
4016,68.000000,74.551594,0.005674,0.656907,68,
4017,37.000000,70.796434,-0.057944,0.625352,37,
4018,22.000000,65.916791,-0.045659,0.589413,22,
4019,52.000000,64.525112,-0.094258,0.629286,52,
4020,24.000000,60.472601,-0.163972,0.602792,24,186.000000
4021,66.000000,61.025341,0.013264,0.651868,66,
4022,132.000000,68.122807,-0.039844,0.639022,132,
4023,24.000000,63.710526,-0.048430,0.616226,24,
4024,31.000000,60.439473,0.059572,0.599591,31,
4025,41.000000,58.495526,-0.024048,0.634137,41,
4026,57.000000,58.345973,-0.071346,0.644980,57,
4027,20.000000,54.511376,-0.063676,0.598812,20,
4028,20.000000,51.060238,-0.044874,0.576073,20,
4029,144.000000,60.354215,-0.022121,0.646093,144,
4030,155.000000,69.818793,-0.023213,0.654578,155,193.000000
4031,150.000000,77.836914,-0.029526,0.667732,150,
4032,145.000000,84.553222,-0.003878,0.663340,145,
4033,138.000000,89.897900,-0.003340,0.663143,138,
4034,43.000000,85.208110,-0.050302,0.644749,43,
4035,67.000000,83.387299,-0.012346,0.639848,67,
4036,107.000000,85.748569,-0.030957,0.651908,107,
4037,41.000000,81.273712,0.022126,0.642517,41,
4038,62.000000,79.346341,0.001697,0.621709,62,
4039,56.000000,77.011707,-0.071452,0.646451,56,
4040,86.000000,77.910536,0.016841,0.598836,86,500.000000
4041,19.000000,72.019483,-0.029626,0.584453,19,
4042,62.000000,71.017534,-0.068723,0.609501,62,
4043,145.000000,78.415781,-0.010699,0.674124,145,
4044,24.000000,72.974203,0.032669,0.618022,24,
4045,50.000000,70.676783,-0.015582,0.646901,50,
4046,77.000000,71.309104,0.008667,0.635636,77,
4047,70.000000,71.178194,0.013410,0.632256,70,
4048,41.000000,68.160374,-0.007025,0.624037,41,
4049,25.000000,63.844337,-0.277143,0.629138,25,
4050,58.000000,63.259903,0.018294,0.627805,58,189.000000
4051,68.000000,63.733913,0.002708,0.645969,68,
4052,19.000000,59.260522,-0.057384,0.571859,19,
4053,36.000000,56.934470,-0.055326,0.628501,36,
4054,57.000000,56.941023,-0.016280,0.652113,57,
4055,97.000000,60.946920,-0.014890,0.648002,97,
4056,13.000000,56.152228,0.104392,0.553112,13,
4057,17.000000,52.237005,0.074257,0.586265,17,
4058,102.000000,57.213305,0.031712,0.622047,102,
4059,68.000000,58.291974,0.008540,0.652804,68,
4060,88.000000,61.262777,-0.011036,0.646099,88,311.000000
4061,57.000000,60.836499,-0.038750,0.638262,57,
4062,13.000000,56.052849,-0.056898,0.559455,13,
4063,79.000000,58.347564,-0.005798,0.655637,79,
4064,100.000000,62.512808,0.004592,0.654528,100,
4065,122.000000,68.461527,-0.014166,0.648176,122,
4066,42.000000,65.815374,-0.053779,0.598014,42,
4067,132.000000,72.433837,-0.033319,0.661262,132,
4068,228.000000,87.990453,-0.013210,0.651937,228,
4069,71.000000,86.291408,-0.010137,0.643637,71,
4070,150.000000,92.662267,-0.000066,0.665028,150,267.000000
4071,60.000000,89.396040,0.047925,0.628160,60,
4072,182.000000,98.656436,-0.017860,0.639361,182,
4073,40.000000,92.790793,-0.051477,0.632013,40,
4074,45.000000,88.011713,-0.092220,0.654300,45,
4075,104.000000,89.610542,-0.010158,0.643897,104,
4076,30.000000,83.649488,-0.029621,0.641171,30,
4077,30.000000,78.284539,-0.048166,0.618645,30,
4078,80.000000,78.456085,-0.005180,0.657064,80,
4079,114.000000,82.010477,-0.004488,0.662255,114,
4080,21.000000,75.909429,-0.085921,0.604654,21,256.000000
4081,131.000000,81.418486,-0.015115,0.654477,131,
4082,24.000000,75.676638,0.021337,0.580863,24,
4083,70.000000,75.108974,0.003982,0.659350,70,
4084,52.000000,72.798076,-0.020570,0.618256,52,
4085,86.000000,74.118269,-0.062773,0.635863,86,
4086,39.000000,70.606442,-0.027498,0.623338,39,
4087,47.000000,68.245798,-0.019897,0.623241,47,
4088,24.000000,63.821218,-0.043217,0.611297,24,
4089,43.000000,61.739096,-0.035685,0.621065,43,
4090,47.000000,60.265187,0.000212,0.614505,47,297.000000
4091,12.000000,55.438668,-0.024455,0.541656,12,
4092,16.000000,51.494801,0.186313,0.565132,16,
4093,36.000000,49.945321,-0.047386,0.642415,36,
4094,165.000000,61.450789,-0.024816,0.655150,165,
4095,75.000000,62.805710,-0.089707,0.633219,75,
4096,54.000000,61.925139,0.000848,0.628228,54,
4097,18.000000,57.532625,0.098143,0.572931,18,
4098,74.000000,59.179363,0.007583,0.638343,74,
4099,11.000000,54.361426,0.346635,0.530258,11,
4100,43.000000,53.225284,0.047188,0.614646,43,301.000000
4101,71.000000,55.002755,0.014170,0.633811,71,
4102,103.000000,59.802480,-0.005344,0.649123,103,
4103,122.000000,66.022232,0.001244,0.638345,122,
4104,66.000000,66.020009,0.011328,0.624790,66,
4105,33.000000,62.718008,0.054282,0.624977,33,
4106,172.000000,73.646207,-0.030986,0.643820,172,
4107,15.000000,67.781586,0.055448,0.547437,15,
4108,14.000000,62.403428,-0.102562,0.575000,14,
4109,127.000000,68.863085,-0.027369,0.645887,127,
4110,153.000000,77.276776,0.000371,0.649045,153,205.000000
4111,48.000000,74.349099,0.014859,0.650762,48,
4112,113.000000,78.214189,-0.023206,0.646371,113,
4113,83.000000,78.692770,-0.026218,0.606184,83,
4114,44.000000,75.223493,-0.016684,0.623509,44,
4115,46.000000,72.301144,-0.013839,0.645106,46,
4116,79.000000,72.971029,-0.025562,0.652962,79,
4117,76.000000,73.273926,-0.126043,0.638279,76,
4118,47.000000,70.646534,-0.040106,0.633425,47,
4119,75.000000,71.081880,-0.022661,0.627539,75,
4120,38.000000,67.773692,-0.014449,0.627647,38,285.000000
4121,83.000000,69.296323,-0.015589,0.650285,83,
4122,127.000000,75.066691,-0.025533,0.649046,127,
4123,137.000000,81.260022,-0.023906,0.656134,137,
4124,22.000000,75.334020,0.047547,0.593540,22,
4125,63.000000,74.100618,-0.051639,0.616894,63,
4126,101.000000,76.790556,-0.044637,0.637469,101,
4127,102.000000,79.311500,-0.048362,0.660822,102,
4128,36.000000,74.980350,-0.023800,0.630364,36,
4129,32.000000,70.682315,-0.042222,0.626693,32,
4130,23.000000,65.914084,0.099689,0.619517,23,481.000000
4131,48.000000,64.122675,-0.036817,0.637067,48,
4132,15.000000,59.210408,-0.256654,0.588876,15,
4133,30.000000,56.289367,-0.030775,0.600659,30,
4134,91.000000,59.760430,-0.008178,0.667231,91,
4135,105.000000,64.284387,-0.001471,0.648085,105,
4136,120.000000,69.855949,0.000118,0.662350,120,
4137,39.000000,66.770354,0.004347,0.632242,39,
4138,40.000000,64.093318,-0.043779,0.621461,40,
4139,64.000000,64.083986,-0.072048,0.652862,64,
4140,12.000000,58.875588,0.087609,0.552973,12,500.000000
4141,49.000000,57.888029,-0.026312,0.650498,49,
4142,194.000000,71.499226,-0.043260,0.653467,194,
4143,114.000000,75.749304,-0.011799,0.614740,114,
4144,116.000000,79.774373,0.002654,0.634059,116,
4145,261.000000,97.896936,-0.017988,0.655575,261,
4146,14.000000,89.507242,-0.018908,0.587095,14,
4147,70.000000,87.556518,-0.049585,0.649425,70,
4148,59.000000,84.700866,-0.029844,0.622229,59,
4149,87.000000,84.930780,-0.027974,0.623934,87,
4150,121.000000,88.537702,-0.013393,0.632798,121,500.000000
4151,16.000000,81.283931,-0.227273,0.626821,16,
4152,22.000000,75.355538,-0.057980,0.605058,22,
4153,14.000000,69.219985,0.108269,0.558555,14,
4154,126.000000,74.897986,0.018487,0.638332,126,
4155,140.000000,81.408187,-0.013756,0.624385,140,
4156,13.000000,74.567369,0.235620,0.547844,13,
4157,96.000000,76.710632,-0.023111,0.625629,96,
4158,70.000000,76.039569,-0.042228,0.648245,70,
4159,28.000000,71.235612,-0.011000,0.631328,28,
4160,22.000000,66.312051,0.056059,0.603896,22,227.000000
4161,94.000000,69.080846,-0.023470,0.655023,94,
4162,26.000000,64.772761,-0.026538,0.626352,26,
4163,65.000000,64.795485,-0.018169,0.647274,65,
4164,62.000000,64.515936,-0.054397,0.640034,62,
4165,93.000000,67.364343,-0.013510,0.645577,93,
4166,63.000000,66.927908,-0.039584,0.654414,63,
4167,76.000000,67.835118,-0.014944,0.641763,76,
4168,17.000000,62.751606,0.057992,0.578485,17,
4169,20.000000,58.476445,-0.110037,0.566862,20,
4170,26.000000,55.228801,-0.109796,0.614792,26,227.000000
4171,67.000000,56.405921,-0.044642,0.652020,67,
4172,69.000000,57.665329,0.007852,0.643875,69,
4173,14.000000,53.298796,0.063262,0.573104,14,
4174,60.000000,53.968916,-0.029853,0.619626,60,
4175,28.000000,51.372025,0.088165,0.612095,28,
4176,55.000000,51.734822,-0.025253,0.632998,55,
4177,21.000000,48.661340,-0.035912,0.578822,21,
4178,190.000000,62.795206,-0.011129,0.652990,190,
4179,26.000000,59.115685,0.003335,0.599658,26,
4180,81.000000,61.304117,-0.042012,0.620964,81,284.000000
4181,113.000000,66.473705,-0.004834,0.632757,113,
4182,50.000000,64.826335,0.005482,0.625591,50,
4183,28.000000,61.143701,-0.019989,0.620516,28,
4184,225.000000,77.529331,-0.003883,0.648160,225,
4185,16.000000,71.376398,-0.102294,0.582227,16,
4186,23.000000,66.538758,0.036455,0.597314,23,
4187,83.000000,68.184882,-0.023221,0.646032,83,
4188,12.000000,62.566394,0.096188,0.571794,12,
4189,147.000000,71.009755,-0.022691,0.637886,147,
4190,132.000000,77.108779,-0.004667,0.649274,132,308.000000
4191,31.000000,72.497901,-0.020206,0.608677,31,
4192,18.000000,67.048111,0.016308,0.602357,18,
4193,204.000000,80.743300,0.000495,0.656887,204,
4194,79.000000,80.568970,-0.001414,0.652478,79,
4195,217.000000,94.212073,-0.021294,0.656106,217,
4196,161.000000,100.890866,-0.016229,0.666789,161,
4197,203.000000,111.101779,-0.013928,0.658718,203,
4198,139.000000,113.891601,0.000956,0.655846,139,
4199,76.000000,110.102441,0.006378,0.636555,76,
4200,38.000000,102.892197,-0.014521,0.625119,38,500.000000
4201,124.000000,105.002977,-0.006071,0.657661,124,
4202,41.000000,98.602680,-0.124090,0.607120,41,
4203,160.000000,104.742412,-0.014159,0.660640,160,
4204,191.000000,113.368170,0.009210,0.658658,191,
4205,84.000000,110.431353,-0.047920,0.639001,84,
4206,57.000000,105.088218,-0.096778,0.638841,57,
4207,33.000000,97.879396,-0.151817,0.620189,33,
4208,82.000000,96.291457,0.007024,0.654492,82,
4209,138.000000,100.462311,-0.055830,0.659288,138,
4210,76.000000,98.016080,0.028159,0.643404,76,297.000000
4211,60.000000,94.214472,-0.020659,0.614972,60,
4212,99.000000,94.693025,0.008243,0.660860,99,
4213,120.000000,97.223722,-0.022719,0.657208,120,
4214,84.000000,95.901350,-0.011706,0.658550,84,
4215,86.000000,94.911215,0.004142,0.642400,86,
4216,86.000000,94.020094,-0.029338,0.623741,86,
4217,15.000000,86.118084,0.033587,0.558385,15,
4218,47.000000,82.206276,-0.005724,0.640741,47,
4219,44.000000,78.385648,-0.069354,0.632079,44,
4220,72.000000,77.747083,-0.019913,0.655326,72,215.000000
4221,48.000000,74.772375,-0.061605,0.642044,48,
4222,50.000000,72.295138,-0.042563,0.637794,50,
4223,185.000000,83.565624,-0.028678,0.656632,185,
4224,14.000000,76.609061,0.237392,0.517004,14,
4225,56.000000,74.548155,-0.024845,0.629399,56,
4226,75.000000,74.593340,-0.026905,0.658421,75,
4227,223.000000,89.434006,-0.017198,0.655503,223,
4228,23.000000,82.790605,0.038156,0.586533,23,
4229,66.000000,81.111545,-0.009103,0.650601,66,
4230,46.000000,77.600390,0.017016,0.646613,46,301.000000
4231,32.000000,73.040351,0.045587,0.622071,32,
4232,27.000000,68.436316,-0.024853,0.602570,27,
4233,141.000000,75.692684,-0.016710,0.644042,141,
4234,76.000000,75.723416,0.004387,0.647217,76,
4235,136.000000,81.751074,-0.009021,0.640728,136,
4236,119.000000,85.475967,-0.011409,0.663990,119,
4237,69.000000,83.828370,-0.032347,0.621586,69,
4238,102.000000,85.645533,-0.007779,0.649272,102,
4239,140.000000,91.080980,-0.028488,0.653399,140,
4240,64.000000,88.372882,-0.034300,0.634308,64,386.000000
4241,90.000000,88.535594,-0.013420,0.661635,90,
4242,73.000000,86.982034,-0.017656,0.612916,73,
4243,140.000000,92.283831,-0.012525,0.643773,140,
4244,66.000000,89.655448,0.023059,0.657710,66,
4245,15.000000,82.189903,0.056127,0.575736,15,
4246,188.000000,92.770913,0.004069,0.655760,188,
4247,142.000000,97.693821,0.006041,0.633635,142,
4248,116.000000,99.524439,-0.050997,0.634608,116,
4249,27.000000,92.271995,0.081865,0.610705,27,
4250,17.000000,84.744796,0.127130,0.567568,17,405.000000
4251,16.000000,77.870316,-0.057544,0.566558,16,
4252,51.000000,75.183285,0.024341,0.637254,51,
4253,115.000000,79.164956,-0.045965,0.612586,115,
4254,123.000000,83.548461,-0.039998,0.640347,123,
4255,39.000000,79.093615,0.018021,0.591283,39,
4256,134.000000,84.584253,-0.004454,0.654486,134,
4257,44.000000,80.525828,-0.035989,0.616655,44,
4258,25.000000,74.973245,-0.117246,0.606190,25,
4259,68.000000,74.275920,0.011786,0.640730,68,
4260,85.000000,75.348328,-0.049383,0.644523,85,500.000000
4261,103.000000,78.113496,-0.013036,0.647147,103,
4262,73.000000,77.602146,0.013991,0.601402,73,
4263,26.000000,72.441931,0.016998,0.608675,26,
4264,14.000000,66.597738,-0.174644,0.584111,14,
4265,81.000000,68.037964,-0.002248,0.647437,81,
4266,143.000000,75.534168,-0.015929,0.647853,143,
4267,30.000000,70.980751,-0.110537,0.625989,30,
4268,120.000000,75.882676,-0.027381,0.669138,120,
4269,172.000000,85.494408,-0.023694,0.655215,172,
4270,87.000000,85.644968,0.014875,0.651388,87,391.000000
4271,97.000000,86.780471,-0.000921,0.667163,97,
4272,75.000000,85.602424,0.001454,0.636097,75,
4273,19.000000,78.942181,-0.111765,0.569745,19,
4274,15.000000,72.547963,0.130528,0.592401,15,
4275,26.000000,67.893167,-0.073866,0.610621,26,
4276,114.000000,72.503850,-0.009007,0.647811,114,
4277,23.000000,67.553465,0.005288,0.618285,23,
4278,133.000000,74.098119,-0.000384,0.657289,133,
4279,113.000000,77.988307,-0.037379,0.638520,113,
4280,27.000000,72.889476,-0.049559,0.608314,27,248.000000
4281,81.000000,73.700529,0.008816,0.651022,81,
4282,30.000000,69.330476,-0.021300,0.582070,30,
4283,139.000000,76.297428,-0.023086,0.650774,139,
4284,160.000000,84.667685,-0.014776,0.670975,160,
4285,63.000000,82.500917,-0.037670,0.646274,63,
4286,14.000000,75.650825,0.091080,0.523586,14,
4287,91.000000,77.185743,-0.015554,0.631955,91,
4288,28.000000,72.267168,-0.130405,0.603405,28,
4289,272.000000,92.240451,-0.014072,0.639639,272,
4290,26.000000,85.616406,-0.075925,0.629151,26,330.000000
4291,61.000000,83.154766,-0.018853,0.653526,61,
4292,58.000000,80.639289,-0.068908,0.653102,58,
4293,108.000000,83.375360,0.000270,0.665013,108,
4294,171.000000,92.137824,-0.018121,0.661951,171,
4295,106.000000,93.524042,0.008007,0.632752,106,
4296,47.000000,88.871638,-0.012450,0.609784,47,
4297,81.000000,88.084474,0.024482,0.636067,81,
4298,108.000000,90.076026,-0.011519,0.649717,108,
4299,73.000000,88.368424,-0.005936,0.636493,73,
4300,37.000000,83.231581,-0.078765,0.643070,37,500.000000
4301,69.000000,81.808423,-0.006130,0.658617,69,
4302,25.000000,76.127581,-0.077306,0.615189,25,
4303,86.000000,77.114823,0.010278,0.639758,86,
4304,66.000000,76.003341,-0.021461,0.637148,66,
4305,28.000000,71.203007,0.045687,0.594366,28,
4306,96.000000,73.682706,-0.012338,0.644497,96,
4307,93.000000,75.614435,0.007730,0.654736,93,
4308,127.000000,80.752992,-0.002311,0.657387,127,
4309,15.000000,74.177693,-0.340095,0.572127,15,
4310,85.000000,75.259923,-0.055001,0.635200,85,398.000000
4311,122.000000,79.933931,-0.002678,0.672886,122,
4312,21.000000,74.040538,0.024736,0.537590,21,
4313,20.000000,68.636484,-0.257552,0.593065,20,
4314,50.000000,66.772836,-0.020615,0.614763,50,
4315,60.000000,66.095552,-0.031685,0.649856,60,
4316,66.000000,66.085997,-0.017588,0.639516,66,
4317,18.000000,61.277397,0.095612,0.575017,18,
4318,126.000000,67.749657,-0.014287,0.656565,126,
4319,43.000000,65.274692,-0.011062,0.640154,43,
4320,11.000000,59.847223,-0.021867,0.548320,11,320.000000
4321,51.000000,58.962500,0.056424,0.617637,51,
4322,140.000000,67.066250,0.010659,0.653242,140,
4323,17.000000,62.059625,0.100123,0.589492,17,
4324,39.000000,59.753663,-0.013465,0.643338,39,
4325,88.000000,62.578296,-0.067149,0.646981,88,
4326,18.000000,58.120467,-0.005621,0.584650,18,
4327,12.000000,53.508420,0.035087,0.553332,12,
4328,32.000000,51.357578,-0.020341,0.594324,32,
4329,78.000000,54.021820,0.033888,0.634507,78,
4330,89.000000,57.519638,-0.012955,0.640736,89,351.000000
4331,33.000000,55.067674,-0.019349,0.627912,33,
4332,43.000000,53.860907,0.017039,0.643217,43,
4333,175.000000,65.974816,-0.015038,0.653604,175,
4334,75.000000,66.877335,-0.012131,0.614979,75,
4335,24.000000,62.589601,0.031750,0.613633,24,
4336,69.000000,63.230641,-0.012360,0.601291,69,
4337,97.000000,66.607577,-0.041178,0.657093,97,
4338,101.000000,70.046819,-0.027376,0.658959,101,
4339,181.000000,81.142137,-0.006237,0.644359,181,
4340,55.000000,78.527924,-0.069411,0.639458,55,500.000000
4341,66.000000,77.275131,0.041970,0.623504,66,
4342,42.000000,73.747618,-0.039224,0.636213,42,
4343,115.000000,77.872856,-0.003554,0.645585,115,
4344,33.000000,73.385571,0.016582,0.628652,33,
4345,24.000000,68.447014,0.024815,0.580277,24,
4346,16.000000,63.202312,-0.033742,0.582535,16,
4347,147.000000,71.582081,-0.002471,0.652433,147,
4348,41.000000,68.523873,0.013764,0.631686,41,
4349,88.000000,70.471486,-0.060577,0.649019,88,
4350,55.000000,68.924337,0.009404,0.641314,55,436.000000
4351,100.000000,72.031903,-0.009867,0.614556,100,
4352,92.000000,74.028713,-0.033445,0.654986,92,
4353,35.000000,70.125842,0.040078,0.633817,35,
4354,145.000000,77.613258,-0.002367,0.669501,145,
4355,27.000000,72.551932,-0.086196,0.613733,27,
4356,18.000000,67.096739,-0.057888,0.614350,18,
4357,24.000000,62.787065,0.054422,0.608807,24,
4358,34.000000,59.908358,-0.026582,0.633184,34,
4359,91.000000,63.017522,-0.005738,0.660626,91,
4360,23.000000,59.015770,0.012629,0.621082,23,314.000000
4361,71.000000,60.214193,-0.020853,0.628818,71,
4362,13.000000,55.492774,0.084997,0.530506,13,
4363,29.000000,52.843496,-0.055627,0.601784,29,
4364,15.000000,49.059147,0.200107,0.561662,15,
4365,89.000000,53.053232,0.040079,0.618720,89,
4366,161.000000,63.847909,-0.008250,0.668253,161,
4367,92.000000,66.663118,0.032370,0.635065,92,
4368,193.000000,79.296806,-0.031221,0.664069,193,
4369,216.000000,92.967126,-0.030832,0.633295,216,
4370,94.000000,93.070413,-0.036214,0.628195,94,324.000000
4371,25.000000,86.263372,-0.101962,0.620971,25,
4372,58.000000,83.437035,-0.031623,0.624162,58,
4373,222.000000,97.293331,-0.028451,0.661535,222,
4374,135.000000,101.063998,-0.009896,0.646181,135,
4375,162.000000,107.157598,-0.037961,0.654662,162,
4376,128.000000,109.241838,0.018283,0.653697,128,
4377,188.000000,117.117655,0.002325,0.675483,188,
4378,24.000000,107.805889,0.062339,0.577537,24,
4379,55.000000,102.525300,0.031188,0.639260,55,
4380,28.000000,95.072770,-0.102840,0.635366,28,213.000000
4381,65.000000,92.065493,0.005248,0.646978,65,
4382,23.000000,85.158944,-0.121033,0.625984,23,
4383,21.000000,78.743049,-0.068801,0.615185,21,
4384,97.000000,80.568745,-0.062737,0.617249,97,
4385,80.000000,80.511870,-0.003494,0.646711,80,
4386,87.000000,81.160683,0.023483,0.650347,87,
4387,21.000000,75.144615,-0.200325,0.616364,21,
4388,58.000000,73.430153,-0.065055,0.646273,58,
4389,129.000000,78.987138,0.003900,0.639557,129,
4390,18.000000,72.888424,0.029625,0.595993,18,323.000000
4391,111.000000,76.699582,-0.008087,0.656637,111,
4392,55.000000,74.529624,-0.044065,0.638561,55,
4393,147.000000,81.776661,-0.037621,0.638472,147,
4394,98.000000,83.398995,0.013382,0.648661,98,
4395,32.000000,78.259096,-0.030977,0.615852,32,
4396,103.000000,80.733186,0.016247,0.637020,103,
4397,265.000000,99.159867,-0.013840,0.653982,265,
4398,50.000000,94.243881,0.003152,0.625412,50,
4399,47.000000,89.519493,-0.087421,0.647915,47,
4400,103.000000,90.867543,-0.003669,0.621532,103,500.000000
4401,37.000000,85.480789,-0.085552,0.636767,37,
4402,23.000000,79.232710,-0.030536,0.616888,23,
4403,46.000000,75.909439,-0.048123,0.613596,46,
4404,124.000000,80.718495,-0.038515,0.633439,124,
4405,107.000000,83.346646,-0.021561,0.633598,107,
4406,51.000000,80.111981,0.004321,0.638693,51,
4407,52.000000,77.300783,-0.003985,0.644394,52,
4408,22.000000,71.770705,-0.172829,0.594403,22,
4409,77.000000,72.293634,0.006739,0.634114,77,
4410,94.000000,74.464271,-0.040878,0.615301,94,235.000000
4411,38.000000,70.817844,-0.003185,0.640705,38,
4412,56.000000,69.336059,-0.025623,0.629823,56,
4413,18.000000,64.202453,0.018268,0.568437,18,
4414,56.000000,63.382208,-0.035110,0.639733,56,
4415,117.000000,68.743987,-0.039698,0.646568,117,
4416,13.000000,63.169589,0.287182,0.529113,13,
4417,55.000000,62.352630,-0.021067,0.639986,55,
4418,44.000000,60.517367,-0.067985,0.648363,44,
4419,15.000000,55.965630,0.071229,0.550411,15,
4420,86.000000,58.969067,-0.010590,0.642859,86,204.000000
4421,51.000000,58.172160,-0.005205,0.644187,51,
4422,102.000000,62.554944,-0.016901,0.631859,102,
4423,137.000000,69.999450,-0.008304,0.644441,137,
4424,62.000000,69.199505,-0.056033,0.623888,62,
4425,56.000000,67.879554,-0.090613,0.609263,56,
4426,20.000000,63.091599,0.059876,0.592112,20,
4427,34.000000,60.182439,-0.029210,0.611456,34,
4428,19.000000,56.064195,0.074643,0.579944,19,
4429,26.000000,53.057776,-0.024139,0.575663,26,
4430,130.000000,60.751998,-0.021228,0.636608,130,369.000000
4431,16.000000,56.276798,0.057915,0.559280,16,
4432,36.000000,54.249118,0.069194,0.580214,36,
4433,207.000000,69.524207,-0.014341,0.662582,207,
4434,91.000000,71.671786,-0.060043,0.653585,91,
4435,188.000000,83.304607,-0.015037,0.660445,188,
4436,11.000000,76.074147,0.212345,0.554678,11,
4437,73.000000,75.766732,-0.058393,0.654991,73,
4438,32.000000,71.390059,0.003657,0.610318,32,
4439,161.000000,80.351053,-0.023896,0.648574,161,
4440,25.000000,74.815948,0.045298,0.617930,25,500.000000
4441,17.000000,69.034353,-0.122075,0.557132,17,
4442,58.000000,67.930918,-0.039354,0.621307,58,
4443,100.000000,71.137826,-0.014152,0.635953,100,
4444,81.000000,72.124043,0.015274,0.656384,81,
4445,19.000000,66.811639,-0.036456,0.608449,19,
4446,76.000000,67.730475,-0.011191,0.655890,76,
4447,37.000000,64.657428,-0.004144,0.623240,37,
4448,142.000000,72.391685,-0.004633,0.649863,142,
4449,56.000000,70.752516,-0.004408,0.641235,56,
4450,53.000000,68.977265,-0.013003,0.639687,53,449.000000
4451,36.000000,65.679538,0.092557,0.625267,36,
4452,182.000000,77.311584,-0.000025,0.651471,182,
4453,33.000000,72.880426,0.023609,0.612688,33,
4454,183.000000,83.892383,-0.011241,0.632924,183,
4455,54.000000,80.903145,0.002633,0.626331,54,
4456,55.000000,78.312831,0.007719,0.636241,55,
4457,40.000000,74.481547,-0.029508,0.637950,40,
4458,23.000000,69.333393,-0.102681,0.602792,23,
4459,17.000000,64.100053,-0.070291,0.578132,17,
4460,23.000000,59.990048,0.033520,0.592212,23,443.000000
4461,99.000000,63.891043,0.002610,0.667121,99,
4462,28.000000,60.301939,0.028463,0.605329,28,
4463,128.000000,67.071745,-0.011824,0.656555,128,
4464,12.000000,61.564571,-0.135395,0.568021,12,
4465,142.000000,69.608113,0.004112,0.659000,142,
4466,61.000000,68.747302,0.013298,0.641093,61,
4467,42.000000,66.072572,-0.088057,0.634996,42,
4468,67.000000,66.165315,-0.040636,0.640235,67,
4469,142.000000,73.748783,-0.001703,0.661604,142,
4470,111.000000,77.473905,0.002890,0.658951,111,500.000000
4471,119.000000,81.626514,-0.009510,0.605884,119,
4472,108.000000,84.263863,-0.033698,0.635497,108,
4473,41.000000,79.937477,0.045305,0.637307,41,
4474,40.000000,75.943729,0.062920,0.627281,40,
4475,42.000000,72.549356,0.037597,0.601770,42,
4476,90.000000,74.294421,-0.007311,0.647276,90,
4477,83.000000,75.164978,0.008011,0.654993,83,
4478,224.000000,90.048481,-0.003918,0.647597,224,
4479,19.000000,82.943633,-0.094209,0.582250,19,
4480,13.000000,75.949269,-0.030998,0.570047,13,500.000000
4481,132.000000,81.554342,-0.006107,0.639112,132,
4482,171.000000,90.498908,0.009832,0.634614,171,
4483,60.000000,87.449017,-0.073819,0.646744,60,
4484,50.000000,83.704116,-0.005431,0.632439,50,
4485,104.000000,85.733704,-0.019174,0.645935,104,
4486,54.000000,82.560334,0.021137,0.636244,54,
4487,233.000000,97.604300,-0.019165,0.641352,233,
4488,41.000000,91.943870,-0.008093,0.628821,41,
4489,71.000000,89.849483,-0.002100,0.628098,71,
4490,128.000000,93.664535,0.001485,0.650347,128,500.000000
4491,16.000000,85.898081,-0.241392,0.580785,16,
4492,37.000000,81.008273,0.011349,0.639640,37,
4493,132.000000,86.107446,-0.001836,0.658269,132,
4494,209.000000,98.396701,-0.014466,0.655686,209,
4495,24.000000,90.957031,-0.123665,0.595307,24,
4496,82.000000,90.061328,-0.007888,0.655389,82,
4497,87.000000,89.755195,0.001169,0.653894,87,
4498,134.000000,94.179676,0.013815,0.641625,134,
4499,114.000000,96.161708,-0.029150,0.662638,114,
4500,41.000000,90.645537,-0.069824,0.632694,41,207.000000
4501,164.000000,97.980984,-0.001729,0.655915,164,
4502,119.000000,100.082885,0.005312,0.659341,119,
4503,16.000000,91.674597,0.065539,0.585826,16,
4504,76.000000,90.107137,-0.005989,0.644338,76,
4505,115.000000,92.596423,-0.024837,0.645514,115,
4506,51.000000,88.436781,0.014186,0.634109,51,
4507,137.000000,93.293103,-0.013676,0.668935,137,
4508,62.000000,90.163793,-0.079164,0.644309,62,
4509,41.000000,85.247413,0.046915,0.615668,41,
4510,103.000000,87.022672,-0.006187,0.661312,103,189.000000
4511,106.000000,88.920405,-0.030671,0.640569,106,
4512,74.000000,87.428364,0.009536,0.650848,74,
4513,38.000000,82.485528,-0.028940,0.647172,38,
4514,32.000000,77.436975,0.011209,0.612083,32,
4515,80.000000,77.693278,0.010474,0.644842,80,
4516,133.000000,83.223950,-0.045825,0.651189,133,
4517,19.000000,76.801555,0.104396,0.565881,19,
4518,43.000000,73.421399,-0.083885,0.640218,43,
4519,36.000000,69.679259,-0.016233,0.650881,36,
4520,44.000000,67.111333,-0.071994,0.628643,44,222.000000
4521,91.000000,69.500200,0.010445,0.656337,91,
4522,71.000000,69.650180,-0.033381,0.637439,71,
4523,97.000000,72.385162,0.008413,0.664623,97,
4524,63.000000,71.446646,-0.021988,0.649324,63,
4525,91.000000,73.401981,-0.067228,0.619211,91,
4526,12.000000,67.261783,-0.297663,0.545881,12,
4527,21.000000,62.635605,0.043257,0.595343,21,
4528,34.000000,59.772044,-0.043515,0.621898,34,
4529,33.000000,57.094840,-0.025708,0.588097,33,
4530,65.000000,57.885356,-0.050175,0.632634,65,231.000000
4531,102.000000,62.296820,-0.069540,0.654601,102,
4532,32.000000,59.267138,-0.045863,0.589837,32,
4533,18.000000,55.140424,-0.030037,0.579295,18,
4534,84.000000,58.026382,-0.020015,0.644578,84,
4535,12.000000,53.423744,0.008726,0.515756,12,
4536,167.000000,64.781369,-0.024349,0.642996,167,
4537,40.000000,62.303233,-0.020300,0.609530,40,
4538,42.000000,60.272909,0.021060,0.636147,42,
4539,63.000000,60.545618,-0.014768,0.634694,63,
4540,56.000000,60.091056,-0.035650,0.631277,56,189.000000
4541,16.000000,55.681951,-0.102612,0.581935,16,
4542,93.000000,59.413756,0.027267,0.629672,93,
4543,42.000000,57.672380,-0.010860,0.635187,42,
4544,55.000000,57.405142,-0.007376,0.633178,55,
4545,44.000000,56.064628,-0.022662,0.624220,44,
4546,32.000000,53.658165,-0.091672,0.633273,32,
4547,33.000000,51.592349,0.020734,0.590357,33,
4548,143.000000,60.733114,-0.001631,0.654254,143,
4549,20.000000,56.659802,0.010300,0.589567,20,
4550,31.000000,54.093822,-0.046669,0.611780,31,500.000000
4551,87.000000,57.384440,-0.043978,0.632657,87,
4552,55.000000,57.145996,-0.041107,0.645697,55,
4553,20.000000,53.431396,-0.227881,0.594483,20,
4554,58.000000,53.888257,-0.053085,0.646396,58,
4555,102.000000,58.699431,-0.017155,0.649400,102,
4556,59.000000,58.729488,0.042389,0.623830,59,
4557,50.000000,57.856539,0.041432,0.604862,50,
4558,72.000000,59.270885,0.048400,0.613925,72,
4559,54.000000,58.743797,-0.026653,0.630896,54,
4560,18.000000,54.669417,-0.230972,0.576246,18,204.000000
4561,144.000000,63.602475,0.013523,0.635738,144,
4562,17.000000,58.942228,-0.074568,0.557968,17,
4563,63.000000,59.348005,-0.004966,0.634354,63,
4564,32.000000,56.613205,-0.013902,0.632256,32,
4565,14.000000,52.351884,0.193739,0.569125,14,
4566,10.000000,48.116696,0.158693,0.548415,10,
4567,12.000000,44.505026,0.157482,0.569786,12,
4568,129.000000,52.954523,-0.015281,0.645978,129,
4569,76.000000,55.259071,-0.009182,0.629427,76,
4570,64.000000,56.133164,0.000014,0.635614,64,155.000000
4571,65.000000,57.019848,-0.082231,0.663789,65,
4572,8.000000,52.117863,-0.108552,0.557863,8,
4573,94.000000,56.306077,-0.000986,0.649304,94,
4574,210.000000,71.675469,-0.012088,0.655698,210,
4575,51.000000,69.607922,0.017613,0.656087,51,
4576,79.000000,70.547130,-0.055474,0.664848,79,
4577,54.000000,68.892417,-0.072727,0.641845,54,
4578,31.000000,65.103175,-0.019218,0.612952,31,
4579,30.000000,61.592858,-0.040287,0.651334,30,
4580,31.000000,58.533572,-0.053458,0.644962,31,155.000000
4581,98.000000,62.480215,-0.024273,0.646286,98,
4582,39.000000,60.132193,-0.051596,0.654011,39,
4583,14.000000,55.518974,0.056067,0.580216,14,
4584,170.000000,66.967077,-0.038949,0.644316,170,
4585,98.000000,70.070369,-0.024872,0.621092,98,
4586,58.000000,68.863332,-0.081110,0.631373,58,
4587,171.000000,79.076999,-0.041166,0.626202,171,
4588,39.000000,75.069299,-0.011912,0.615019,39,
4589,42.000000,71.762369,-0.008105,0.639611,42,
4590,39.000000,68.486132,0.019269,0.613952,39,189.000000
4591,23.000000,63.937519,-0.058703,0.589455,23,
4592,38.000000,61.343767,0.013298,0.605211,38,
4593,65.000000,61.709390,0.000594,0.621757,65,
4594,28.000000,58.338451,-0.180785,0.602956,28,
4595,203.000000,72.804606,-0.033718,0.648802,203,
4596,31.000000,68.624146,-0.191183,0.628303,31,
4597,70.000000,68.761731,-0.080856,0.644898,70,
4598,15.000000,63.385558,0.116107,0.568862,15,
4599,85.000000,65.547002,-0.007257,0.629921,85,
4600,51.000000,64.092302,-0.008381,0.629555,51,269.000000
4601,36.000000,61.283072,0.029617,0.636984,36,
4602,99.000000,65.054765,-0.000368,0.637749,99,
4603,69.000000,65.449288,-0.034088,0.639211,69,
4604,64.000000,65.304359,-0.018623,0.630814,64,
4605,54.000000,64.173923,-0.097667,0.641416,54,
4606,12.000000,58.956531,0.258431,0.549502,12,
4607,96.000000,62.660878,-0.012136,0.636435,96,
4608,143.000000,70.694790,-0.018141,0.641179,143,
4609,39.000000,67.525311,0.038188,0.623407,39,
4610,43.000000,65.072780,0.074777,0.622605,43,216.000000
4611,67.000000,65.265502,0.005153,0.614765,67,
4612,83.000000,67.038952,-0.003694,0.650597,83,
4613,69.000000,67.235057,-0.070796,0.645468,69,
4614,26.000000,63.111551,0.125630,0.603789,26,
4615,23.000000,59.100396,0.050479,0.581537,23,
4616,49.000000,58.090356,0.011055,0.630499,49,
4617,71.000000,59.381321,-0.021666,0.629278,71,
4618,28.000000,56.243189,-0.048145,0.595066,28,
4619,69.000000,57.518870,-0.028851,0.639730,69,
4620,50.000000,56.766983,-0.028269,0.641543,50,195.000000
4621,92.000000,60.290284,-0.021689,0.632555,92,
4622,39.000000,58.161256,-0.222582,0.622109,39,
4623,22.000000,54.545130,-0.057102,0.615779,22,
4624,46.000000,53.690617,-0.032208,0.644634,46,
4625,163.000000,64.621556,-0.012742,0.677490,163,
4626,75.000000,65.659400,-0.020995,0.667101,75,
4627,126.000000,71.693460,-0.003884,0.657602,126,
4628,96.000000,74.124114,-0.026234,0.631455,96,
4629,115.000000,78.211703,0.013299,0.654278,115,
4630,136.000000,83.990532,-0.018512,0.665497,136,169.000000
4631,16.000000,77.191479,0.022823,0.613121,16,
4632,154.000000,84.872331,-0.027718,0.641045,154,
4633,77.000000,84.085098,0.001738,0.658831,77,
4634,87.000000,84.376588,-0.042605,0.661592,87,
4635,50.000000,80.938929,-0.041552,0.657722,50,
4636,102.000000,83.045037,-0.056686,0.653960,102,
4637,30.000000,77.740533,-0.120646,0.618555,30,
4638,145.000000,84.466480,-0.028955,0.660758,145,
4639,314.000000,107.419832,0.002986,0.631476,314,
4640,46.000000,101.277848,-0.108424,0.625822,46,185.000000
4641,64.000000,97.550064,0.002764,0.630911,64,
4642,110.000000,98.795057,-0.003517,0.662434,110,
4643,9.000000,89.815552,0.178529,0.545449,9,
4644,19.000000,82.733996,0.118078,0.599241,19,
4645,193.000000,93.760597,-0.004315,0.646759,193,
4646,32.000000,87.584537,-0.015342,0.638545,32,
4647,22.000000,81.026083,-0.069589,0.606887,22,
4648,64.000000,79.323475,0.028438,0.607478,64,
4649,130.000000,84.391128,-0.019754,0.638079,130,
4650,46.000000,80.552015,0.017602,0.630115,46,180.000000
4651,25.000000,74.996813,0.039706,0.585656,25,
4652,32.000000,70.697132,-0.154060,0.641607,32,
4653,30.000000,66.627419,-0.019528,0.620516,30,
4654,107.000000,70.664677,0.003133,0.656056,107,
4655,110.000000,74.598209,-0.037510,0.656953,110,
4656,110.000000,78.138388,0.033930,0.617621,110,
4657,19.000000,72.224549,0.019391,0.615770,19,
4658,27.000000,67.702095,0.046386,0.631004,27,
4659,91.000000,70.031885,-0.017834,0.630375,91,
4660,72.000000,70.228697,0.007583,0.639922,72,306.000000
4661,71.000000,70.305827,-0.053023,0.637372,71,
4662,171.000000,80.375244,-0.045271,0.643572,171,
4663,99.000000,82.237720,-0.011171,0.649615,99,
4664,66.000000,80.613948,-0.019925,0.645982,66,
4665,139.000000,86.452553,-0.048862,0.659550,139,
4666,77.000000,85.507298,-0.009789,0.638433,77,
4667,58.000000,82.756568,-0.008615,0.643206,58,
4668,49.000000,79.380911,-0.034521,0.638537,49,
4669,73.000000,78.742820,-0.015187,0.647604,73,
4670,24.000000,73.268538,0.009983,0.582605,24,451.000000
4671,128.000000,78.741684,-0.027172,0.659605,128,
4672,62.000000,77.067516,-0.007555,0.633622,62,
4673,116.000000,80.960764,-0.030666,0.637033,116,
4674,64.000000,79.264688,0.025645,0.607229,64,
4675,173.000000,88.638219,-0.009949,0.650860,173,
4676,45.000000,84.274397,-0.025799,0.640914,45,
4677,25.000000,78.346957,0.098551,0.601700,25,
4678,35.000000,74.012262,-0.024133,0.621554,35,
4679,68.000000,73.411036,0.029122,0.632685,68,
4680,13.000000,67.369932,0.078545,0.551719,13,330.000000
4681,158.000000,76.432939,-0.000748,0.664785,158,
4682,100.000000,78.789645,0.006791,0.661197,100,
4683,83.000000,79.210680,0.000799,0.619546,83,
4684,179.000000,89.189612,-0.005604,0.659167,179,
4685,34.000000,83.670651,-0.121270,0.630471,34,
4686,100.000000,85.303586,-0.008644,0.615333,100,
4687,23.000000,79.073227,-0.087816,0.605552,23,
4688,248.000000,95.965905,-0.011080,0.614006,248,
4689,75.000000,93.869314,-0.057660,0.638742,75,
4690,49.000000,89.382383,0.043970,0.604060,49,500.000000
4691,114.000000,91.844145,-0.029332,0.639154,114,
4692,41.000000,86.759730,-0.023161,0.638756,41,
4693,104.000000,88.483757,-0.017873,0.631973,104,
4694,122.000000,91.835381,-0.029757,0.650362,122,
4695,124.000000,95.051843,-0.017813,0.665217,124,
4696,20.000000,87.546659,0.003028,0.599160,20,
4697,66.000000,85.391993,-0.058615,0.641214,66,
4698,95.000000,86.352794,-0.034384,0.638445,95,
4699,220.000000,99.717514,0.002222,0.664398,220,
4700,63.000000,96.045763,-0.007684,0.649899,63,500.000000
4701,38.000000,90.241187,-0.008268,0.627229,38,
4702,17.000000,82.917068,0.105505,0.573943,17,
4703,123.000000,86.925361,-0.004677,0.669758,123,
4704,52.000000,83.432825,-0.035515,0.643981,52,
4705,64.000000,81.489543,-0.039333,0.645062,64,
4706,72.000000,80.540588,0.004266,0.656884,72,
4707,56.000000,78.086529,-0.003710,0.648114,56,
4708,43.000000,74.577877,-0.113900,0.638670,43,
4709,31.000000,70.220089,0.043755,0.597680,31,
4710,90.000000,72.198080,0.009780,0.631554,90,500.000000
4711,43.000000,69.278272,-0.041259,0.630579,43,
4712,91.000000,71.450445,-0.016812,0.619209,91,
4713,25.000000,66.805400,-0.002698,0.586661,25,
4714,80.000000,68.124860,-0.031084,0.628819,80,
4715,24.000000,63.712374,-0.138954,0.611103,24,
4716,54.000000,62.741137,-0.005830,0.646371,54,
4717,32.000000,59.667023,-0.020262,0.615103,32,
4718,83.000000,62.000321,0.010849,0.638197,83,
4719,102.000000,66.000289,-0.005667,0.659266,102,
4720,15.000000,60.900260,0.030547,0.555316,15,201.000000
4721,162.000000,71.010234,-0.000499,0.654882,162,
4722,33.000000,67.209210,-0.073020,0.633959,33,
4723,22.000000,62.688289,-0.176024,0.603061,22,
4724,80.000000,64.419460,-0.004681,0.654544,80,
4725,85.000000,66.477514,-0.007167,0.634490,85,
4726,23.000000,62.129763,0.078612,0.612652,23,
4727,37.000000,59.616787,0.056221,0.635664,37,
4728,91.000000,62.755108,0.000199,0.641759,91,
4729,23.000000,58.779597,-0.061006,0.607986,23,
4730,29.000000,55.801638,0.027552,0.587892,29,219.000000
4731,52.000000,55.421474,-0.041951,0.605782,52,
4732,88.000000,58.679326,-0.016733,0.654233,88,
4733,18.000000,54.611394,-0.017842,0.595389,18,
4734,44.000000,53.550254,-0.038360,0.648872,44,
4735,58.000000,53.995229,0.032182,0.608259,58,
4736,60.000000,54.595706,0.015345,0.620025,60,
4737,48.000000,53.936135,-0.051943,0.645037,48,
4738,64.000000,54.942522,-0.008875,0.637549,64,
4739,101.000000,59.548270,-0.026809,0.659105,101,
4740,74.000000,60.993443,0.004203,0.633340,74,390.000000
4741,207.000000,75.594098,-0.005062,0.662237,207,
4742,61.000000,74.134689,-0.038972,0.639365,61,
4743,65.000000,73.221220,-0.010221,0.638487,65,
4744,122.000000,78.099098,-0.043469,0.633222,122,
4745,47.000000,74.989188,-0.019916,0.648676,47,
4746,26.000000,70.090269,0.045261,0.594807,26,
4747,70.000000,70.081242,-0.087334,0.651132,70,
4748,57.000000,68.773118,0.007447,0.648254,57,
4749,83.000000,70.195806,-0.029221,0.641147,83,
4750,127.000000,75.876226,-0.013476,0.645672,127,440.000000
4751,54.000000,73.688603,0.004014,0.643581,54,
4752,103.000000,76.619743,-0.003459,0.664154,103,
4753,43.000000,73.257768,-0.031250,0.634683,43,
4754,39.000000,69.831992,0.028272,0.643473,39,
4755,148.000000,77.648792,-0.027402,0.627561,148,
4756,84.000000,78.283913,-0.042973,0.643248,84,
4757,102.000000,80.655522,-0.005119,0.648765,102,
4758,23.000000,74.889970,0.016354,0.605090,23,
4759,137.000000,81.100973,0.005239,0.642244,137,
4760,53.000000,78.290875,-0.045345,0.615497,53,360.000000
4761,170.000000,87.461788,-0.019363,0.647737,170,
4762,39.000000,82.615609,0.007942,0.586157,39,
4763,122.000000,86.554048,-0.020096,0.657999,122,
4764,19.000000,79.798643,-0.006333,0.593934,19,
4765,156.000000,87.418779,-0.029170,0.651237,156,
4766,37.000000,82.376901,-0.043886,0.593727,37,
4767,11.000000,75.239211,0.323977,0.542934,11,
4768,16.000000,69.315290,-0.068716,0.548531,16,
4769,29.000000,65.283761,-0.008566,0.633582,29,
4770,49.000000,63.655385,-0.007860,0.596768,49,191.000000
4771,126.000000,69.889846,0.001808,0.663400,126,
4772,63.000000,69.200862,0.023169,0.649168,63,
4773,42.000000,66.480776,-0.040204,0.581394,42,
4774,111.000000,70.932698,0.003040,0.636285,111,
4775,139.000000,77.739428,0.043018,0.607800,139,
4776,24.000000,72.365485,-0.067053,0.601566,24,
4777,89.000000,74.028937,-0.009641,0.622408,89,
4778,12.000000,67.826043,-0.019458,0.599983,12,
4779,39.000000,64.943439,-0.109384,0.567055,39,
4780,127.000000,71.149095,-0.022655,0.655343,127,172.000000
4781,67.000000,70.734185,-0.041232,0.641965,67,
4782,46.000000,68.260767,0.005331,0.569345,46,
4783,39.000000,65.334690,-0.021331,0.612664,39,
4784,82.000000,67.001221,0.033873,0.639559,82,
4785,88.000000,69.101099,0.003507,0.619100,88,
4786,90.000000,71.190989,-0.031793,0.642509,90,
4787,31.000000,67.171890,0.021025,0.607840,31,
4788,105.000000,70.954701,-0.025683,0.661864,105,
4789,77.000000,71.559231,0.002539,0.596511,77,
4790,69.000000,71.303308,-0.050134,0.656987,69,172.000000
4791,171.000000,81.272977,-0.010998,0.650235,171,
4792,76.000000,80.745679,0.050470,0.638479,76,
4793,42.000000,76.871112,-0.024127,0.647767,42,
4794,31.000000,72.284000,-0.013290,0.646555,31,
4795,72.000000,72.255600,-0.075845,0.659479,72,
4796,30.000000,68.030040,0.009526,0.589960,30,
4797,52.000000,66.427036,0.010633,0.595298,52,
4798,33.000000,63.084333,-0.109752,0.634632,33,
4799,86.000000,65.375899,-0.001839,0.633509,86,
4800,16.000000,60.438309,0.111690,0.567905,16,211.000000
4801,205.000000,74.894478,0.001574,0.627821,205,
4802,48.000000,72.205031,-0.016128,0.647719,48,
4803,35.000000,68.484528,-0.097663,0.639835,35,
4804,94.000000,71.036075,-0.011479,0.629714,94,
4805,61.000000,70.032467,-0.010544,0.624734,61,
4806,90.000000,72.029221,-0.017647,0.635123,90,
4807,39.000000,68.726299,-0.036839,0.618820,39,
4808,111.000000,72.953669,-0.038569,0.631951,111,
4809,259.000000,91.558302,-0.004662,0.663027,259,
4810,112.000000,93.602472,-0.002156,0.650340,112,353.000000
4811,103.000000,94.542224,-0.023711,0.640680,103,
4812,66.000000,91.688002,-0.006054,0.622032,66,
4813,15.000000,84.019202,0.070803,0.582525,15,
4814,44.000000,80.017282,-0.012164,0.647927,44,
4815,135.000000,85.515553,-0.013799,0.648108,135,
4816,213.000000,98.263998,-0.025120,0.631694,213,
4817,98.000000,98.237598,-0.055723,0.594040,98,
4818,88.000000,97.213838,-0.013383,0.642343,88,
4819,63.000000,93.792455,0.013562,0.611360,63,
4820,23.000000,86.713209,0.069304,0.615389,23,194.000000
4821,177.000000,95.741888,-0.002120,0.658399,177,
4822,175.000000,103.667699,-0.000016,0.653691,175,
4823,55.000000,98.800929,0.018488,0.631673,55,
4824,55.000000,94.420837,-0.026818,0.605366,55,
4825,55.000000,90.478753,-0.063002,0.657991,55,
4826,48.000000,86.230878,0.058757,0.645182,48,
4827,32.000000,80.807790,-0.002165,0.600768,32,
4828,45.000000,77.227011,-0.051518,0.619256,45,
4829,83.000000,77.804310,-0.010070,0.640938,83,
4830,33.000000,73.323879,-0.006390,0.608188,33,181.000000
4831,82.000000,74.191491,0.026209,0.644751,82,
4832,18.000000,68.572342,0.071815,0.520714,18,
4833,169.000000,78.615108,-0.005483,0.642484,169,
4834,63.000000,77.053597,-0.074175,0.631097,63,
4835,99.000000,79.248237,-0.019008,0.654855,99,
4836,76.000000,78.923413,-0.104462,0.643707,76,
4837,14.000000,72.431072,0.096112,0.586817,14,
4838,20.000000,67.187965,-0.246690,0.547546,20,
4839,50.000000,65.469168,0.008629,0.648857,50,
4840,220.000000,80.922252,-0.005812,0.650470,220,184.000000
4841,58.000000,78.630026,-0.015925,0.627667,58,
4842,58.000000,76.567024,-0.016404,0.643137,58,
4843,96.000000,78.510321,-0.010995,0.647530,96,
4844,23.000000,72.959289,0.060011,0.621404,23,
4845,153.000000,80.963360,0.008609,0.651922,153,
4846,75.000000,80.367024,0.013037,0.625327,75,
4847,18.000000,74.130322,-0.417771,0.620690,18,
4848,13.000000,68.017290,-0.273750,0.591128,13,
4849,12.000000,62.415561,0.176279,0.569179,12,
4850,34.000000,59.574005,0.035339,0.628354,34,165.000000
4851,30.000000,56.616604,-0.063024,0.621479,30,
4852,31.000000,54.054944,-0.063190,0.633273,31,
4853,37.000000,52.349449,-0.026117,0.613500,37,
4854,197.000000,66.814504,-0.079294,0.648838,197,
4855,37.000000,63.833054,0.015121,0.603133,37,
4856,36.000000,61.049749,-0.110913,0.631352,36,
4857,22.000000,57.144774,0.041182,0.603453,22,
4858,30.000000,54.430296,0.011145,0.598948,30,
4859,29.000000,51.887267,0.101657,0.606561,29,
4860,55.000000,52.198540,-0.087018,0.616514,55,185.000000
4861,60.000000,52.978686,-0.039744,0.656659,60,
4862,39.000000,51.580817,0.015837,0.618834,39,
4863,37.000000,50.122736,0.070883,0.603974,37,
4864,79.000000,53.010462,-0.027577,0.643663,79,
4865,87.000000,56.409416,-0.004344,0.639463,87,
4866,118.000000,62.568474,-0.031554,0.647447,118,
4867,82.000000,64.511627,-0.001584,0.645339,82,
4868,32.000000,61.260464,-0.013686,0.621998,32,
4869,101.000000,65.234418,-0.027619,0.640852,101,
4870,25.000000,61.210976,-0.036036,0.612034,25,373.000000
4871,143.000000,69.389878,-0.015592,0.644980,143,
4872,82.000000,70.650891,0.005566,0.657130,82,
4873,22.000000,65.785802,-0.031912,0.609818,22,
4874,13.000000,60.507221,-0.159231,0.559642,13,
4875,95.000000,63.956499,-0.004733,0.652037,95,
4876,56.000000,63.160849,-0.029063,0.634790,56,
4877,92.000000,66.044764,-0.008042,0.667844,92,
4878,96.000000,69.040288,-0.014862,0.647502,96,
4879,30.000000,65.136259,0.014041,0.620079,30,
4880,56.000000,64.222633,-0.117802,0.644705,56,500.000000
4881,58.000000,63.600370,0.021568,0.635308,58,
4882,80.000000,65.240333,-0.025052,0.630875,80,
4883,34.000000,62.116300,0.010342,0.626351,34,
4884,23.000000,58.204670,-0.035760,0.568968,23,
4885,86.000000,60.984203,-0.021115,0.650398,86,
4886,18.000000,56.685782,0.030575,0.596063,18,
4887,10.000000,52.017204,0.036812,0.554641,10,
4888,71.000000,53.915484,-0.038966,0.639737,71,
4889,92.000000,57.723935,-0.006640,0.639181,92,
4890,38.000000,55.751542,0.044233,0.612341,38,308.000000
4891,30.000000,53.176388,0.028614,0.584834,30,
4892,53.000000,53.158749,-0.009647,0.644865,53,
4893,25.000000,50.342874,0.061376,0.615422,25,
4894,67.000000,52.008587,-0.089118,0.640663,67,
4895,92.000000,56.007728,-0.008013,0.666778,92,
4896,37.000000,54.106955,-0.085597,0.627957,37,
4897,103.000000,58.996260,-0.026356,0.644436,103,
4898,57.000000,58.796634,-0.009106,0.634910,57,
4899,77.000000,60.616970,0.020803,0.646364,77,
4900,33.000000,57.855273,0.052991,0.632072,33,213.000000
4901,42.000000,56.269746,-0.086946,0.626865,42,
4902,35.000000,54.142771,-0.224438,0.646396,35,
4903,44.000000,53.128494,0.015704,0.609453,44,
4904,28.000000,50.615645,-0.115254,0.631322,28,
4905,87.000000,54.254080,-0.036712,0.590607,87,
4906,14.000000,50.228672,-0.148463,0.562776,14,
4907,32.000000,48.405805,-0.024550,0.590265,32,
4908,95.000000,53.065225,0.004187,0.633001,95,
4909,53.000000,53.058702,-0.061971,0.623104,53,
4910,16.000000,49.352832,0.104201,0.592398,16,288.000000
4911,113.000000,55.717549,-0.023328,0.657564,113,
4912,42.000000,54.345794,-0.003567,0.590794,42,
4913,107.000000,59.611214,-0.064225,0.661990,107,
4914,161.000000,69.750093,-0.015677,0.646428,161,
4915,45.000000,67.275084,0.030432,0.650196,45,
4916,29.000000,63.447575,0.039934,0.576447,29,
4917,150.000000,72.102818,-0.011054,0.666742,150,
4918,22.000000,67.092536,0.056520,0.595320,22,
4919,12.000000,61.583282,0.222919,0.529215,12,
4920,116.000000,67.024954,-0.028072,0.642127,116,329.000000
4921,119.000000,72.222459,0.003862,0.645575,119,
4922,89.000000,73.900213,0.000835,0.659353,89,
4923,111.000000,77.610192,-0.043006,0.608764,111,
4924,57.000000,75.549172,-0.027776,0.636662,57,
4925,91.000000,77.094255,-0.038943,0.652892,91,
4926,59.000000,75.284830,-0.033905,0.634435,59,
4927,63.000000,74.056347,-0.019753,0.639703,63,
4928,140.000000,80.650712,-0.035018,0.652425,140,
4929,12.000000,73.785641,0.167599,0.546073,12,
4930,39.000000,70.307077,-0.017079,0.634521,39,267.000000
4931,14.000000,64.676369,-0.076364,0.552116,14,
4932,43.000000,62.508732,0.006832,0.649896,43,
4933,33.000000,59.557859,-0.058804,0.621376,33,
4934,41.000000,57.702073,-0.152343,0.591764,41,
4935,145.000000,66.431866,-0.002212,0.636815,145,
4936,111.000000,70.888679,0.007490,0.628930,111,
4937,103.000000,74.099811,-0.017520,0.644124,103,
4938,61.000000,72.789830,-0.097079,0.663723,61,
4939,11.000000,66.610847,0.168203,0.525113,11,
4940,75.000000,67.449762,0.000749,0.626130,75,215.000000
4941,147.000000,75.404786,-0.025717,0.650155,147,
4942,24.000000,70.264308,-0.113070,0.625889,24,
4943,38.000000,67.037877,0.023216,0.634332,38,
4944,30.000000,63.334089,0.052147,0.632131,30,
4945,98.000000,66.800680,-0.040680,0.632470,98,
4946,60.000000,66.120612,0.013198,0.643964,60,
4947,120.000000,71.508551,-0.006326,0.655739,120,
4948,34.000000,67.757696,-0.151169,0.627034,34,
4949,32.000000,64.181926,0.062028,0.599326,32,
4950,30.000000,60.763734,-0.030964,0.608764,30,342.000000
4951,72.000000,61.887360,-0.003685,0.649701,72,
4952,37.000000,59.398624,-0.134647,0.614389,37,
4953,138.000000,67.258762,-0.047948,0.638778,138,
4954,15.000000,62.032886,0.038385,0.595277,15,
4955,86.000000,64.429597,0.004581,0.643911,86,
4956,62.000000,64.186637,-0.049966,0.612882,62,
4957,69.000000,64.667974,0.015073,0.632455,69,
4958,61.000000,64.301176,0.015311,0.652560,61,
4959,34.000000,61.271059,-0.004782,0.647292,34,
4960,50.000000,60.143953,-0.030177,0.630855,50,219.000000
4961,51.000000,59.229558,-0.018693,0.608987,51,
4962,32.000000,56.506602,0.096409,0.600094,32,
4963,62.000000,57.055942,0.000706,0.637431,62,
4964,69.000000,58.250347,-0.027681,0.628497,69,
4965,37.000000,56.125313,-0.039176,0.642011,37,
4966,79.000000,58.412781,-0.038713,0.656894,79,
4967,19.000000,54.471503,0.151319,0.573452,19,
4968,16.000000,50.624353,0.016591,0.574435,16,
4969,59.000000,51.461918,-0.035175,0.652863,59,
4970,23.000000,48.615726,-0.103480,0.598196,23,270.000000
4971,50.000000,48.754153,-0.069936,0.628405,50,
4972,117.000000,55.578738,-0.008436,0.649939,117,
4973,60.000000,56.020864,-0.017561,0.625852,60,
4974,19.000000,52.318778,-0.005606,0.593432,19,
4975,117.000000,58.786900,-0.017201,0.616480,117,
4976,84.000000,61.308210,-0.067774,0.653641,84,
4977,134.000000,68.577389,-0.038549,0.654197,134,
4978,17.000000,63.419650,0.001949,0.598796,17,
4979,54.000000,62.477685,-0.072182,0.634188,54,
4980,50.000000,61.229917,-0.019389,0.644198,50,500.000000
4981,98.000000,64.906925,-0.000788,0.627156,98,
4982,52.000000,63.616232,-0.076467,0.631703,52,
4983,47.000000,61.954609,-0.004995,0.642640,47,
4984,109.000000,66.659148,-0.043283,0.660189,109,
4985,58.000000,65.793233,-0.098208,0.637231,58,
4986,71.000000,66.313910,-0.013428,0.629306,71,
4987,104.000000,70.082519,-0.009858,0.642050,104,
4988,99.000000,72.974267,0.003183,0.649143,99,
4989,65.000000,72.176840,-0.067195,0.602429,65,
4990,36.000000,68.559156,0.078807,0.627043,36,246.000000
4991,39.000000,65.603241,-0.079148,0.642075,39,
4992,81.000000,67.142917,-0.007165,0.630632,81,
4993,102.000000,70.628625,-0.000714,0.656132,102,
4994,86.000000,72.165763,-0.005443,0.641376,86,
4995,90.000000,73.949186,0.007453,0.639424,90,
4996,71.000000,73.654268,-0.005931,0.651152,71,
4997,14.000000,67.688841,0.033280,0.569097,14,
4998,97.000000,70.619957,-0.009185,0.659684,97,
4999,124.000000,75.957961,-0.009823,0.657328,124,
5000,99.000000,78.262165,-0.014948,0.633646,99,212.000000
